<?xml version="1.0" encoding="UTF-8" ?>
<!DOCTYPE mapper PUBLIC "-//mybatis.org//DTD Mapper 3.0//EN" "http://mybatis.org/dtd/mybatis-3-mapper.dtd" >
<mapper namespace="com.aia.case360.web.dao.AutoFileDao">

   <select id="getAutoFileRequestNoCaseId"  statementType="CALLABLE"  parameterType="java.util.Map"  resultType="com.aia.case360.web.pojo.AutoFileGetAutoFileRequestNoCaseIdResult">
      
        {call sp_get_auto_file_request_no_case_id( 
        		 #{zsCaseId,mode=IN},   
                 #{policyNo,mode=IN},   
                 #{il4DigCode,mode=IN},
                 #{docType,mode=IN},
                 #{letterDate,mode=IN}
             )}
           
	</select>
	
	<insert id="batchAddDocLinkWithNoAspect" parameterType="java.util.List" useGeneratedKeys="true" keyProperty="sRowId">
		 INSERT INTO [FD_DOC_LINK](
		 [CREATED_DT],
		 [FORM_ID],
		 [OBJECT_ID],
		 [POL_NUM],
		 [REQUEST_NUM],
		 [PROCESS_TYPE],
		 [IS_VOID],
		 [CLAIM_NO],
		 [LINKCASEID],
		 [COMPANY_NO],
		 [IS_LOGICAL],
		 [IS_MIGRATED],
		 [RECEIVED_DT],
		 [IS_DELETED],
		 LOGICAL_LINK_ID,
		 C360_LOGICAL_LINK_ID,
		 LAST_UPDATED_TIMESTAMP,
		 CREATED_BY)
		 values 
		<foreach collection="list" index="index" item="item" open=""  close="" separator=",">
        	(
        	GETDATE(),
        	<choose><when test="item.formId != null and item.formId != ''">#{item.formId},</when><otherwise>null,</otherwise></choose>
        	<choose><when test="item.objectId != null and item.objectId != ''">#{item.objectId},</when><otherwise>null,</otherwise></choose>
        	<choose><when test="item.polNum != null and item.polNum != ''">#{item.polNum},</when><otherwise>null,</otherwise></choose>
        	<choose><when test="item.requestNum != null and item.requestNum != ''">#{item.requestNum},</when><otherwise>null,</otherwise></choose>
        	<choose><when test="item.processType != null and item.processType != ''">#{item.processType},</when><otherwise>null,</otherwise></choose>
        	<choose><when test="item.isVoid != null">#{item.isVoid},</when><otherwise>null,</otherwise></choose>
        	<choose><when test="item.claimNo != null and item.claimNo != ''">#{item.claimNo},</when><otherwise>null,</otherwise></choose>
        	#{item.linkcaseid},
        	<choose><when test="item.companyNo != null and item.companyNo != ''">#{item.companyNo},</when><otherwise>null,</otherwise></choose>
        	#{item.isLogical},
        	#{item.isMigrated},
        	<choose><when test="item.receivedDt != null and item.receivedDt != ''">#{item.receivedDt},</when><otherwise>null,</otherwise></choose>
        	#{item.isDeleted},
        	<choose><when test="item.logicalLinkId != null and item.logicalLinkId != ''">#{item.logicalLinkId},</when><otherwise>null,</otherwise></choose>
        	<choose><when test="item.c360LogicalLinkId != null and item.c360LogicalLinkId != ''">#{item.c360LogicalLinkId},</when><otherwise>null,</otherwise></choose>
        	GETDATE(),
        	'OMS'
        	)
        </foreach>
	</insert>
	
	
	<insert id="insertFdDocAttrs" parameterType="java.util.List">

		<foreach close="" collection="list" index="index" item="item"
			open="" separator=";">
			INSERT
			INTO FD_DOC_ATTR(
			<if test="item.policy_no != null">POLICY_NO,</if>
			<if test="item.process_type != null">PROCESS_TYPE,</if>
			<if test="item.object_id != null">OBJECT_ID,</if>
			<if test="item.name != null">NAME,</if>
			<if test="item.formId != null">FORM_ID,</if>
			<if test="item.receivedDate != null">RECEIVED_DT,</if>
			<if test="item.companyNo != null">COMPANY_NO,</if>
			<if test="item.objectName != null">OBJECT_NAME,</if>
			<if test="item.requestNo != null">REQUEST_NO,</if>
			<if test="item.claimNo != null">CLAIM_NO,</if>
			<if test="item.batchNo != null">BATCH_NO,</if>
			SOURCE_SYSTEM_CODE,
			PAGE_INDICATOR,
			LINK_INDICATOR,
			STATUS_INDICATOR,
			CREATED_TIMESTAMP)
			VALUES(
			<if test="item.policy_no != null">#{item.policy_no,jdbcType=VARCHAR},</if>
			<if test="item.process_type != null">#{item.process_type,jdbcType=VARCHAR},</if>
			<if test="item.object_id != null">#{item.object_id,jdbcType=VARCHAR},</if>
			<if test="item.name != null">#{item.name,jdbcType=VARCHAR},</if>
			<if test="item.formId != null">#{item.formId,jdbcType=VARCHAR},</if>
			<if test="item.receivedDate != null">#{item.receivedDate,jdbcType=VARCHAR},</if>
			<if test="item.companyNo != null">#{item.companyNo,jdbcType=VARCHAR},</if>
			<if test="item.objectName != null">#{item.objectName,jdbcType=VARCHAR},</if>
			<if test="item.requestNo != null">#{item.requestNo,jdbcType=VARCHAR},</if>
			<if test="item.claimNo != null">#{item.claimNo,jdbcType=VARCHAR},</if>
			<if test="item.batchNo != null">#{item.batchNo,jdbcType=VARCHAR},</if>
			#{item.submissionChannel,jdbcType=VARCHAR},
			<if test="item.pageIndicator != null">#{item.pageIndicator,jdbcType=VARCHAR},</if>
			<if test="item.linkIndicator != null">#{item.linkIndicator,jdbcType=VARCHAR},</if>
			<if test="item.statusIndicator != null">#{item.statusIndicator,jdbcType=VARCHAR},</if>
			getDate()
			);

		</foreach>

	</insert>
	
</mapper>