<?xml version="1.0" encoding="UTF-8"?>
<!DOCTYPE mapper PUBLIC "-//mybatis.org//DTD Mapper 3.0//EN" "http://mybatis.org/dtd/mybatis-3-mapper.dtd" >
<mapper namespace="com.aia.case360.web.dao.CaseAuditDao" >

<insert id="batchCreateCaseAudit" parameterType="java.util.List">
		<foreach close="" collection="list" index="index" item="item"
			open="" separator=";">
			INSERT INTO FD_CASE_AUDITTRAIL(ACTION_DESC,CATEGORY,CREATED_BY,CREATED_TIMESTAMP,LINKCASEID,IS_LIFECYCLE)
			VALUES(#{item.action_desc},#{item.category},#{item.created_by},#{item.created_timestamp},#{item.linkCaseId},#{item.is_lifecycle})
			
		</foreach>
	</insert>
	
	<insert id="createCaseAudit" parameterType="com.aia.case360.web.pojo.CaseAuditTrailVO">	
			INSERT INTO FD_CASE_AUDITTRAIL(ACTION_DESC,CATEGORY,CREATED_BY,CREATED_TIMESTAMP,LINKCASEID,IS_LIFECYCLE)
			VALUES(#{action_desc},#{category},#{created_by},#{created_timestamp},#{linkCaseId},#{is_lifecycle})
			
	</insert>
	
	<select id="getTL" resultType="string" parameterType="string">
 	<![CDATA[ 
		{call [dbo].[sp_get_team_leaders](  
                #{userId,jdbcType=NVARCHAR,mode=IN}
             )}
         ]]>
	</select>
	
	<select id="getLevelPesonnel" resultType="string" parameterType="java.util.Map">
 	;WITH DEPARTMENT_TEAMLIST as (
		SELECT * FROM FD_UAM_COMPONENT WITH (NOLOCK) WHERE  UAM_COMPONENT_ID IN(
			SELECT UAM_COMPONENT_ID FROM FD_UAM_COMPONENT WITH (NOLOCK) WHERE UAM_COMPONENT_NAME=#{COMPONENT_NAME} AND UAM_COMPONENT_TYPE=#{COMPONENT_TYPE} AND  ISNULL(DELETE_FLAG,0)=0
			UNION ALL
			SELECT UAM_COMPONENT_ID FROM FD_UAM_USERCOMPONENT_REF WITH (NOLOCK) WHERE isnull(UAM_DELETE_FLAG, 0) =0 AND UAM_USER_ID=#{USER_ID})
		UNION ALL
		SELECT child.* FROM FD_UAM_COMPONENT AS child WITH (NOLOCK) join DEPARTMENT_TEAMLIST as parent on child.UAM_COMPONENT_PARENTID=parent.UAM_COMPONENT_ID and ISNULL(child.delete_flag,0)=0
	) 
	SELECT UCR.UAM_USER_ID FROM DEPARTMENT_TEAMLIST as DTL left join FD_UAM_USERCOMPONENT_REF ucr WITH (NOLOCK) on ucr.UAM_COMPONENT_ID = DTL.UAM_COMPONENT_ID 
	WHERE  isnull(ucr.UAM_DELETE_FLAG, 0) =0 AND isnull(DTL.DELETE_FLAG, 0) =0 
	<if test="USER_POSITION != null and USER_POSITION != 'MEMBER' ">
			and	ucr.UAM_USER_POSITION !='MEMBER'
	</if>
	<if test="USER_POSITION != null and USER_POSITION == 'MEMBER' ">
			and	ucr.UAM_USER_POSITION ='MEMBER'
	</if>
	
	GROUP BY UCR.UAM_USER_ID
	</select>
	
</mapper>