<?xml version="1.0" encoding="UTF-8" ?>
<!DOCTYPE mapper PUBLIC "-//mybatis.org//DTD Mapper 3.0//EN" "http://mybatis.org/dtd/mybatis-3-mapper.dtd" >
<mapper namespace="com.aia.case360.web.dao.SonoraConfigInfoDao">

	<select id="queryPolicyInfoByReqNum" resultType="com.aia.case360.web.pojo.CaseAndPolInfo"
		parameterType="java.util.Map">
		select po.casefolderId,
		po.requestNum,po.policyNum,po.clmNum,fwc.[CLIENT_ID] as
		clientId,CONVERT(nvarchar, DecryptByKeyAutoAsymKey (
		AsymKey_ID('NRIC_AKey') , NULL ,dbo.hexstr2varbin(fwc.[NRIC]))) as
		nric ,fwc.[POL_ROLE] as polRole
		from
		(SELECT cf.[CASEFOLDERID] as
		casefolderId,cf.REQUEST_NUM as
		requestNum,fw.POL_NUM as
		policyNum,cf.CLAIM_NO as clmNum
		FROM
		[dbo].[CF_WORK] cf WITH(NOLOCK) left join[dbo].[FD_WCF_LINK] fw
		WITH(NOLOCK) on (cf.REQUEST_NUM=fw.REQUEST_NUM and
		cf.casefolderid=fw.linkcaseid)
		<if test="REQUEST_NUM != null  and REQUEST_NUM != ''">
			where cf.REQUEST_NUM =#{REQUEST_NUM} and fw.IS_DELETED=0
		</if>
		) po

		left join [dbo].[FD_WCF_CLIENT] fwc WITH(NOLOCK) on
		(po.CASEFOLDERID=fwc.LINKCASEID and po.policyNum=fwc.POL_NUM)
	</select>

	<select id="queryBatchFile" resultType="java.util.Map"
		parameterType="java.util.Map">
		SELECT FILE_NM FROM [dbo].[FD_BATCH_CREATION_SUMMARY]
		WITH(NOLOCK)
		where FILE_NM=#{fileName} and
		FILE_UPDATE_TIMESTAMP=#{fileUpdateTime}
	</select>

	<select id="doDecrementCounterSybase" statementType="CALLABLE" parameterType="java.util.Map">
		{call
		db_inw..po_pm_decrement_counter(#{COMPANY_NO,mode=IN},
		#{POL_NUM,mode=IN},
		'System',
		#{counter,mode=OUT,jdbcType=INTEGER}
		)}
	</select>

	<select id="queryFSCCodeByPolicyNo" parameterType="java.util.Map"
		resultType="String">
		SELECT POL_NUM FROM [dbo].[FD_PRIORITY_POL_DATA]
		WITH(NOLOCK)
		where POL_NUM=#{POL_NUM}
	</select>
	<update id="updateFSCCodeByPolicyNo">
		update
		FD_PRIORITY_POL_DATA
		set
		FSC_CODE =#{FSC_CODE} , TSAR
		=#{TSAR},COMPANYNO=#{COMPANYNO},AGENCY_LOCATION=#{AGENCY_LOCATION}
		where POL_NUM=#{POL_NUM}
	</update>

	<select id="getLocation" parameterType="java.lang.String"
		resultType="java.lang.String">

		SELECT [dbo].[f_getAgencyLocation] (#{buildCode})

	</select>
	
	<select id="findUWParentCaseAsignByCaseid" parameterType="java.lang.String"
		resultType="java.lang.String">
		SELECT TOP 1 PROCESSOR From FD_WORKSTEP_HISTORY  WITH(NOLOCK) 
		WHERE LINKCASEID = #{caseId}
 		AND WORKSTEP_LABEL in ('Processing and underwriting','HNW Processing') 
 		ORDER BY S_ROWID DESC
	</select>
</mapper>