<?xml version="1.0" encoding="UTF-8" ?>
<!DOCTYPE mapper PUBLIC "-//mybatis.org//DTD Mapper 3.0//EN" "http://mybatis.org/dtd/mybatis-3-mapper.dtd" >
<mapper namespace="com.aia.case360.web.dao.CaseCommonDao">

	<resultMap id="CloseReasonResultMap" type="com.aia.case360.web.pojo.CaseCloseReason" >
	    <result column="ACL" property="acl" jdbcType="NVARCHAR" />
		<result column="S_ROWID" property="sRowid" jdbcType="DECIMAL" />
		<result column="CLOSE_REASON" property="closeReason" jdbcType="NVARCHAR" />
		<result column="DEPARTMENT" property="department" jdbcType="NVARCHAR" />
		<result column="IS_SYSTEM" property="isSystem" jdbcType="SMALLINT" />
	</resultMap>
	
	<sql id="Closereason_Column_List">
		ACL,S_ROWID,CLOSE_REASON,DEPARTMENT,IS_SYSTEM
  	</sql>
	
	<select id="getCloseReasonByDept" resultType="String" parameterType="String">
		SELECT CLOSE_REASON FROM FD_CLOSE_REASON with(nolock) WHERE DEPARTMENT =#{dept} order by CLOSE_REASON
	</select>
	
	<select id="getCloseReason" resultMap="CloseReasonResultMap">
		select    <include refid="Closereason_Column_List" />	FROM FD_CLOSE_REASON where 1=1
		<if test="sRowid!=null and sRowid!=''">
       		and S_ROWID=#{sRowid}
       	</if>
       	<if test="closeReason!=null and closeReason!=''">
       		and CLOSE_REASON=#{closeReason}
       	</if>
       	<if test="department!=null and department!=''">
       		and DEPARTMENT=#{department}
       	</if>
    	<if test="isSystem!=null and isSystem!=''">
       		and IS_SYSTEM=#{isSystem}
       	</if>
	</select>
	
	<update id="batchUpdateAvailableStep" parameterType="java.util.List">
		
		<foreach collection="list" separator=";" item="cas"> 
			update FD_CASE_AVAILABLE_STEPS
			<set >
		      	<if test="cas.dataValue != null" >DATA_VALUE = #{cas.dataValue},</if>
				<if test="cas.createdBy != null">CREATED_BY = #{cas.createdBy},</if>
				<if test="cas.lastUpdatedBy != null">LAST_UPDATED_BY = #{cas.lastUpdatedBy},</if>
				<if test="cas.createdTimestamp != null">CREATED_TIMESTAMP = #{cas.createdTimestamp},</if>
				<if test="cas.lastUpdatedTimestamp != null">LAST_UPDATED_TIMESTAMP = #{cas.lastUpdatedTimestamp},</if>
	    	</set>
	    	where LINKCASEID = #{cas.linkcaseid} 
			AND AVAILABLE_STEP = #{cas.availableStep}
			AND VERSION_NUM = (select top 1 VERSION_NUM from CF_WORK with (nolock) where CASEFOLDERID = #{cas.linkcaseid}) 
		</foreach>  
	</update>
	
	<select id="getDroolsParam" resultType="java.util.HashMap" parameterType="string">
		 SELECT TOP(1)
			c.REQ_TYPE  ,
			c.REQ_TYPE_GRP  ,
			c.REPOSITORY_KEY ,
			c.VERSION_NUM,
			p.WFWORKSTEPNAME
			FROM  PI_WORK p , CF_WORK c
			WHERE   LINKCASEID = #{linkcaseid} and LINKCASEID = CASEFOLDERID
	</select>
</mapper>