<?xml version="1.0" encoding="UTF-8" ?>
<!DOCTYPE mapper PUBLIC "-//mybatis.org//DTD Mapper 3.0//EN" "http://mybatis.org/dtd/mybatis-3-mapper.dtd" >
<mapper namespace="com.aia.case360.web.dao.ClaimNoDao" >
<select id="queryClaimNo" resultType="com.aia.case360.web.pojo.ClaimNo" parameterType="com.aia.case360.web.pojo.DocListOMSParameter">
select
       a.OBJECT_ID as objectId,
        wl.MCLM_NUM as mClaimNo,
        wl.POL_NUM as policyNo,
        wl.SUB_CLAIM_NO as subClaimNo
      from FD_DOC_LINK a,FD_DOC_ATTRIBUTES b,FS_DOCUMENTS c,FD_FORM_DEFINITION d,CF_WORK cf,FD_WCF_LINK wl
      where a.OBJECT_ID=b.OBJECT_ID
            and b.OBJECT_ID=c.OBJECT_ID
            and a.FORM_ID=d.FORM_ID
            and cf.CASEFOLDERID=a.LINKCASEID    
            and cf.CASEFOLDERID=wl.LINKCASEID	
<if test="companyNo!=null">
 and a.COMPANY_NO=#{companyNo}
</if>
<if test="policyNo!=null">
 and a.POL_NUM=#{policyNo}
</if>
<if test="dateFrom!=null">
 and a.RECEIVED_DT &gt;= #{dateFrom}
</if>
<if test="dateTo!=null">
 and a.RECEIVED_DT &lt;= #{dateTo}
</if> 
<if test="formId!=null">
 and a.FORM_ID in 
 <foreach collection="formId" index="index" item="item" open="(" separator="," close=")">  
        #{item}  
  </foreach>  
</if>

<if test="processName!=null">
and cf.LOB in 
<foreach collection="processName" index="index" item="item" open="(" separator="," close=")">  
        #{item}  
  </foreach>  
</if>
</select>  
</mapper>