<?xml version="1.0" encoding="UTF-8" ?>
<!DOCTYPE mapper PUBLIC "-//mybatis.org//DTD Mapper 3.0//EN" "http://mybatis.org/dtd/mybatis-3-mapper.dtd" >
<mapper namespace="com.aia.case360.web.dao.ClaimInfoDao">

	<select id="queryCaseClaimInfo" resultType="com.aia.case360.web.pojo.FdClaimInfo"  parameterType = "string">
		SELECT 
	      [CHILD_CLAIM_NO]   childClaimNo,
	       [CLAIM_DECISION]  claimDecision  , 
	       [CLAIM_NO] claimNO  ,
	       [CLAIM_STATUS]  claimStatus,
	       [CREATED_BY] createdBy ,
	       [CREATED_TIMESTAMP] createdTimestamp ,
	       [LAST_UPDATED_BY]  lastUpdatedBy,
	       [LAST_UPDATED_TIMESTAMP]  lastUpdatedTimestamp,
	       [LINKCASEID] linkCaseId ,
	       [PRE_DECISION] preDecision ,
	       [S_ROWID] sRowId ,
	       [PRE_DECISION_STATUS] preDecisionStatus ,
	       [POL_NUM] polNum ,
	       [CLAIM_NO_CATEGORY]  claimNoCategory ,
	       [IS_HSG] isHSG ,
	       [IS_IL] isIL ,
	       [INSURED_ID] insuredId ,
	       [INSURED_NAME]  insuredName,
	       [IS_DELETED] isDeleted ,
	       [SOURCE] source ,
	       [CLAIM_TYPE] claimType, 
	       [insured_nric] insuredNric 
		FROM FD_CLAIM_INFO WHERE LINKCASEID = #{linkCaseId} and IS_DELETED = 0 
		
	</select>
	
	<insert id="insertOneFdClaimInfo"  parameterType="com.aia.case360.web.pojo.FdClaimInfo">
		INSERT INTO [FD_CLAIM_INFO]
           (
           [CHILD_CLAIM_NO]
           ,[CLAIM_DECISION]
           ,[CLAIM_NO]
           ,[CLAIM_STATUS]
           ,[CREATED_BY]
           ,[CREATED_TIMESTAMP]
           ,[LAST_UPDATED_BY]
           ,[LAST_UPDATED_TIMESTAMP]
           ,[LINKCASEID]
           ,[PRE_DECISION]
           ,[PRE_DECISION_STATUS]
           ,[POL_NUM]
           ,[CLAIM_NO_CATEGORY]
           ,[IS_HSG]
           ,[IS_IL]
           ,[INSURED_ID]
           ,[INSURED_NAME]
           ,[IS_DELETED]
           ,[SOURCE]
           ,[CLAIM_TYPE]
           ,insured_nric )
     VALUES
           (
           #{childClaimNo},
           #{claimDecision},
           #{claimNo},
           #{claimStatus},
           #{createdBy},
           #{createdTimestamp},
           #{lastUpdatedBy},
           #{lastUpdatedTimestamp},
           #{linkCaseId},
           #{preDecision},
           #{preDecisionStatus},
           #{polNum},
           #{claimNoCategory},
           #{isHSG},
           #{isIL},
           #{insuredId},
           #{insuredName},
           #{isDeleted},
           #{source},
           #{claimType},
           #{insuredNric}
		)
	</insert>
	
	<select id="isFdClaimInfoExist" resultType="int"  parameterType = "com.aia.case360.web.pojo.FdClaimInfo">
		
		select ISNULL((
			SELECT TOP(1) 1 from fd_claim_info 
		<where>
			 IS_DELETED = 0 
			 
			<if test="linkCaseId != null and linkCaseId != '' ">
				AND LINKCASEID = #{linkCaseId}
			</if>
			<if test="polNum != null and polNum != '' ">
				AND POL_NUM = #{polNum}
			</if>
			<if test="claimNo != null and claimNo != '' ">
				AND CLAIM_NO = #{claimNo}
			</if> 
			<if test="childClaimNo != null and childClaimNo != '' ">
				AND CHILD_CLAIM_NO = #{childClaimNo}
			</if>
			
		</where>
	 
		), 0)
	</select>
	
	<update id="updateFdClaimInfo" parameterType="com.aia.case360.web.pojo.FdClaimInfo">
	
		UPDATE FD_CLAIM_INFO SET
            [CLAIM_DECISION] = #{claimDecision}
           ,[CLAIM_STATUS] = #{claimStatus}
           ,[LAST_UPDATED_TIMESTAMP] =  getDate()
           ,[PRE_DECISION] = #{preDecision} 
           ,[PRE_DECISION_STATUS] = #{preDecisionStatus}
           ,[CLAIM_TYPE] = #{claimType}
            
		WHERE IS_DELETED = 0
		<if test="polNum != null and polNum != '' ">
			AND POL_NUM = #{polNum}
		</if>
		<if test="claimNo != null and claimNo != '' ">
			AND CLAIM_NO = #{claimNo}
		</if>
		<if test="childClaimNo != null and childClaimNo != '' ">
			AND CHILD_CLAIM_NO = #{childClaimNo}
		</if>
		<if test="linkCaseId != null and linkCaseId != '' ">
			AND LINKCASEID = #{linkCaseId}
		</if>
	</update>
	
	
	<!-- deleteFdClaimInfo -->
	<update id="deleteFdClaimInfo" parameterType="com.aia.case360.web.pojo.FdClaimInfo">
		UPDATE
		FD_CLAIM_INFO SET IS_DELETED = 1 
		
		WHERE IS_DELETED = '0'
		<if test="polNum != null and polNum != '' ">
			AND POL_NUM = #{polNum}
		</if>
		<if test="claimNo != null and claimNo != '' ">
			AND CLAIM_NO = #{claimNo}
		</if>
		<if test="childClaimNo != null and childClaimNo != '' ">
			AND CHILD_CLAIM_NO = #{childClaimNo}
		</if>
		<if test="linkCaseId != null and linkCaseId != '' ">
			AND LINKCASEID = #{linkCaseId}
		</if>
	</update>
	
	<update id="updateClaimDC" parameterType="com.aia.case360.web.pojo.FdClaimInfo" >
		 
		UPDATE
		FD_CLAIM_INFO SET CLAIM_STATUS =  #{claimStatus},
		CLAIM_DECISION = #{claimDecision},
		[PRE_DECISION] = #{preDecision},
        [PRE_DECISION_STATUS] = #{preDecisionStatus}
        
		WHERE 1=1
		
		AND IS_DELETED = 0
		
		<if test="polNum != null and polNum != '' ">
			AND POL_NUM = #{polNum}
		</if>
		<if test="claimNo != null and claimNo != '' ">
			AND CLAIM_NO = #{claimNo}
		</if>
		<if test="childClaimNo != null and childClaimNo != '' ">
			AND CHILD_CLAIM_NO = #{childClaimNo}
		</if>
		<if test="linkCaseId != null and linkCaseId != '' ">
			AND LINKCASEID = #{linkCaseId}
		</if>
	 
	</update>
	
	
	<select id="getClaimDecisionCategory" resultType="string"  parameterType = "string">
		select  isnull(CLAIM_DECISION,'')
			
			from  FD_CLAIM_INFO 
			 
			where 1=1 
			
			AND is_deleted = 0
			AND linkcaseid =  #{linkcaseid}
			group by CLAIM_DECISION
	
	</select>
	
	<select id="getPreDecisionCategory" resultType="string"  parameterType = "string">
		
		select  isnull(PRE_DECISION,'')
		
			from  FD_CLAIM_INFO WITH(NOLOCK) 
			
			where 1=1 
			AND is_deleted = 0
			AND  linkcaseid=  201834
			group by PRE_DECISION
	
	</select>
	
	<update id="updateCaseDC" parameterType="map" >
		 
		 update FD_CASE_AVAILABLE_STEPS set data_value = #{caseDC} , last_updated_by = #{lastUpdatedBy},last_updated_timestamp = getdate()  
			where 1=1
			and available_step = #{availableStep}  
			and linkcaseid = #{linkcaseid}  
			 
	</update>
	
	<select id="isNricLocalExist" resultType="int"
		parameterType="map">
		select ISNULL((
			SELECT TOP(1) 1 from fd_claim_info 
		<where>
			 IS_DELETED = 0 
			 
			<if test="linkcaseid != null and linkcaseid != '' ">
				AND LINKCASEID = #{linkcaseid}
			</if>
			<if test="insuredNric != null and insuredNric != '' ">
				AND INSURED_NRIC = #{insuredNric}
			</if>
			 
		</where>
	 
		), 0)
	</select>
	<select id="queryLocalClaimNo" resultType="com.aia.case360.web.pojo.FdClaimInfo"
		parameterType="map">
				SELECT 
			      isnull([CHILD_CLAIM_NO],'')   childClaimNo,
			       [CLAIM_DECISION]  claimDecision  , 
			       isnull([CLAIM_NO],'') claimNO  ,
			       [CLAIM_STATUS]  claimStatus,
			       [CREATED_BY] createdBy ,
			       [CREATED_TIMESTAMP] createdTimestamp ,
			       [LAST_UPDATED_BY]  lastUpdatedBy,
			       [LAST_UPDATED_TIMESTAMP]  lastUpdatedTimestamp,
			       [LINKCASEID] linkCaseId ,
			       [PRE_DECISION] preDecision ,
			       [S_ROWID] sRowId ,
			       [PRE_DECISION_STATUS] preDecisionStatus ,
			       [POL_NUM] polNum ,
			       [CLAIM_NO_CATEGORY]  claimNoCategory ,
			       [IS_HSG] isHSG ,
			       [IS_IL] isIL ,
			       [INSURED_ID] insuredId ,
			       [INSURED_NAME]  insuredName,
			       [IS_DELETED] isDeleted ,
			       [SOURCE] source ,
			       [CLAIM_TYPE] claimType, 
			       [insured_nric] insuredNric
				FROM FD_CLAIM_INFO  
		<where>
			 IS_DELETED = 0
			 
			<if test="linkcaseid != null and linkcaseid != '' ">
				AND LINKCASEID = #{linkcaseid}
			</if>
			<if test="source != null and source != '' ">
				AND SOURCE = #{source}
			</if>
			<if test="insuredNric != null and insuredNric != '' ">
				AND INSURED_NRIC in #{insuredNRICList}
			</if>
			 
		</where>
	</select>
	
	<select id="queryNonILLocalClaimNo" resultType="com.aia.case360.web.pojo.FdClaimInfo"
		parameterType="map">
				SELECT 
			      isnull( CHILD_CLAIM_NO ,'')   childClaimNo,
			        CLAIM_DECISION   claimDecision  , 
			       isnull( CLAIM_NO ,'') claimNO  ,
			        CLAIM_STATUS   claimStatus,
			        CREATED_BY  createdBy ,
			         
			        LAST_UPDATED_BY   lastUpdatedBy,
			         
			        LINKCASEID  linkCaseId ,
			        PRE_DECISION  preDecision ,
			        S_ROWID  sRowId ,
			        PRE_DECISION_STATUS  preDecisionStatus ,
			        POL_NUM  polNum ,
			        CLAIM_NO_CATEGORY   claimNoCategory ,
			        IS_HSG  isHSG ,
			        IS_IL  isIL ,
			        INSURED_ID  insuredId ,
			        INSURED_NAME   insuredName,
			        IS_DELETED  isDeleted ,
			        SOURCE  source ,
			        CLAIM_TYPE  claimType, 
			        insured_nric  insuredNric
				FROM FD_CLAIM_INFO  
		<where>
			 IS_DELETED = 0
			 
			<if test="linkcaseid != null and linkcaseid != '' ">
				AND LINKCASEID = #{linkcaseid}
			</if>
			<if test="source != null and source != '' ">
				AND SOURCE != #{source}
			</if>
			
			 
		</where>
	</select>
	 
	
	<select id="queryClaimNoByNric" resultType="String"
		parameterType="map">
				SELECT 
					[CLAIM_NO]   
			        + '-' +  replace(pol_num,' ','') 
				FROM FD_CLAIM_INFO  
		<where>
			 IS_DELETED = 0
			 
			<if test="linkcaseid != null and linkcaseid != '' ">
				AND LINKCASEID = #{linkcaseid}
			</if>
			
			<if test="insuredNric != null and insuredNric != '' ">
				AND INSURED_NRIC = #{insuredNric}
			</if>
			 
		</where>
	</select>
	<select id="queryClaimInfoByDecision" resultType="com.aia.case360.web.pojo.FdClaimInfo"
		parameterType="map">
		
		SELECT 
			      isnull([CHILD_CLAIM_NO],'')   childClaimNo,
			       [CLAIM_DECISION]  claimDecision  , 
			       isnull([CLAIM_NO],'') claimNO  ,
			       [CLAIM_STATUS]  claimStatus,
			       [CREATED_BY] createdBy ,
			       [CREATED_TIMESTAMP] createdTimestamp ,
			       [LAST_UPDATED_BY]  lastUpdatedBy,
			       [LAST_UPDATED_TIMESTAMP]  lastUpdatedTimestamp,
			       [LINKCASEID] linkCaseId ,
			       [PRE_DECISION] preDecision ,
			       [S_ROWID] sRowId ,
			       [PRE_DECISION_STATUS] preDecisionStatus ,
			       [POL_NUM] polNum ,
			       [CLAIM_NO_CATEGORY]  claimNoCategory ,
			       [IS_HSG] isHSG ,
			       [IS_IL] isIL ,
			       [INSURED_ID] insuredId ,
			       [INSURED_NAME]  insuredName,
			       [IS_DELETED] isDeleted ,
			       [SOURCE] source ,
			       [CLAIM_TYPE] claimType, 
			       [insured_nric] insuredNric
				FROM FD_CLAIM_INFO  
		<where>
			 IS_DELETED = 0
			 
			<if test="linkcaseid != null and linkcaseid != '' ">
				AND LINKCASEID = #{linkcaseid}
			</if>
		 
			<if test="claimDecision != null and claimDecision != '' ">
				AND CLAIM_DECISION = #{claimDecision}
			</if>
		</where>
		
	</select>
	
	<update id="delOriginalClaimNum"  parameterType="string">
		UPDATE
		FD_CLAIM_INFO SET IS_DELETED = 1 
		
		WHERE IS_DELETED = 0
		
		<if test="linkCaseId != null and linkCaseId != '' ">
			AND LINKCASEID = #{linkCaseId}
		</if>
	</update>
	
	<select id="queryCasePols"  resultType="string" parameterType="String">
		SELECT distinct pol_num  FROM  fd_wcf_link 
		
		where  LINKCASEID = #{linkcaseid} AND IS_DELETED = 0;
	</select>
	
	<!-- deleteFdClaimInfo -->
	<update id="delWcfLink" parameterType="com.aia.case360.web.pojo.FdWcfLink">
		UPDATE FD_WCF_LINK SET IS_DELETED = 1 
			WHERE IS_DELETED = 0 
					 
		<if test="polNum != null and polNum != '' ">
			AND POL_NUM = #{polNum}
		</if>
		<if test="clmNum != null and clmNum != '' ">
			AND CLM_NUM = #{clmNum}
		</if>
		<if test="childClaimNo != null and childClaimNo != '' ">
			AND CHILD_CLAIM_NO = #{childClaimNo}
		</if>
		<if test="linkcaseid != null and linkcaseid != '' ">
			AND LINKCASEID = #{linkcaseid}
		</if>
	</update>
	
	<select id="queryFdWcfLink" resultType="com.aia.case360.web.pojo.FdWcfLink"
		parameterType="com.aia.case360.web.pojo.FdWcfLink">
		
		SELECT 
			CLM_NUM  clmNum,
			POL_NUM  polNum,
			REQUEST_NUM  requestNum,
			LINKCASEID   linkcaseid,
			COMPANY_NO   companyNo,
			DUMMY_POLICY_FLAG  dummyPolicyFlag,
			CHILD_CLAIM_NO  childClaimNo,
			S_ROWID sRowId

		FROM FD_WCF_LINK				  
		<where>
			 IS_DELETED = 0
			 
			<if test="linkcaseid != null and linkcaseid != '' ">
				AND LINKCASEID = #{linkcaseid}
			</if>
		 
			<if test="polNum != null and polNum != '' ">
				AND POL_NUM = #{polNum}
			</if>
			<if test="clmNum != null and clmNum != '' ">
				AND CLM_NUM = #{clmNum}
			</if>
			<if test="childClaimNo != null and childClaimNo != '' ">
				AND CHILD_CLAIM_NO = #{childClaimNo}
			</if>
		</where>
		
	</select>
	
	
	
	

</mapper>