<?xml version="1.0" encoding="UTF-8" ?>
<!DOCTYPE mapper PUBLIC "-//mybatis.org//DTD Mapper 3.0//EN" "http://mybatis.org/dtd/mybatis-3-mapper.dtd" >
<mapper namespace="com.aia.case360.web.dao.CMBenchmarkDao">

  <resultMap id="benchmarkMap" type="com.aia.case360.web.vo.CMGetBenchmarksVo" >
    <id column="sRowid" property="sRowid" jdbcType="NVARCHAR" />
    <result column="benchmarkName" property="benchmarkName" jdbcType="NVARCHAR" />
    <result column="companyNo" property="companyNo" jdbcType="NVARCHAR" />
    <result column="bDepartment" property="department" jdbcType="NVARCHAR" />
    <result column="cmStatus" property="cmStatus" jdbcType="INTEGER" />
    <result column="benchmarkVolume" property="benchmarkVolume" jdbcType="INTEGER" />
    <result column="volumeRangeBottom" property="volumeRangeBottom" jdbcType="INTEGER" />
    <result column="volumeRangeTop" property="volumeRangeTop" jdbcType="INTEGER" />
    <result column="cmNoteType" property="cmNoteType" jdbcType="INTEGER" />
    <result column="createdBy" property="createdBy" jdbcType="NVARCHAR" />
    <result column="createdTimestamp" property="createdTimestamp" jdbcType="TIMESTAMP" />
    <result column="lastUpdatedBy" property="lastUpdatedBy" jdbcType="NVARCHAR" />
    <result column="lastUpdatedTimestamp" property="lastUpdatedTimestamp" jdbcType="TIMESTAMP" />
    <result column="cmType" property="cmType" jdbcType="INTEGER" />
    <collection  property="reqTypes" column="{id=sRowid,cmType=cmType}" select="getReqTypes">
    	<id column="reqType" property="reqType" jdbcType="NVARCHAR" />
	    <result column="displayName" property="displayName" jdbcType="NVARCHAR" />
	    <result column="department" property="department" jdbcType="NVARCHAR" />
	    <result column="category" property="category" jdbcType="NVARCHAR" />
    </collection >
    <collection  property="receivers" column="{id=sRowid,cmType=cmType}" select="getReceivers">
    	<id column="userId" property="userId" jdbcType="NVARCHAR" />
    	<result column="userName" property="userName" jdbcType="NVARCHAR" />
    	<result column="userTeam" property="userTeam" jdbcType="NVARCHAR" />
    </collection >
    <collection  property="formIds" column="{id=sRowid,cmType=cmType}" select="getForms">
    	<id column="formId" property="formId" jdbcType="NVARCHAR" />
    	<result column="formName" property="formName" jdbcType="NVARCHAR" />
    	<result column="formCategory" property="formCategory" jdbcType="NVARCHAR" />
    </collection >
  </resultMap>
  
  
  <sql id='getBenchmarkSql'>
        select distinct
        	b.S_ROWID sRowid,
			b.BENCHMARK_NAME benchmarkName,
			b.COMPANY_NO companyNo,
			b.DEPARTMENT bDepartment,
			b.CM_STATUS cmStatus,
			b.BENCHMARK_VOLUME benchmarkVolume,
			b.VOLUME_RANGE_BOTTOM volumeRangeBottom,
			b.VOLUME_RANGE_TOP volumeRangeTop,
			b.CM_NOTE_TYPE cmNoteType,
			b.CREATED_BY createdBy,
			b.CREATED_TIMESTAMP createdTimestamp,
			b.LAST_UPDATED_BY lastUpdatedBy,
			b.LAST_UPDATED_TIMESTAMP lastUpdatedTimestamp,
			b.CM_TYPE cmType
        from FD_CM_BENCHMARK b with(nolock)
  </sql>
  
  <select id="getReqTypes" resultType="com.aia.case360.web.vo.CMSearchReqTypeVo">
  	select * from (select distinct
  		r.REQ_TYPE reqType,
		r.DISPLAY_NAME displayName,
		r.DEPARTMENT department,
		r.CATEGORY category
  	from FD_CM_BENCHMARK_REQ q with(nolock)
	join FD_REQTYPE r with(nolock) on q.REQ_TYPE = r.REQ_TYPE
	where 0=#{cmType}
	and q.IS_DELETED=0
	and q.CM_BENCHMARK_ID=#{id}
	) t
	order by reqType
  </select>
  
  <select id="getReceivers" resultType="com.aia.case360.web.vo.CMSearchReceiverVo">
  	select * from (select distinct
  		upper(s.LOGINID) as userId,
		upper(s.DISPLAYNAME) userName,
		concat(
			(SELECT distinct STUFF(
			(SELECT ',' + CAST(T3.UAM_COMPONENT_NAME AS VARCHAR(MAX))  FROM FD_UAM_USERCOMPONENT_REF T2 left join FD_UAM_COMPONENT T3 on T3.UAM_COMPONENT_ID = t2.UAM_COMPONENT_ID WHERE T2.UAM_USER_POSITION = 'MEMBER' and upper(t1.UAM_USER_ID) = upper(t2.UAM_USER_ID) AND  (T2.UAM_DELETE_FLAG IS NULL OR T2.UAM_DELETE_FLAG != 1)   FOR XML path('')),1,1,'') componentNames FROM FD_UAM_USERCOMPONENT_REF T1 
			where upper(t1.UAM_USER_ID) = upper(c.CM_RECEIVER) AND  (T1.UAM_DELETE_FLAG IS NULL OR T1.UAM_DELETE_FLAG != 1)),'') as userTeam
  	from FD_CM_BENCHMARK_RECEIVER c with(nolock)
  	join SONORAUSERS s with(nolock) on s.LOGINID=c.CM_RECEIVER
	where c.CM_TYPE=#{cmType}
	and c.IS_DELETED=0 
	and c.CM_BENCHMARK_ID=#{id}
	) t
	order by userId
  </select>
  
  <select id="getForms" resultType="com.aia.case360.web.vo.CMFormVo">
	select 
		c.FORM_ID as formId
		,f.FORM_NM as formName
		,f.FORM_CATEGORY as formCategory
	from FD_CM_BENCHMARK_FORM c with(nolock)
	join FD_FORM_DEFINITION f on c.FORM_ID=f.FORM_ID
	WHERE 1=#{cmType}
	and c.CM_BENCHMARK_ID=#{id}
	and c.IS_DELETED=0
	and ISNULL(f.IS_DELETED,0)=0
  </select>
  

  <select id="getBenchmarks" parameterType="com.aia.case360.web.pojo.CMGetBenchmarkParam"
		resultMap="benchmarkMap">

        <include refid="getBenchmarkSql"/>
        <if test="reqType != null and !''.equals(reqType)">
        	join FD_CM_BENCHMARK_REQ r on r.CM_BENCHMARK_ID=b.S_ROWID and r.IS_DELETED=0
        </if>
        <if test="formId != null and !''.equals(formId)">
        	join FD_CM_BENCHMARK_FORM f on f.CM_BENCHMARK_ID=b.S_ROWID and f.IS_DELETED=0
        </if>
        where b.IS_DELETED=0
        and b.CM_TYPE=#{cmType}
        <if test="companyNo != null and !''.equals(companyNo)">
        	and b.COMPANY_NO=#{companyNo}
		</if>
        <if test="department != null and !''.equals(department)">
        	and b.DEPARTMENT=#{department}
        	</if>
        <if test="benchmarkName != null and !''.equals(benchmarkName)">
        	<bind name="benchmarkNamePattern" value="'%' + benchmarkName + '%'" />
        	and b.BENCHMARK_NAME like #{benchmarkNamePattern}
        </if>
        <if test="cmStatus != null and !''.equals(cmStatus)">
        	and b.CM_STATUS=#{cmStatus}
        </if>
        <if test="reqType != null and !''.equals(reqType)">
        	<bind name="reqTypePattern" value="'%' + reqType + '%'" />
        	and r.REQ_TYPE like #{reqTypePattern}
        </if>
        <if test="formId != null and !''.equals(formId)">
        	<bind name="formPattern" value="'%' + formId + '%'" />
        	and f.FORM_ID like #{formPattern}
        </if>
        order by b.COMPANY_NO,b.DEPARTMENT,b.BENCHMARK_NAME
	</select>
	
	<select id="getBenchmarkById" resultMap="benchmarkMap">
		
		<include refid="getBenchmarkSql"/>
        where b.S_ROWID=#{sRowid}
        and b.CM_TYPE=#{cmType}
	</select>
	
	<select id="checkBenchmarkNameExist" resultType="java.lang.Boolean">
		
		select case when count(*)>0 then 1 else 0 end from FD_CM_BENCHMARK b
        where b.BENCHMARK_NAME=#{benchmarkName}
        and b.CM_TYPE=#{cmType}
	</select>
	
	<select id="addBenchmark" parameterType="com.aia.case360.web.pojo.CMAddBenchmarkParam" 
			statementType="CALLABLE" resultType="java.lang.Long">
		
		<![CDATA[
           {CALL sp_cm_add_benchmark(
           #{companyNo,mode=IN,jdbcType=VARCHAR},
           #{department,mode=IN,jdbcType=VARCHAR},
           #{benchmarkName,mode=IN,jdbcType=VARCHAR},
           #{cmStatus,mode=IN,jdbcType=INTEGER},
           #{benchmarkVolume,mode=IN,jdbcType=INTEGER},
           #{volumeRangeBottom,mode=IN,jdbcType=INTEGER},
           #{volumeRangeTop,mode=IN,jdbcType=INTEGER},
           #{cmNoteType,mode=IN,jdbcType=INTEGER},
           #{userId,mode=IN,jdbcType=VARCHAR},
           #{reqTypes,mode=IN,jdbcType=VARCHAR},
           #{receivers,mode=IN,jdbcType=VARCHAR},
           #{formIds,mode=IN,jdbcType=VARCHAR},
           #{cmType,mode=IN,jdbcType=INTEGER}
           )}
       	]]>
       	
    </select>
    
    <select id="editBenchmark" parameterType="com.aia.case360.web.pojo.CMEditBenchmarkParam" 
			statementType="CALLABLE" resultType="java.lang.Long">
		
		<![CDATA[
           {CALL sp_cm_edit_benchmark(
           #{sRowid,mode=IN,jdbcType=DECIMAL},
           #{companyNo,mode=IN,jdbcType=VARCHAR},
           #{department,mode=IN,jdbcType=VARCHAR},
           #{benchmarkName,mode=IN,jdbcType=VARCHAR},
           #{cmStatus,mode=IN,jdbcType=INTEGER},
           #{benchmarkVolume,mode=IN,jdbcType=INTEGER},
           #{volumeRangeBottom,mode=IN,jdbcType=INTEGER},
           #{volumeRangeTop,mode=IN,jdbcType=INTEGER},
           #{cmNoteType,mode=IN,jdbcType=INTEGER},
           #{userId,mode=IN,jdbcType=VARCHAR},
           #{reqTypes,mode=IN,jdbcType=VARCHAR},
           #{receivers,mode=IN,jdbcType=VARCHAR},
           #{formIds,mode=IN,jdbcType=VARCHAR},
           #{cmType,mode=IN,jdbcType=INTEGER}
           )}
       	]]>
       	
    </select>
    
    <select id="checkBenchmarkNameExistWithOtherId" resultType="java.lang.Boolean">
		
		select case when count(*)>0 then 1 else 0 end from FD_CM_BENCHMARK b
        where b.BENCHMARK_NAME=#{name} and b.S_ROWID != #{id}
        and b.CM_TYPE=#{cmType}
	</select>
	
	<update id="batchUpdateBenchmarkStatus" statementType="CALLABLE" >
		
		<![CDATA[
           {CALL sp_cm_update_benchmark_status(
           #{user,mode=IN,jdbcType=VARCHAR},
           #{ids,mode=IN,jdbcType=VARCHAR},
           #{status,mode=IN,jdbcType=INTEGER},
           #{cmType,mode=IN,jdbcType=INTEGER}
           )}
       	]]>
	</update>
    
</mapper>