<?xml version="1.0" encoding="UTF-8" ?>
<!DOCTYPE mapper PUBLIC "-//mybatis.org//DTD Mapper 3.0//EN" "http://mybatis.org/dtd/mybatis-3-mapper.dtd" >
<mapper namespace="com.aia.case360.web.dao.CMReqTypeDao">

	<select id="searchReqType" 
			parameterType="com.aia.case360.web.pojo.CMSearchReqTypeParam" 
			resultType="com.aia.case360.web.vo.CMSearchReqTypeVo">
		
		SELECT 
			REQ_TYPE reqType,
			DISPLAY_NAME displayName,
			DEPARTMENT department,
			CATEGORY category
		FROM FD_REQTYPE with(nolock)
		WHERE 
		IS_DISABLE=0
       	<if test="department!=null and department!=''">
       		and DEPARTMENT=#{department}
       	</if>
    	<if test="category!=null and category!=''">
       		and CATEGORY=#{category}
       	</if>
       	<if test="reqType!=null and reqType!=''">
			<bind name="reqTypePattern" value="'%' + reqType + '%'" />
       		and REQ_TYPE like #{reqTypePattern}
       		and REQ_TYPE is not null
       	</if>
    </select>
    
</mapper>