<?xml version="1.0" encoding="UTF-8" ?>
<!DOCTYPE mapper PUBLIC "-//mybatis.org//DTD Mapper 3.0//EN" "http://mybatis.org/dtd/mybatis-3-mapper.dtd" >
<mapper namespace="com.aia.case360.web.dao.ContractTemplateDao">

	<!-- sync Lapse Policy info from IL -->
	<select id="queryContractTemplate"  resultType="com.aia.case360.web.pojo.ContractTemplateInfo">
	select 
          ct.S_ROWID as sRowId,
          ct.FORM_ID as formId,
          ct.OBJECT_ID as objectId,
          ct.COMPANY_NO as companyNo,
          ct.EFFECTIVE_DT as effectiveDate,
          ct.CREATED_BY as createBy,
          ct.CREATED_TIMESTAMP as createTime,
          ct.LAST_UPDATED_BY as lastUpdateBy,
          ct.LAST_UPDATED_TIMESTAMP as lastUpdateTime,
		  de.FORM_NM as formName
        from FD_CONTRACT_TEMPLATE ct 
		 LEFT join  fd_form_definition de on ct.FORM_ID= de.FORM_ID 
		 and isnull(de.is_deleted,0)=0
        where isNull(ct.IS_DELETED,0) != 1
		order by ct.EFFECTIVE_DT desc
	</select>
	
   <insert id="uploadContractTemplate" parameterType="java.util.Map">
        insert into  FD_CONTRACT_TEMPLATE (FORM_ID,OBJECT_ID,COMPANY_NO,EFFECTIVE_DT,CREATED_BY,CREATED_TIMESTAMP)
        values (#{formId},#{objectId},#{companyNo},#{effectiveDate},#{createdBy},getdate())
	</insert>
	
	<insert id="addContractTemplateAuditTrail"  parameterType="com.aia.case360.web.pojo.ContractTemplateAuditTrail">	
		INSERT INTO FD_TEMPLATE_AUDIT_TRAIL (FORM_ID,USER_ACT,COMPANY_NO,EFFECTIVE_DT,CREATED_BY,CREATED_TIMESTAMP)
        values (#{formId},#{userAction},#{companyNo},#{effectiveDate},#{createdBy},getdate())
	</insert>
	
	<insert id="batchAddContractTemplateAuditTrail"  parameterType="java.util.List">	
	 <foreach collection="list" separator=";" item="item">	
		INSERT INTO FD_TEMPLATE_AUDIT_TRAIL (FORM_ID,USER_ACT,COMPANY_NO,EFFECTIVE_DT,CREATED_BY,CREATED_TIMESTAMP)
        values (#{item.formId},#{item.userAction},#{item.companyNo},#{item.effectiveDate},#{item.createdBy},getdate())
     </foreach>
	</insert>
	
	<update id="deleteContractTemplate" parameterType="java.util.List">
	  <foreach collection="list" separator=";" item="item">	
	    UPDATE FD_CONTRACT_TEMPLATE set IS_DELETED=1,LAST_UPDATED_TIMESTAMP=getDate(),LAST_UPDATED_BY=#{item.lastUpdateBy} WHERE S_ROWID=#{item.sRowId} 
	  </foreach>
	</update>
	
	<select id="queryContractTemplateAuditTrail" parameterType="java.util.Map" resultType="com.aia.case360.web.pojo.ContractTemplateAuditTrail">
		select 
          S_ROWID as sRowId,
          FORM_ID as formId,
          COMPANY_NO as companyNo,
          EFFECTIVE_DT as effectiveDate,
          CREATED_BY as createdBy,
          CREATED_TIMESTAMP as createdTime,
          USER_ACT as userAction
        from FD_TEMPLATE_AUDIT_TRAIL
        order by CREATED_TIMESTAMP desc
	</select>
	
	<select id="getObjectId" parameterType="java.lang.String" resultType="java.lang.String"> 
         select OBJECT_ID from FS_DOCUMENTS where DOCUMENTID=#{docId}
	</select>
	

</mapper>