<?xml version="1.0" encoding="UTF-8"?>
<!DOCTYPE mapper PUBLIC "-//mybatis.org//DTD Mapper 3.0//EN" "http://mybatis.org/dtd/mybatis-3-mapper.dtd" >
<mapper namespace="com.aia.case360.web.dao.CoverSheetingDao" >
	
	<select id="queryCoverSheeting" resultType = "java.util.Map" parameterType="java.util.Map">	
			SELECT ISNULL(CW.REQUEST_NUM,'') AS requestNumber,
					 CLM_NUM = ISNULL(STUFF((
									SELECT ISNULL(FWL.CLM_NUM, '') + ISNULL(FWL.CHILD_CLAIM_NO, '')
									FOR XML PATH('')
									), 1, 0, ''), ''),
					 ISNULL(FWL.POL_NUM,'') AS policyNumber,
					 ISNULL(CW.RECEIVE_DT, '') AS receiveDate,
					 ISNULL(CW.REQ_TYPE,'') AS requestType,
					 ISNULL(PW.PROCESSOR,WH.PROCESSOR) AS assignedUser
			FROM CF_WORK CW WITH(NOLOCK)
				LEFT JOIN PI_WORK PW WITH(NOLOCK)
					ON CW.CASEFOLDERID = PW.LINKCASEID
					AND ISNULL(PW.WFSTATE, 200) IN (200,210)
				LEFT JOIN FD_WCF_LINK FWL WITH(NOLOCK)
					ON CW.CASEFOLDERID = FWL.LINKCASEID
					AND ISNULL(FWL.IS_DELETED, 0) = 0
				LEFT JOIN FD_REQTYPE FR
					ON CW.REQ_TYPE = FR.REQ_TYPE
				LEFT JOIN FD_WORKSTEP_HISTORY WH WITH(NOLOCK)
					ON CW.CASEFOLDERID=WH.LINKCASEID 
					AND CW.VERSION_NUM=WH.VERSION_NUM 
					AND WH.DESTINATION='STOP'
			WHERE ISNULL(CW.CASE_STATUS, '') IN('WIP', 'Closed', 'Cancel')
				AND CW.REQUEST_NUM IS NOT NULL
					
			<if test="COMPANY_NO != ''">
				AND CW.COMPANY_NO=#{COMPANY_NO}
			</if>
			
			<if test="DEPARTMENT != ''">
				AND CW.DEPARTMENT=#{DEPARTMENT}
			</if>

			<if test="REQUEST_NUM != '' ">
				AND CW.REQUEST_NUM= #{REQUEST_NUM}
			</if>

			<if test="CLM_NUM != ''">
				AND ISNULL(FWL.CLM_NUM,'') + ISNULL(FWL.CHILD_CLAIM_NO,'') = #{CLM_NUM}
			</if>
			
			<if test="POL_NUM != '' ">
				AND FWL.POL_NUM = #{POL_NUM}
			</if>

			<if test="CATEGORY != ''">
				AND FR.CATEGORY = #{CATEGORY}
			</if>
			
			<if test="REQ_TYPE != ''">
				AND CW.REQ_TYPE = #{REQ_TYPE}
			</if>
			
			<if test=' DATEFROM != null and DATEFROM != "" and DATECONDITION == "1" '>
				AND CONVERT(VARCHAR(10),CW.RECEIVE_DT, 111) &gt;= CONVERT(VARCHAR(10),CONVERT(DATE, #{DATEFROM}, 103), 111)
			</if>
			
			<if test=' DATETO != null and DATETO != "" and DATECONDITION == "1" '>
				AND CONVERT(VARCHAR(10),CW.RECEIVE_DT, 111) &lt;= CONVERT(VARCHAR(10),CONVERT(DATE, #{DATETO}, 103), 111)
			</if>
			
			<if test='DATECONDITION == "2"'>
				AND DATEDIFF(DAY, CW.RECEIVE_DT, GETDATE()) &lt; 90 AND CW.RECEIVE_DT &lt; GETDATE()
			</if>
			
			<if test="USERID != '' ">
				AND (WH.PROCESSOR= #{USERID} OR PW.PROCESSOR = #{USERID}) 
			</if>
			
			ORDER BY CW.RECEIVE_DT DESC
	</select>
	
	<select id="getDeptByReqType" resultType = "String" parameterType="String">	
			SELECT DEPARTMENT FROM FD_REQTYPE WHERE ISNULL(IS_DISABLE, 0) = 0 AND REQTYPE_STATUS = 'Active' AND REQ_TYPE = #{REQ_TYPE}
	</select>
	
</mapper>
