<?xml version="1.0" encoding="UTF-8" ?>
<!DOCTYPE mapper PUBLIC "-//mybatis.org//DTD Mapper 3.0//EN" "http://mybatis.org/dtd/mybatis-3-mapper.dtd" >
<mapper namespace="com.aia.case360.web.dao.DBJobDao">

	<!-- delete TempLapsePolicy table -->
	<delete id="deleteTempLapsePolicy">
		truncate table dbo.FD_TEMP_LAPSE_POLICY
	</delete>

	<!-- sync Lapse Policy info from IL -->
	<select id="syncLapsePolicyIL" resultType="com.aia.case360.web.pojo.LapsePolicyInfo"
		parameterType="com.aia.case360.web.pojo.DBJobParameter">
		select
		a.REPNUM as policyNo,
		(case a.CHDRCOY
		when '2' then '011'
		when '4' then '014'
		else '' end) as companyNo,
		a.STATCODE as policyStateCode,
		b.FUPSTAT as followupCodeStatus
		from CHDRPF a,FLUPPF b
		where a.CHDRNUM=b.CHDRNUM 
		and a.CHDRCOY=b.CHDRCOY
        and a.VALIDFLAG in ('1','3')  
		and STATCODE in ('AL','LA','ML') 
		and FUPTYPE in ('C','S')
		and	STATDATE=#{currentDate}
	</select>
	<!-- add by bsnpc65 2019-1-24  begin -->
	<select id="syncLapsePolicyODS" resultType="com.aia.case360.web.pojo.LapsePolicyInfo"
		parameterType="java.util.Map"  statementType="CALLABLE">		
		{call ${ODSSchema}.SP_DS_C360_SYNCLAPSEPOLICYIL(
            #{currentDate,mode=IN},
            #{result,mode=OUT, jdbcType=CURSOR,javaType=ResultSet,resultMap=cursorMap}
        )}
	</select>
	<resultMap type="java.util.HashMap" id="cursorMap">
	
	</resultMap>
	
	<!-- add by bsnpc65 2019-1-24  end -->
	<!-- insert TempLapsePolicy table -->
	<insert id="insertLapsePolicyList" parameterType="java.util.List">
		<foreach close="" collection="list" index="index" item="item"
			open="" separator=";">
			INSERT INTO
			dbo.FD_TEMP_LAPSE_POLICY(POL_NUM,COMPANY_NO,FOLLOWUP_CODE_STATUS,LAPSE_STATUS,CREATED_TIMESTAMP)
			VALUES(#{item.policyNo,jdbcType=VARCHAR},
			#{item.companyNo,jdbcType=VARCHAR},
			#{item.followupCodeStatus,jdbcType=VARCHAR},
			#{item.policyStateCode,jdbcType=VARCHAR},
			getDate())
		</foreach>
	</insert>

	<!-- update case status as closed in CF_WORK table for lapse policy -->
	<select id="updateLapseCaseStatus" parameterType="java.util.Map" resultType="java.lang.String">
		select distinct PIW.LINKCASEID
			from dbo.PI_WORK PIW, dbo.FD_TEMP_LAPSE_POLICY TEMP, dbo.CF_WORK CF, dbo.FD_WCF_LINK LINK, 
			dbo.FD_CASE_PENDING_REASONS pendReason
			where 
			cf.CASEFOLDERID = link.LINKCASEID
			and pendReason.LINKCASEID = PIW.LINKCASEID
			and PIW.LINKCASEID=cf.CASEFOLDERID
			and LINK.POL_NUM = TEMP.POL_NUM
			and pendReason.OBJID =  #{OBJID}
			and link.COMPANY_NO = temp.COMPANY_NO
			and isnull(TEMP.IS_DELETED,0)=0
	</select>
	<update id="updateTEMPFLAG" parameterType="java.util.List">
		update TEMP 
		set TEMP.IS_DELETED=1
		from FD_TEMP_LAPSE_POLICY TEMP left join 
		     FD_WCF_LINK LINK 
		on LINK.POL_NUM = TEMP.POL_NUM
		where isnull(TEMP.IS_DELETED,0)=0
		and  link.LINKCASEID in
		     <foreach collection="caseIds" index="index" item="caseId"
			      open="(" separator="," close=")">
			      #{caseId}
		   </foreach>
	</update>

	<!-- delete TempLapsePolicy table -->
	<delete id="deleteTempTPDCaseInfo">
		truncate table dbo.TEMP_TPD_CASE_INFO
	</delete>

	<!-- sync TPD Case info from IL -->
	<select id="syncTPDCaseInfoIL" resultType="com.aia.case360.web.pojo.TPDCaseInfo"
		parameterType="com.aia.case360.web.pojo.DBJobParameter">
		  select    
          char(a.DTEREG) as firstPhaseDate,
		 b.ZACLMMT as claimNo,
		 c.REPNUM as policyNo,
		 c.CHDRCOY as companyNo
		 from ZPMHPF a,ZPMDPF b,CHDRPF c
		where a.ZACLMMT=b.ZACLMMT
		and a.LIFCNUM=b.LIFCNUM
		and b.CHDRNUM=c.CHDRNUM
		and b.CHDRCOY=c.CHDRCOY
		and b.ZAMCLTYP='TPD'
		and trim(char(a.DTEREG))=#{date}
		and c.VALIDFLAG in('1','3')
		and a.VALIDFLAG = '1'
		and b.VALIDFLAG = '1'
	</select>

	<!-- insert TempLapsePolicy table -->
	<insert id="insertTPDCaseInfoList" parameterType="java.util.List">
		<foreach close="" collection="list" index="index" item="item"
			open="" separator=";">
			INSERT INTO
			dbo.TEMP_TPD_CASE_INFO(POL_NUM,COMPANY_NO,CLAIM_NO,FIRST_PHASE_DT,CREATE_DT)
			VALUES(#{item.policyNo,jdbcType=VARCHAR},
			#{item.companyNo,jdbcType=VARCHAR},
			#{item.claimNo,jdbcType=VARCHAR},
			#{item.firstPhaseDate,jdbcType=VARCHAR},
			getDate())
		</foreach>
	</insert>



   <!-- get UNI Policy from Case360 -->
	<select id="getUNIPolicy" resultType="java.lang.String" parameterType="java.lang.String">
	   select distinct b.POL_NUM 
	    from CF_WORK a WITH(NOLOCK),FD_WCF_LINK b WITH(NOLOCK)
	   where a.CASEFOLDERID=b.LINKCASEID and a.LOB='UNI'  and a.CASE_STATUS!='Close'
	</select>
	
	<!-- sync Inforce Policy info from IL -->
	<select id="syncPolicyStatusIL" resultType="com.aia.case360.web.pojo.UNIPolicyInfo"
		parameterType="java.util.List">
		select
		  trim(a.REPNUM) as policyNo,
		  trim(a.CHDRCOY) as companyNo,
		  trim(a.STATCODE) as policyStateCode
		  from CHDRPF a
		  where STATCODE in('IF','WD','NT','DC','PO')
		  and a.VALIDFLAG in('1','3')
		  and a.REPNUM in
		   <foreach collection="list" index="index" item="policyNo"
			      open="(" separator="," close=")">
			      #{policyNo}
		   </foreach>
	</select>

	<select id="syncExtractDeductionFilePolicyODS"  parameterType="java.util.Map" statementType="CALLABLE">
	     {call ${ODSSchema}.SP_DS_C360_SYNCEXTRACTDEDUCTIONFILEPOLICY(
    	    #{runDate,mode=IN,jdbcType=VARCHAR},
	        #{result,mode=OUT, jdbcType=CURSOR,javaType=ResultSet,resultMap=cursorMap}
	     )}
	</select>
	<select id="syncPolicyStatus4ODS" parameterType="java.util.Map" statementType="CALLABLE">
	    {call ${ODSSchema}.SP_DS_C360_SYNCPOLICYSTATUSAUTOCLOSEDCASE(
    	    #{policyNoListIL,mode=IN},
            #{companyNo,mode=IN}, 
            #{result,mode=OUT, jdbcType=CURSOR,javaType=ResultSet,resultMap=cursorMap}
	    )}
	</select>

		<select id="syncPendingCloseIL" resultType="com.aia.case360.web.pojo.PendingCloseInfo"
		parameterType="java.util.Map">
		select
		b.REPNUM as policyNo,
		b.CHDRCOY as companyNo,
		a.FUPTYPE as processCode,
		a.FUPCODE as followUpCode,
		a.FUPSTAT as followUpCode_status
		from FLUPPF a,CHDRPF b
		where b.CHDRNUM=a.CHDRNUM and b.CHDRCOY=a.CHDRCOY and a.FUPSTAT='C' and ZLSTUPDT=#{currentDate} and
		b.VALIDFLAG in('1','3')
		and b.REPNUM in
		<foreach collection="pendCloseList" index="index" item="policyNo"
			    open="(" separator="," close=")">
			    #{policyNo}
		</foreach>
		
	</select>
	
	<!-- delete TEMP_UNI_POLICY_STATUS table -->
	<delete id="deleteTempUNIPolicyStatusTable">
		truncate table dbo.TEMP_UNI_POLICY_STATUS
	</delete>
	
	
	<!-- insert TEMP_UNI_POLICY_STATUS table -->
	<insert id="insertTempUNIPolicyStatusTable" parameterType="java.util.List">
		<foreach close="" collection="list" index="index" item="item"
			open="" separator=";">
			INSERT INTO
			dbo.TEMP_UNI_POLICY_STATUS(POL_NUM,COMPANY_NO,POLICY_STATUS,CREATE_DT)
			VALUES(#{item.policyNo,jdbcType=VARCHAR},
			#{item.companyNo,jdbcType=VARCHAR},
			#{item.policyStateCode,jdbcType=VARCHAR},
			CONVERT(varchar, getDate(), 120))
		</foreach>
	</insert>
	
	<select id="getPendingCloseCase" resultType="com.aia.case360.web.pojo.UNIPolicyInfo"
		parameterType="java.util.Map">
		select 
         distinct 
         a.LINKCASEID as caseId,
         'IL CLOSE' as reason
         from  FD_WCF_LINK a WITH(NOLOCK), TEMP_PEND_CLOSE b WITH(NOLOCK) where a.POL_NUM=b.POL_NUM
	</select>
	
	<select id="getAutoCloseCase" resultType="com.aia.case360.web.pojo.UNIPolicyInfo"
		parameterType="java.util.Map">
		{ 
			call sp_getILCloseCaseList      
        } 
		
	</select>
	<select id="getAutoCloseCase4CLM" resultType="com.aia.case360.web.pojo.UNIPolicyInfo"
		parameterType="java.util.Map">
		{ 
			call sp_getILCloseCaseList4CLM     
        } 
		
	</select>
	
	<select id="getRepositoryKey" resultType="java.lang.String"  parameterType="java.lang.String">
		 { 
			call sp_getRepositorykey
			  (
                #{caseId,jdbcType=VARCHAR}
               )        
          } 
	</select>
	
	
	
	<select id="getUNICasePolicy" resultType="java.lang.String" parameterType="java.lang.String">
	   select distinct b.POL_NUM from 
          CF_WORK a WITH(NOLOCK),FD_WCF_LINK b WITH(NOLOCK) 
          where a.CASEFOLDERID=b.LINKCASEID
          and a.LOB='UNI' 
	      and a.CASE_STATUS=#{caseStatus}
	 </select>
	 
	<!-- sync Inforce Policy info from IL -->
	<select id="syncCWAdetailsIL" resultType="com.aia.case360.web.pojo.UNIPolicyInfo"
		parameterType="java.util.Map">
		 select  a.RLDGACCT, 
		          a.SACSCURBAL as cwa, 
		          a.SACSCODE as policyStateCode, 
		          a.SACSTYP, 
		          c.REPNUM as policyNo,
		          c.CHDRCOY as companyNo
		         from ACBLPF a, CHDRPF c 
		         where a.RLDGACCT=c.CHDRNUM 
		          and a.SACSCODE||a.SACSTYP in ('LPS','LPTS','LPUS')
		          and c.STATCODE in('WD','NT') 
                  and c.VALIDFLAG in('1','3')
                  and c.REPNUM in
		         <foreach collection="policyNoList" index="index" item="policyNo"
			      open="(" separator="," close=")">
			      #{policyNo}
		         </foreach>
	 </select>
	 <!--add by bsnpc65 2019-1-25 begin -->
	 <!-- sync Inforce Policy info from IL -->
	<select id="syncCWAdetailsODS" resultType="com.aia.case360.web.pojo.UNIPolicyInfo"
		parameterType="java.util.Map"  statementType="CALLABLE">
		  {call ${ODSSchema}.SP_DS_C360_GETCWADETAILSMULTI(
            #{policyNoList,mode=IN},
            #{result,mode=OUT, jdbcType=CURSOR,javaType=ResultSet,resultMap=cursorMap}
        )}
	 </select>
	 <!-- delete TEMP_UNI_POLICY_CWA table -->
	<delete id="deleteTempUNIPolicyCWAInfo">
		truncate table dbo.TEMP_UNI_POLICY_CWA
	</delete>
	
	 <!-- insert TEMP_UNI_POLICY_STATUS table -->
	<insert id="insertTempUNIPolicyCWAInfo" parameterType="java.util.List">
		<foreach close="" collection="list" index="index" item="item"
			open="" separator=";">
			INSERT INTO
			dbo.TEMP_UNI_POLICY_CWA(POL_NUM,COMPANY_NO,POLICY_STATUS,CWA,CREATE_DT)
			VALUES(#{item.policyNo,jdbcType=VARCHAR},
			#{item.companyNo,jdbcType=VARCHAR},
			#{item.policyStateCode,jdbcType=VARCHAR},
			#{item.cwa},
			CONVERT(varchar, getDate(), 120))
		</foreach>
	</insert>
	
	<select id="getReopenCase" resultType="com.aia.case360.web.pojo.UNIPolicyInfo"
		parameterType="java.lang.String">
		select 
         distinct a.LINKCASEID as caseId
        from  FD_WCF_LINK a WITH(NOLOCK), CF_WORK CF WITH(NOLOCK)
        where a.LINKCASEID=CF.CASEFOLDERID 
        AND a.POL_NUM = #{policyNo}
        AND CF.CASE_STATUS IN('Closed','Cancel')
        AND (CF.PARENT_CASE_ID IS NULL OR CF.PARENT_CASE_ID = CF.CASEFOLDERID)
        AND CF.REQ_TYPE_GRP='GRP_UNI_UW'
        AND (a.IS_DELETED IS NULL OR a.IS_DELETED = 0)
	</select>
	 
	<!-- delete TempInforcePolicy table -->
	<delete id="deleteTempExtractDeductionFilePolicy">
		truncate table dbo.TEMP_EXTRACT_DEDUCTIONFILE_POLICY
	</delete>

	<!-- sync Inforce Policy info from IL -->
	<select id="syncExtractDeductionFilePolicyIL"
		resultType="com.aia.case360.web.pojo.ExtractDeductionFilePolicyInfo"
		parameterType="com.aia.case360.web.pojo.DBJobParameter">
	<!--	
		select DISTINCT
		TRIM(a.REPNUM) as policyNo,
		TRIM(a.CHDRCOY) as companyNo,
		TRIM(a.STATCODE) as policyStateCode,
		'' as processCode
		from CHDRPF a, ZADPPF c
		where a.CHDRNUM=c.CHDRNUM 
		and a.CHDRCOY=c.CHDRCOY
		and a.CHDRCOY=2
		and c.VALIDFLAG ='1'
		and a.VALIDFLAG in ('1','3')
		and c.STATCODE='DD'
	    and c.STATCHDATE=#{currentDate}
	  -->  
  select                                        
  a.REPNUM as policyNo,                        
  a.CHDRCOY as companyNo,                      
  a.STATCODE as policyStateCode,
  '' as processCode                
  from CHDRPF a, ZADPPF b                      
  where a.CHDRNUM=b.CHDRNUM                    
    and a.chdrcoy = b.chdrcoy                      
    and (a.validflag = '1' or a.validflag = '3')   
    and b.ZADRQSTS='DD'
    and date(b.datime)=#{runDate}
    union 
    select                                        
  a.REPNUM as policyNo,                        
  a.CHDRCOY as companyNo,                      
  a.STATCODE as policyStateCode,
  '' as processCode               
  from CHDRPF a, ZATMPF b                      
  where a.CHDRNUM=b.CHDRNUM                    
    and a.chdrcoy = b.chdrcoy                      
    and a.validflag = '1'   
    and b.ZATRQSTS='SD'
    and date(b.datime)=#{runDate}
    
      <!-- date(b.datime)='2018-10-26'  -->
	</select>

	<!-- insert TempInforcePolicy table -->
	<insert id="insertExtractDeductionFilePolicyList" parameterType="java.util.List">
		<foreach close="" collection="list" index="index" item="item"
			open="" separator=";">
			INSERT INTO
			dbo.TEMP_EXTRACT_DEDUCTIONFILE_POLICY(POL_NUM,COMPANY_NO,IL_PROCESS_CODE,POLICY_STATUS,CREATE_DT)
			VALUES(#{item.policyNo,jdbcType=VARCHAR},
			#{item.companyNo,jdbcType=VARCHAR},
			#{item.processCode,jdbcType=VARCHAR},
			#{item.policyStateCode,jdbcType=VARCHAR},
			getDate())
		</foreach>
	</insert>

	<!-- sync Inforce Policy info from IL -->
	<select id="syncOnlineStatusIL" resultType="java.lang.String"
	 parameterType="com.aia.case360.web.pojo.DBJobParameter">
      SELECT DATIME_INIT from BSSCPF 
      where SCHEDULE_NAME = 'L2CRTPROP' 
      and
       TimeStamp(DATIME_INIT) > #{date}
      order by DATIME_INIT 
	</select>
	
	<!-- get policyNo from FD_SYNC_POLICY_CACHE table (SYNCSTATUS = 0) -->
	<select id="getCachePolicyNoList" resultType="com.aia.case360.web.pojo.PolicyInfoParameter">
	   SELECT distinct
	     a.POL_NUM as policyNo,
	     b.SOURCE as source,
	     b.COMPANY as companyNo,
	     'JOB' as callIndicator
         FROM FD_SYNC_POLICY_CACHE a with(NOLOCK) left join  FD_POLICY b with(NOLOCK) on a.POL_NUM=b.POL_NUM
         WHERE a.SYNCSTATUS=0  and  a.POL_NUM is not null
	</select>
	
	
	 <!-- call db_inw SP -->
	 <select id="getPolicyInfoFromSybase" statementType="CALLABLE" resultType="com.aia.case360.web.pojo.PolicyInfoFromOMS" parameterType="java.util.Map">
       <![CDATA[ 
        {call db_inw.dbo.po_oms_fixit_get_policy(  
                #{forceprint_ind,jdbcType=VARCHAR},
                #{comp_no,jdbcType=VARCHAR},
                #{queue_id,jdbcType=VARCHAR},
                #{pol_no,jdbcType=VARCHAR},
                #{date_from,jdbcType=VARCHAR},
                #{date_to,jdbcType=VARCHAR}       
             )}
         ]]>
    </select>  
<select id="getDataForRequestTypeIL" resultType="com.aia.case360.web.pojo.RequestTypeRule"
		parameterType="java.util.Map">
		SELECT DISTINCT
		TRIM(b.CNTTYPE) AS contractCode,
		'' AS componentCode,
		TRIM(g.CLNTNUM) AS clientID,
        '' AS agencyCode,
		'' AS STPStatus,
		TRIM(d.USERID) AS defaultUWID,
		<!-- TRIM(b.SRCEBUS) AS sourceOfBusiness, -->
		    '' AS SAR,
		    '' AS ULTSAR,
	    TRIM(f.BILLCHNL) AS paymentMode,
	        '' AS TSAPerLife,
	    TRIM(f.SINSTAMT06)  AS modalPremium,
	    TRIM(f.BILLFREQ) AS paymentFrequency,
        '' AS agencyLocation,
		(case b.CHDRCOY 
	           when '2' then '011'
	           when '4' then '014'
	           else '' end
	           ) as companyCode,
		TRIM(c.FUPCODE) AS followUpCode,
        TRIM(b.AGNTNUM) as agentCode ,
        TRIM(b.REPNUM) AS policyNo,
        TRIM(b.CAMPAIGN) AS campaignCode,
        TRIM(b.STATCODE) AS policyStatus,
        TRIM(h.LONGDESC) AS planName,
        i.SELECTION AS medicalCode,
        '0' AS gIO,
        j.DESCITEM as contractCodeFlag
        FROM CHDRPF b left join FLUPPF c on b.CHDRNUM=c.CHDRNUM and b.CHDRCOY =c.CHDRCOY and c.FUPCODE in ('WMD','WCC')
        left join COVRPF e on  b.CHDRNUM=e.CHDRNUM and b.CHDRCOY =e.CHDRCOY and e.VALIDFLAG = '1'
        left join (select DESCITEM from DESCPF  where LANGUAGE='E' and DESCTABL='TSN05' and DESCCOY='2') j 
        on b.CNTTYPE = j.DESCITEM,
		ZUADPF d,PAYRPF f,CLRRPF g,DESCPF h,LIFEPF i
	     	where b.CNTTYPE = h.DESCITEM and  b.CHDRCOY=h.DESCCOY 
	     	and b.CHDRNUM=d.CHDRNUM and b.CHDRCOY=d.CHDRCOY
	     	and b.CHDRNUM=f.CHDRNUM and b.CHDRCOY=f.CHDRCOY
	     	and b.CHDRNUM=i.CHDRNUM and b.CHDRCOY=i.CHDRCOY
	     	and b.CHDRNUM = SUBSTRING(g.FORENUM,1,8)
	     	and b.VALIDFLAG in ('1','3')
	     	and d.VALIDFLAG = '1'
	     	and f.VALIDFLAG = '1'
	     	and g.CLRRROLE='LF'
	     	and h.DESCTABL = 'T5688'
	    <if test="policyNos != null and  policyNos.size>0">
		    and b.REPNUM IN 
		<foreach collection="policyNos" index="index" item="policyNo"
			open="(" separator="," close=")">
			#{policyNo}
		</foreach>
		</if>
		<if test="companyNo != null  and companyNo != ''">
			and b.CHDRCOY = #{companyNo}
		</if>
		<!-- AND companyNo IN('011','014') -->
	</select>
	<select id="getDataForRequestTypeODS"
		parameterType="java.util.Map" statementType="CALLABLE">
		{call ${ODSSchema}.SP_DS_C360_SYNCREQTYPEANDPRIORITY(
            #{policyNos,mode=IN},
            #{companyNo,mode=IN}, 
            #{result,mode=OUT, jdbcType=CURSOR,javaType=ResultSet,resultMap=cursorMap}
		)}
	</select>
	<select id="getPolicyInfoForRequestTypeAndPriority" resultType="com.aia.case360.web.pojo.CaseAndPolInfo" parameterType="java.lang.String">
	     {call [dbo].[sp_get_policyinfo_for_reqtype_and_priority](
	                 #{policyNoStr,jdbcType=VARCHAR}    
             )}
	</select>
	 <!-- update FD_WCF_REQ_TYPE_RULES table -->
     <update id="updateRequestTypeAndPriority" parameterType="java.lang.String" statementType="CALLABLE" >
        { 
			call sp_update_reqtype_and_priority
			  (
                #{procedureParam,jdbcType=VARCHAR} 
               )        
        } 
      </update>
      
      <!-- count requestType and update CF_WORK requestType -->
     <select id="jobFindRequestType" statementType="CALLABLE" resultType="com.aia.case360.web.pojo.CaseDetailsInfo">
        <![CDATA[ 
        {call [dbo].[sp_find_uni_request_type]}
         ]]> 
      </select>
      <select id="getCLMPending4EFLPolicy"  statementType="CALLABLE" resultType="com.aia.case360.web.pojo.UNIPolicyInfo">
       <![CDATA[
            {call [dbo].[sp_getCLMPending4EFLPolicy]}
        ]]> 
      </select>
	<insert id="insertTempCLMPolicyStatusTable" statementType="CALLABLE"
		parameterType="com.aia.case360.web.pojo.UNIPolicyInfo">
		<foreach close="" collection="list" index="index" item="item"
			open="" separator=";">
		    INSERT INTO
			       dbo.TEMP_CLM_POLICY_STATUS(POL_NUM,COMPANY_NO,CLAIM_STATUS,CLM_NUM,CREATE_DT)
			VALUES (#{item.policyNo,jdbcType=VARCHAR},
			        #{item.companyNo,jdbcType=VARCHAR},
			        #{item.claimStatus,jdbcType=VARCHAR},
			        #{item.claimNo,jdbcType=VARCHAR},
			        CONVERT(varchar, getDate(), 120))
		</foreach>
	</insert>
      <select id="getCLMPending4EFLPolicyByODS"  statementType="CALLABLE" resultType="com.aia.case360.web.pojo.DBJobSyncInfo">
       <![CDATA[
            {call [dbo].[getCLMPending4EFLPolicy]}
        ]]> 
      </select>
      <update id="updateRequestTypeStatus" statementType="CALLABLE" parameterType="java.util.Map">
      <![CDATA[ 
        {call [dbo].[sp_update_request_status](  
                 #{CASEFOLDERID,jdbcType=NVARCHAR,mode=IN},
                 #{requestTypeStatus,jdbcType=NVARCHAR,mode=IN}
             )}
         ]]>
      </update>
      
     <select id="getSVSListOfPolicies" parameterType="java.lang.String" resultType="com.aia.case360.web.pojo.SVSCustPolicyData">
	  SELECT distinct
       ltrim(rtrim(POL_NUM)) as polNum,
       SOURCE as source,
       COMP_CODE as compNo,
       LAST_UPDATED_BY as lastUpdatedUser,
       NOTIF_STATUS as  notifStatus
      from FD_SVS_CUSTNOTIF WITH(NOLOCK)
      where NOTIF_STATUS='N' and source= #{source}
	</select>
	
	 <select id="getClientInfoIL" parameterType="java.util.Map" resultType="com.aia.case360.web.pojo.SVSCustPolicyData">
	  select     
		         t1.CHDRNUM as contractNo,
				 t1.CHDRCOY as ilCoyNo,
				 rtrim(ltrim(t1.REPNUM)) as polNum,
				 t1.AGNTNUM as agtNum, 
				 t2.CLRRROLE as clientRole, 
				 rtrim(ltrim(t3.CLNTNUM)) as clientNum, 
				 rtrim(ltrim(t3.SECUITYNO))as  NRIC,
				 rtrim(ltrim(t3.LSURNAME)) as surName ,
				 rtrim(ltrim(t3.LGIVNAME)) as giveName ,
				 rtrim(ltrim(CE.ZALTNAME)) as ownerName     
		     from     
           CHDRPF t1,  CLRRPF t2,     
           CLNTPF t3 ,  CLEXPF CE 
            where     
               t1.CHDRNUM = SUBSTRING(t2.FORENUM,1,8)     
               and t1.chdrcoy = t2.forecoy
               and t2.forepfx = 'CH'
               and t3.CLNTPFX = CE.CLNTPFX and t3.CLNTCOY = CE.CLNTCOY 
               and t3.CLNTNUM = CE.CLNTNUM     
		         and t2.CLNTNUM = t3.CLNTNUM       
		         and t2.CLRRROLE = 'DA'     	 	
	 	         and t2.USED_TO_BE = '' 
		         and t1.CHDRCOY in ('2','4','9')     
		         and t1.VALIDFLAG IN ('1' ,'3')    
				 <if test="policyNoList != null">
		         and t1.REPNUM in 
		         <foreach collection="policyNoList" index="index" item="policyNo"
			      open="(" separator="," close=")">
			      #{policyNo}
		        </foreach>
		</if>
	</select>
	
	

	<select id="confirmUDTypeIL" parameterType="java.lang.String" resultType="java.lang.String">
	   SELECT CLTPCODE from CLNTPF 
        where  CLNTNUM=#{ClientNum} 
        and VALIDFLAG = '1'    
	</select>
	
	<select id="getUDaddressForClientNumIL" parameterType="java.lang.String" resultType="com.aia.case360.web.pojo.Address">
	  select 
        rtrim(ltrim(a.CLNTNUM)) as clientNum, 
        ltrim(rtrim(a.CLTADDR01)) as cltAddr01,
	    ltrim(rtrim(a.CLTADDR02)) as cltAddr02,	
	    ltrim(rtrim(a.CLTADDR03)) as cltAddr03,
	    ltrim(rtrim(a.CLTADDR04)) as cltAddr04,
	    ltrim(rtrim(a.CLTADDR05)) as cltAddr05, 
	    ltrim(rtrim(b.CLTPCODE)) as postCode,
        a.CTRYCODE as ctryCode
	  from 
	    ZAHTPF a,CLNTPF b   
      where 
           a.CLNTNUM=b.CLNTNUM
	       and b.CLNTNUM = #{ClientNum}   
	       and b.VALIDFLAG='1'
	   
	</select>
	
 <select id="getAddressForClientNumIL" parameterType="java.lang.String" resultType="com.aia.case360.web.pojo.Address">
	SELECT 
       rtrim(ltrim(CLNTNUM)) as clientNum, 
       rtrim(ltrim(CLTADDR01)) as cltAddr01,
       rtrim(ltrim(CLTADDR02)) as cltAddr02,								
       rtrim(ltrim(CLTADDR03)) as cltAddr03,
       rtrim(ltrim(CLTADDR04)) as cltAddr04,
       rtrim(ltrim(CLTADDR05)) as cltAddr05,
       CLTPCODE as postCode,
       CTRYCODE as ctryCode,
       CLTTYPE as clientType
      FROM 
	   CLNTPF  
      WHERE 
	 CLNTNUM=#{ClientNum}  
	 and VALIDFLAG = '1' 
 </select> 
	
	
  <select id="getClientInfoHias" parameterType="java.util.Map" resultType="com.aia.case360.web.pojo.SVSCustPolicyData">
	     
	      select distinct
	           (case comp_no 
	            when '011' then '2'
	            when '014' then '4'
	            ELSE'' END) as ilCoyNo,   
	            comp_no as  compNo,     
		        ltrim(rtrim(pol_no)) as polNum,     
			    ltrim(rtrim(own_nme)) as ownerName,      
		        ltrim(rtrim(owner_id)) as clientNum,      
		        ltrim(rtrim(pay_addr1)) as cltAddr01,      
		        ltrim(rtrim(pay_addr2)) as cltAddr02,      
		        ltrim(rtrim(pay_addr3)) as cltAddr03,      
		        ltrim(rtrim(pay_addr4)) as cltAddr04, 
		        case when isnull(sagt_no_1,'') !='' and len(sagt_no_1) &gt; 5  then substring(sagt_no_1,6,len(sagt_no_1)) 
		             when isnull(sagt_no_1,'') !='' and len(sagt_no_1) &lt;= 5  then sagt_no_1
		             when (isnull(sagt_no_1,'') = '' and isnull(sagt_no_2,'') != '' and len(sagt_no_2) &gt; 5) then substring(sagt_no_2,6,len(sagt_no_2)) 
		             when (isnull(sagt_no_1,'') = '' and isnull(sagt_no_2,'') != '' and len(sagt_no_2) &lt;= 5) then sagt_no_2
		             else '' end  as agtNum        
		       from      
		         db_pa..tpa_mst  t1     
		       where    
		         t1.comp_no in ('011','014') 
		         and t1.pol_no in 
		        <foreach collection="policyNoList" index="index" item="policyNo"
			      open="(" separator="," close=")">
			      #{policyNo}
		        </foreach>
	 </select> 
	 

	 <select id="getAddressForClientNumHias" parameterType="java.lang.String" resultType="com.aia.case360.web.pojo.Address">
	    select 
	            distinct
  	   	        LTRIM(RTRIM(owner_id)) as clientNum,      
		         LTRIM(RTRIM(pay_addr1)) as cltAddr01,      
		         LTRIM(RTRIM(pay_addr2)) as cltAddr02,      
		         LTRIM(RTRIM(pay_addr3)) as cltAddr03,      
		         LTRIM(RTRIM(pay_addr4)) as cltAddr04,      
		         LTRIM(RTRIM(sagt_no_1)) as agtNum          
		       from      
		         db_pa..tpa_mst  t1   
               WHERE owner_id=#{ClientNum} 
	</select>
	
	
	<select id="getSGAgentDetailsAMS" parameterType="java.util.Map" resultType="com.aia.case360.web.pojo.AgentData">	         
      select distinct    
	    convert( varchar(15),b.building ) as building,     
	    LTRIM(RTRIM(a.s_agency_code)) as agencyCode,     
	    LTRIM(RTRIM(a.s_agency_name)) as agencyName,     
	    LTRIM(RTRIM(c.s_agent_name)) as agentName,     
	    LTRIM(RTRIM(c.s_agent_code)) as agentCode,
	    LTRIM(RTRIM(a.agency_channel)) as agencyChannel,
	    LTRIM(RTRIM(b.es_agency_building_code)) as locationCode
	  from     
	    db_agent..agency a, db_agent..aia_building b,db_agent..agent_particulars c       
	  where     
	    a.es_agency_building_code = b.es_agency_building_code     
	    and c.s_agency_code = a.s_agency_code     
	    and LTRIM( RTRIM( c.s_agent_code ) ) = #{agtNum}
	    and status = 'I'     
    </select>
    
    <select id="getBRUAgentDetailsAMS" parameterType="java.util.Map" resultType="com.aia.case360.web.pojo.AgentData">	         
        select  distinct 
		  convert( varchar(15),b.building ) as building ,     
		  a.s_agency_code as agencyCode,     
		  a.s_agency_name as agencyName,     
		  c.s_agent_name as agentName ,     
		  c.s_agent_code as agentCode,
		  a.agency_channel as agencyChannel   
		 from     
		   db_bru_agent..agency a, db_bru_agent..aia_building b ,db_bru_agent..agent_particulars c       
		 where     
		    a.es_agency_building_code = b.es_agency_building_code     
		    and status = 'I'     
		    and c.s_agency_code = a.s_agency_code    
	        and LTRIM( RTRIM( c.s_agent_code ) ) = #{agtNum}
    </select>
    
    <select id="getUserDeskHias" parameterType="java.lang.String" resultType="java.lang.String">	
      select user_desk from db_aiaconfig..tuser_info where upper(user_id)= upper(#{userId})          
    </select>
    
    <update id="updateNotificationStatus" parameterType="java.util.Map" >
		  update FD_SVS_CUSTNOTIF  
		     set  NOTIF_STATUS='S',
		          LAST_UPDATED_TIMESTAMP=getDate()
		   where  NOTIF_STATUS='N' and POL_NUM in 
		   <foreach collection="policyNoList" index="index" item="policyNo"
			      open="(" separator="," close=")">
			      #{policyNo}
		   </foreach>	   
	</update>
	
	<select id="syncILOnlineStatus4ODS" parameterType="java.util.Map" statementType="CALLABLE">

	   {call ${ODSSchema}.SP_DS_C360_CHECKILPROPOSALJOBRUNNING(
            #{currentDate,mode=IN,jdbcType=VARCHAR},
            #{result,mode=OUT, jdbcType=CURSOR,javaType=ResultSet,resultMap=cursorMap}
		)}
	</select>
	<select id="getAllUNIPolicy" resultType="java.lang.String" parameterType="java.lang.String">
	   select distinct b.POL_NUM from 
          CF_WORK a WITH(NOLOCK),FD_WCF_LINK b WITH(NOLOCK) 
          where a.CASEFOLDERID=b.LINKCASEID
          and a.LOB='UNI' 
	 </select>
	 
	<select id="syncPolicyExpireIL" resultType="java.lang.String" parameterType="int">
	<![CDATA[
	SELECT distinct varchar(C.CHDRSEL) policyNo
    FROM FLUPPF A,ITEMPF B, ZAPRPF C, ZUADPF D, CHDRPF E 
    WHERE A.FUPCODE = B.ITEMITEM AND  (    
                     A.FUPSTAT <> SUBSTRING(B.GENAREA,1,1)
                    and A.FUPSTAT <> SUBSTRING(B.GENAREA,2,1)
                    and A.FUPSTAT <> SUBSTRING(B.GENAREA,3,1)
                    and A.FUPSTAT <> SUBSTRING(B.GENAREA,4,1)
                    and A.FUPSTAT <> SUBSTRING(B.GENAREA,5,1)
                    and A.FUPSTAT <> SUBSTRING(B.GENAREA,6,1)
                    and A.FUPSTAT <> SUBSTRING(B.GENAREA,7,1)
                    and A.FUPSTAT <> SUBSTRING(B.GENAREA,8,1)
                    and A.FUPSTAT <> SUBSTRING(B.GENAREA,9,1)
                    and A.FUPSTAT <> SUBSTRING(B.GENAREA,10,1)
             )  AND B.ITEMTABL = 'T5661' AND B.ITEMCOY = '2' AND A.CHDRNUM = C.CHDRNUM AND C.CHDRNUM = D.CHDRNUM AND C.CHDRNUM=E.CHDRNUM  AND E.VALIDFLAG IN ('1','3')  and E.STATCODE not in ('DC','PO', 'NT','WD')  
             AND D.VALIDFLAG = '1' AND D.USERID ='SPIPOSSP'  
             AND date(C.DATIME)>'2015-09-14'  AND current date -DATE(Timestamp_Format(Digits(A.TRDT),'YYMMDD')) >= #{noOfDays}
	]]>
</select>	
<!--add by bsnpc65 2019-1-24  begin  -->
<select id="syncPolicyExpireODS" resultType="java.lang.String" parameterType="java.util.Map" statementType="CALLABLE">
	 {call ${ODSSchema}.SP_DS_C360_SYNCPOLICYEXPIRE(
            #{noOfDays,mode=IN},
            #{result,mode=OUT, jdbcType=CURSOR,javaType=ResultSet,resultMap=cursorMap}
        )}
</select>	
<!--add by bsnpc65 2019-1-24  end  -->
<select id="getFollowUpExpireCaseList" resultType="java.util.List" parameterType="java.util.List">
	SELECT 
       CF.CASEFOLDERID as caseId      
    FROM CF_WORK CF WITH(NOLOCK), 
         PI_WORK PI WITH(NOLOCK),
         FD_WCF_LINK LINK  WITH(NOLOCK)
    WHERE CF.CASEFOLDERID = PI.LINKCASEID 
    and CF.CASEFOLDERID=LINK.LINKCASEID 
    <if test="policyNos != null and policyNos.size>0">
     and  LINK.POL_NUM in
     <foreach collection="policyNos" index="index" item="item"
				open="(" separator="," close=")">
				#{item}
	</foreach>
    </if>
</select>
 
 <insert id="addFollowUpCodeNote"  parameterType="java.util.Map" >
    insert into
    FD_CASE_NOTE(CREATED_BY,CREATED_TIMESTAMP,LINKCASEID,COMMENTS,CATEGORY)
    values(createdBy,getDate(),caseId,comments,category)
 </insert> 
 
 <select id="syncCPFADVFlagIL" resultType="com.aia.case360.web.pojo.SyncCPFADVFlag" parameterType="java.util.List">
			select  c.ZAPRQIND as cfpadvFlg , p.REPNUM as policyNo, c.ZACLMNO||c.ZACLMPP||c.ZACLMPX as  claimNo  
	        from   ZPHDPF c , CHDRPF p 
	        where c.CHDRNUM=p.CHDRNUM   and c.CHDRCOY=p.CHDRCOY 
	        and  c.VALIDFLAG='1' and p.VALIDFLAG='1' and
	        trim( p.REPNUM)||trim(c.ZACLMNO||c.ZACLMPP||c.ZACLMPX) in
		<foreach close=")" collection="list" index="index" item="item"
			open="(" separator=",">
	         #{item}
		</foreach>
</select>

<select id="GetClaimNo4CPFADVFlag" resultType="com.aia.case360.web.pojo.SyncCPFADVFlag" >
	  SELECT DISTINCT C.CASEFOLDERID CASEFOLDERID ,L.POL_NUM POLICYNO, L.CLM_NUM CLAIMNO,L.COMPANY_NO COMPANYNO
	  FROM FD_CASE_PENDING_REASONS P WITH(NOLOCK) , CF_WORK C WITH(NOLOCK) , FD_WCF_LINK L WITH(NOLOCK)
      WHERE C.CASEFOLDERID = P.LINKCASEID AND C.CASEFOLDERID = L.LINKCASEID 
      AND  C.REQ_TYPE = 'CLM_EFILE_AML_HIT' AND C.LOB = 'CLM' AND P.OBJID='HS_PND_005'
</select>
<select id="getPendingCasePolicy" resultType="java.lang.String" parameterType="java.util.Map" statementType="CALLABLE">
     <![CDATA[
    {call [dbo].[sp_get_policy_4_suspense] (
    	#{LOB,jdbcType=NVARCHAR,mode=IN},
    	#{COMPANYNO,jdbcType=NVARCHAR,mode=IN} 
    	)
    }
    ]]>
</select>

<select id="getUNIPendingILPolicy" resultType="com.aia.case360.web.pojo.UNIPolicyInfo" >
      {call [dbo].[sp_get_UNI_Pending_Policy]} 
</select>


 <!-- delete TempPendingPaymentPolicy table -->
	<delete id="deleteTempPendingPaymentInfo">
		truncate table dbo.TEMP_PEDNING_PAYMENT_INFO
	</delete>
	
<select id="syncPendingPaymentInfoIL" resultType="com.aia.case360.web.pojo.PendingPaymentInfo" parameterType="java.util.Map">
   select 
    a.RLDGACCT as accountNo, 
    a.SACSCURBAL*(-1) as paymentAmountIL, 
    a.SACSCODE||a.SACSTYP as subAccountCode,
    c.REPNUM as policyNo
   from ACBLPF a, 
        CHDRPF c
   where a.RLDGACCT=c.CHDRNUM
     and a.RLDGCOY = c.CHDRCOY 
     and c.REPNUM  in
	<foreach collection="policyNoList" index="index" item="policyNo"
				open="(" separator="," close=")">
				#{policyNo}
	</foreach>
	 and a.SACSCODE||a.SACSTYP in ('LPS','LPTS','LPUS') 
     and (c.VALIDFLAG = '1' or c.VALIDFLAG = '3')
	and a.SACSCURBAL &lt; 0
</select>
	<select id="syncPendingPaymentInfoODS" resultType="com.aia.case360.web.pojo.PendingPaymentInfo"
		parameterType="java.util.Map" statementType="CALLABLE">
		{call ${ODSSchema}.SP_DS_C360_SYNCSUSPENSE(
		#{policyNoList,mode=IN},
		#{companyNo,mode=IN},
		#{result,mode=OUT, jdbcType=CURSOR,javaType=ResultSet,resultMap=cursorMap}
		)}
	</select>
    <select id="getUnpendPaymentCase" parameterType="java.lang.String" resultType="com.aia.case360.web.pojo.PendingPaymentInfo">
	  <![CDATA[ 
        {call [dbo].[sp_find_case_4_suspense](  
                 #{policyNo,jdbcType=NVARCHAR,mode=IN}
             )}
         ]]>
	</select>
    <select id="getUnpendPaymentCaseForJob" resultType="com.aia.case360.web.pojo.PendingPaymentInfo">
	  <![CDATA[ 
        {call [dbo].[sp_find_case_4_suspense_4_job]}
         ]]>
	</select>
	
	<!-- insert TEMP_UNI_POLICY_STATUS table -->
	<insert id="insertTempPendingPaymentInfo" parameterType="java.util.List">
		<foreach close="" collection="list" index="index" item="item"
			open="" separator=";">
			INSERT INTO
			dbo.TEMP_PEDNING_PAYMENT_INFO(POL_NUM,paymentAmount,accountNo,subAccountCode,CREATE_DT)
			VALUES(#{item.policyNo},
			#{item.paymentAmountIL},
			#{item.accountNo},
			#{item.subAccountCode},
			CONVERT(varchar, getDate(), 120))
		</foreach>
	</insert>

	<select id="getCaseByCaseParams" resultType="com.aia.case360.web.pojo.SearchCaseDetailsInfo" parameterType="java.util.Map">
	   <![CDATA[ 
        {call [dbo].[sp_getCaseByCaseParams](  
                 #{createOn,jdbcType=NVARCHAR,mode=IN},
                 #{companyNo,jdbcType=NVARCHAR,mode=IN},
                 #{policyNo,jdbcType=NVARCHAR,mode=IN},
                 #{requestType,jdbcType=NVARCHAR,mode=IN},
                 #{claimNo,jdbcType=NVARCHAR,mode=IN}
             )}
         ]]>
	   
	</select>

	 <select id="getPendingCaseInfo" parameterType="java.util.Map" resultType="java.util.Map">
	   <![CDATA[ 
        {call [dbo].[sp_get_pending_case_info](  
                 #{linkCaseID,jdbcType=NVARCHAR,mode=IN},
                 #{policyNo,jdbcType=NVARCHAR,mode=IN},
                 #{companyNo,jdbcType=NVARCHAR,mode=IN},
                 #{caseStatus,jdbcType=NVARCHAR,mode=IN},
                 #{pendingReason,jdbcType=NVARCHAR,mode=IN},
                 #{isPending,jdbcType=NVARCHAR,mode=IN},
                 #{category,jdbcType=NVARCHAR,mode=IN},
                 #{lookUpGroup,jdbcType=NVARCHAR,mode=IN},
                 #{lookUpCode,jdbcType=NVARCHAR,mode=IN}
             )}
         ]]>
	</select>

	  <select id="syncEDocNotificationToTEMP">
	   <![CDATA[ 
        	{call [dbo].[getFscEDocNotification]
           }
         ]]>
	</select>
	
	  <select id="syncEDocNotification" parameterType="java.util.Map" resultType="com.aia.case360.web.pojo.PolicyInfoParameter">
	   <![CDATA[ 
        	{call [dbo].[getFscEDocNotification]
                 (#{runningDate,jdbcType=DATE,mode=IN})
           }
         ]]>
	</select>
	
	
	<update id="updateTempEDocNotification" parameterType="java.lang.String" >
	   <![CDATA[ 
        	{call [dbo].[sp_update_temp_edoc_notification]
                 (#{updateData,jdbcType=NVARCHAR,mode=IN})
           }
         ]]>
	</update>
	<insert id="insertEDocNotification">
	   <![CDATA[ 
        	{call [dbo].[sp_insert_edoc_notify]
           }
         ]]>
	</insert>


	 <select id="getPendingLink" parameterType="java.util.Map" resultType="java.util.Map">
	   <![CDATA[ 
        {call [dbo].[sp_get_pending_link](  
                 #{objid,jdbcType=NVARCHAR,mode=IN},
                 #{pendingCode,jdbcType=NVARCHAR,mode=IN},
                 #{pendingReason,jdbcType=NVARCHAR,mode=IN}
             )}
         ]]>
	</select>
	<select id="getClientIDList" resultType="com.aia.case360.web.pojo.TsarInfo" parameterType="java.util.Map">
	    select distinct LINKCASEID,CLIENT_ID as clientId from FD_WCF_REQ_TYPE_RULES where REQUEST_TYPE_STATUS='3'
	</select>
	<update id="updateTsarValues" parameterType="java.lang.String">
	   update FD_SARVALUES set IS_DELETED=1 where HASHSTR= #{hashStr} 
	</update> 
	<select id="getILOnlineStatusTimeFlag" resultType="java.lang.String" >
	   {call [dbo].[sp_get_ILONLINESTATUSTIME]()}
	</select> 
	<insert id="updateOrInsertILStatus" parameterType="java.lang.String">
	   <![CDATA[
	   {
	     call [dbo].[sp_updateOrInsert_ILStatus] (
	          #{onLineFlag,jdbcType=VARCHAR,mode=IN},
	          #{dateString,jdbcType=VARCHAR,mode=IN}
	     ) 
	   }
	   ]]>
	</insert>
	
	<insert id="insertTsarValues" parameterType="com.aia.case360.web.pojo.TsarInfo">
	  <foreach close="" collection="list" index="index" item="item"
		open="" separator=";">
		INSERT INTO
		 [FD_SARVALUES]
		 (
		 [POL_NUM]
		,[CLIENT_ID]
		,[RISKTYPE]
		,[SAR]
		,[SARGROUP]
		,[TSAR]
		,[USAR]
		,[NRIC]
		,[HASHSTR]
		,[IS_DELETED]
		,[CREATED_TIMESTAMP]
		)
		VALUES
		(
		 #{item.policyNo}
		,#{item.clientId}
		,#{item.riskType}
		,#{item.sar}
		,#{item.sarGroup}
		,#{item.tsar}
        ,#{item.usar}
        ,#{item.nric}
        ,#{item.hashStr}
        ,#{item.isDeleted}
        ,CONVERT(varchar, getDate(), 120)
		)
	  </foreach>
	</insert>
	<select id="getJobRunInfo" parameterType="java.util.Map" resultType="java.util.Map">
	<![CDATA[ 
        {call [dbo].[sp_get_job_run_info](  
                 #{jobTimeName,jdbcType=NVARCHAR,mode=IN}
             )}
         ]]>
	</select>
	<select id="getCaseInfoForCitiBankReport" parameterType="java.util.Map" resultType="java.util.Map">
	<![CDATA[ 
        {call [dbo].[sp_get_case_info_for_citi_bank_report](  
                 #{dateFrom,jdbcType=NVARCHAR,mode=IN},
                 #{batchNoSuffix,jdbcType=NVARCHAR,mode=IN}
             )}
         ]]>
	</select>
	<update id="updateJobRunInfo" parameterType="java.util.Map">
	<![CDATA[ 
        {call [dbo].[sp_update_job_run_info](  
                 #{lastRunTime,jdbcType=NVARCHAR,mode=IN},
                 #{preRunTime,jdbcType=NVARCHAR,mode=IN},
                 #{runTimeName,jdbcType=NVARCHAR,mode=IN},
                 #{runPreTimeName,jdbcType=NVARCHAR,mode=IN}
             )}
         ]]>
	</update>


  <select id="getCustPolicyDataForPlas" resultType="com.aia.case360.web.pojo.SVSCustPolicyDataPLAS"
		parameterType="java.util.Map">
		select
		 (case p.country_code 
	            when '011' then '2'
	            when '014' then '4'
	            ELSE'' END) as compNo,
		p.policy_no as polNum,
		p.agcy_code as agencyCode,
		p.agt_code as agentCode,
		ltrim(rtrim(c.agcy_name)) as agencyName,
	    ltrim(rtrim(a.agt_name)) as agentName,
	    ltrim(rtrim(h.policyholder_id)) as clientNum,
		ltrim(rtrim(h.name1)) as ownerName,
		ltrim(rtrim(h.addr_street)) as building,
		ltrim(rtrim(h.addr_block)) as cltAddr01, --update
                ltrim(rtrim(h.addr_road)) as cltAddr02, --update
                ltrim(rtrim(h.addr_street)) as cltAddr03, --update
                ltrim(rtrim(h.addr_floor))+ ' ' + ltrim(rtrim(h.addr_no)) as cltAddr04, --add
                ltrim(rtrim(h.nationality))          as cltAddr05, --
                h.zip_code as postCode,
                h.addr_city as ctryCode
		from db_plas..t_policyholder h,
		     db_plas..t_policy p,
		     db_plas..t_agents a,
		     db_plas..t_agency c
		where h.policyholder_serial_no=p.policyholder_serial_no
		    and p.agcy_code=c.agcy_code
		    and p.agt_code=a.agt_code 
		    and p.policy_no in
		    <foreach collection="policyNoListPLAS" index="index" item="policyNo"
				open="(" separator="," close=")">
				#{policyNo}
			</foreach>
	</select> 
	

	<update id="createJobTimeStampBaseRecord" parameterType="java.util.Map">
	<![CDATA[ 
		{call [dbo].[sp_create_job_timestamp_base_record](  
                 #{jobName,jdbcType=NVARCHAR,mode=IN},
                 #{defaultStartDate,jdbcType=NVARCHAR,mode=IN}
             )}
         ]]>
	</update>
	
	<update id="syncBatchUploadFileDetails" parameterType="java.util.Map">
	<![CDATA[ 
        {call [dbo].[sp_sync_batch_upload_file_details]}
         ]]>
	</update>

	<select id="getCWAdetailsMultiIL" parameterType="java.util.Map"
		resultType="com.aia.case360.web.pojo.CWADeatilInfo">
		select a.RLDGACCT,
		a.SACSCURBAL as cwa,
		a.SACSCODE as policyStateCode,
		a.SACSTYP,
		c.REPNUM as policyNo,
		c.CHDRCOY as companyNo
		from ACBLPF a,
		CHDRPF c
		where a.RLDGACCT=c.CHDRNUM
		and a.SACSCODE||a.SACSTYP in
		('LPS','LPTS','LPUS')
		and c.STATCODE in('WD','NT')
		and c.VALIDFLAG
		in('1','3')
		and c.REPNUM in
		<foreach collection="policyNoList" index="index" item="policyNo"
			open="(" separator="," close=")">
			#{policyNo}
		</foreach>
	</select>
	<!--add by bsnpc65 2019-1-24 begin  -->
	<select id="getCWAdetailsMultiODS" parameterType="java.util.Map"
		resultType="com.aia.case360.web.pojo.CWADeatilInfo" statementType="CALLABLE">
		
		 {call ${ODSSchema}.SP_DS_C360_GETCWADETAILSMULTI(
            #{PROPOSAL_NUM,mode=IN},
            #{result,mode=OUT, jdbcType=CURSOR,javaType=ResultSet,resultMap=cursorMap}
        )}  
	</select>
	<!--add by bsnpc65 2019-1-24 begin  -->
	<select id="getCloseCaseCache" resultType="java.util.Map">
		<![CDATA[ 
        {call [dbo].[sp_get_close_case_cache]}
         ]]>
	</select>
	<update id="updateCloseCaseCache" parameterType="java.util.Map">
		<![CDATA[ 
        {call [dbo].[sp_update_close_case_cache](
            #{failedTimes,jdbcType=INTEGER,mode=IN},
            #{isDeleted,jdbcType=INTEGER,mode=IN},
            #{rowId,jdbcType=NVARCHAR,mode=IN}
        )}
         ]]>
	</update>
	<select id="syncFSCcodeDistrictCodeAMS"  resultType="com.aia.case360.web.pojo.FSCDistrict">
          SELECT
          		s_agent_name AS agentName, 
          		 b.s_agent_code AS agentCode, 
          		 b.s_agency_code AS agencyCode,
          		 district_code AS districtCode, 
          		 agency_channel AS agencyChannel, 
          		 aia_email AS aiaEmail,  
          		 ec_agent_status AS agentStatus
          FROM db_agent..agency c, db_agent..agent_particulars b 
          WHERE  (agency_channel = 'BRO' or agency_channel = 'BAC')
				 and c.s_agency_code = b.s_agency_code
	</select>
	<insert id="insertFSCcodeDistrictCode" parameterType="java.lang.String">
	<![CDATA[ 
        {call [dbo].[sp_sync_fsc_and_district](
            #{databuffer,jdbcType=INTEGER,mode=IN}
        )}
    ]]>
	</insert>
	
	<select id="getUNIPendingSTPPolicy"  resultType="java.util.Map" statementType="CALLABLE">
	 { 
			call [dbo].[sp_getUNIPendingSTPPolicy]
     } 
	</select>
	
	<select id="syncUWIDIL"  resultType="com.aia.case360.web.pojo.DBJobSyncInfo" >
	 select
      a.USERID as uwid,
      b.REPNUM as policyNo
     from ZUADPF a,CHDRPF b
     where a.CHDRNUM=b.CHDRNUM 
     and  a.CHDRCOY =b.CHDRCOY 
     and  b.REPNUM in 
	 <foreach collection="list" index="index" item="policyNo"
			    open="(" separator="," close=")">
			    #{policyNo}
	 </foreach>
     and b.VALIDFLAG ='3'
	</select>
	
	<!-- add by bsnpc65 2019-1-26 begin -->
	<select id="syncUWIDODS"  parameterType="java.util.Map" resultType="com.aia.case360.web.pojo.DBJobSyncInfo" statementType="CALLABLE">
	 	{call ${ODSSchema}.SP_DS_C360_SYNCUWID(
            #{PROPOSAL_NUM,mode=IN},
            #{COMPANY_CD,mode=IN},
            #{result,mode=OUT, jdbcType=CURSOR,javaType=ResultSet,resultMap=cursorMap}
        )}
	</select>
	<!-- add by bsnpc65 2019-1-26 end -->
	
	<!-- delete TempUWIDInfo table -->
	<delete id="deleteTempUWIDInfo">
		truncate table dbo.FD_TEMP_UWID_INFO
	</delete>
	
	<!-- insert TempUWIDInfo table -->
	<insert id="insertTempUWIDInfo" parameterType="java.util.List">
		<foreach close="" collection="list" index="index" item="item"
			open="" separator=";">
			INSERT INTO
			dbo.FD_TEMP_UWID_INFO(POL_NUM,COMPANY_NO,DEFAULT_UWID,IL_FOLLOWUP_CD,CREATE_DT,CREATE_BY)
			VALUES(#{item.policyNo,jdbcType=VARCHAR},
			#{item.companyNo,jdbcType=VARCHAR},
			#{item.UWID,jdbcType=VARCHAR},
			#{item.followUpCode,jdbcType=VARCHAR},
			getDate(),'APIJOB')
		</foreach>
	</insert>
	
	<select id="getUWIDUnpendCaseList" parameterType="java.util.List" resultType="com.aia.case360.web.pojo.DBJobSyncInfo">
	<![CDATA[ 
        {call [dbo].[sp_getUWIDUnpendCaseList]}
    ]]>
	</select>
	
	<select id="getUNIPendingPLASPolicy"  resultType="java.lang.String">
	 { 
			call sp_getUNIPendingPLASPolicy       
     } 
	</select>
	
	<delete id="deleteTempPlasStatusInfo">
		truncate table dbo.FD_TEMP_PLAS_STATUS_INFO
	</delete>
	
	<select id="syncPolicyStatusPlas"  resultType="com.aia.case360.web.pojo.DBJobSyncInfo" parameterType="java.util.List">
	 SELECT 
       country_code as companyNo,
       policy_no as policyNo,
       policy_status as plas_status
     FROM db_plas..t_policy_deleted 
     WHERE policy_no in
     <foreach collection="list" index="index" item="policyNo"
			    open="(" separator="," close=")">
			    #{policyNo}
	   </foreach>
   UNION
   SELECT
     p.country_code as companyNo,
     p.policy_no as policyNo,
     p.policy_status as plas_status
    FROM db_plas..t_policy p
    WHERE 
      p.policy_no in
       <foreach collection="list" index="index" item="policyNo"
			    open="(" separator="," close=")">
			    #{policyNo}
	   </foreach>
	  and policy_status in ('b')
	</select>
	
	<!-- insert TempPlasStatusInfo table -->
	<insert id="insertTempPlasStatusInfo" parameterType="java.util.List">
		<foreach close="" collection="list" index="index" item="item"
			open="" separator=";">
			INSERT INTO
			dbo.FD_TEMP_PLAS_STATUS_INFO(POL_NUM,POLICY_STATUS,CREATE_DT,CREATE_BY)
			VALUES(#{item.policyNo,jdbcType=VARCHAR},
			#{item.plas_status,jdbcType=VARCHAR},
			getDate(),'APIJOB')
		</foreach>
	</insert>
	
	<select id="getPlasCloseCaseList" parameterType="java.util.List" resultType="java.lang.String">
        {
           call [dbo].[sp_getPlasCloseCaseList]
        }
	</select>
	
	<select id="getUNIPendingUWDecisionPolicy"  resultType="java.util.Map" statementType="CALLABLE">
	 { 
			call sp_getUNIPendingUWDecisionPolicy       
     } 
	</select>
	
	<delete id="deleteTempUWDecisionInfo">
		truncate table dbo.FD_TEMP_UWDECISION_INFO
	</delete>
	<select id="syncUWdecisionODS" parameterType="java.util.Map" statementType="CALLABLE">
	    {call ${ODSSchema}.SP_DS_C360_SYNCUWDECISSION(
            #{policyNoList,mode=IN},
            #{companyNo,mode=IN},
            #{result,mode=OUT, jdbcType=CURSOR,javaType=ResultSet,resultMap=cursorMap}
        )}
	</select> 
	<select id="syncUWdecisionIL"  resultType="com.aia.case360.web.pojo.DBJobSyncInfo">
	SELECT C.REPNUM as policyNo, 
           Z.STATCODE as uw_statCode, 
           '' as uw_batchCode 
      FROM CHDRZPR Z, CHDRPF C 
      WHERE C.CHDRCOY  = Z.CHDRCOY  
      AND C.CHDRNUM = Z.CHDRNUM 
      AND Z.STATCODE ='UW' 
      AND C.VALIDFLAG in( '1','3')
      AND  b.REPNUM in 
	 <foreach collection="policyNoList" index="index" item="policyNo"
			    open="(" separator="," close=")">
			    #{policyNo}
	 </foreach>
    UNION
    SELECT C.REPNUM as policyNo,
          '' as uw_statCode , 
          BATCTRCDE as uw_batchCode
    FROM PTRNPF P, CHDRPF C 
    WHERE P.CHDRNUM = C.CHDRNUM 
     AND P.CHDRCOY  = C.CHDRCOY 
     AND C.VALIDFLAG in( '1','3')
     AND P.VALIDFLAG in( '1','3') 
     AND P.BATCTRCDE IN ('ISTD','VSTD','INTP','INTU','INTF') 
     AND P.CHDRNUM IN (SELECT CHDRNUM FROM CHDRZPR)
     AND C.REPNUM in 
	 <foreach collection="policyNoList" index="index" item="policyNo"
			    open="(" separator="," close=")">
			    #{policyNo}
	 </foreach>
    
	</select>
	
	<!-- insert TempUWDecisionInfo table -->
	<insert id="insertTempUWDecisionInfo" parameterType="java.util.List">
		<foreach close="" collection="list" index="index" item="item"
			open="" separator=";">
			INSERT INTO
			dbo.FD_TEMP_UWDECISION_INFO(POL_NUM,UW_STATCODE,UW_BATCHCODE,CREATE_DT,CREATE_BY)
			VALUES(#{item.PolicyNo,jdbcType=VARCHAR},
			#{item.T10T (last transaction no form PTRN),jdbcType=VARCHAR},
			#{item.T15T (last transaction no form PTRN),jdbcType=VARCHAR},
			getDate(),'APIJOB')
		</foreach>
	</insert>
	
   <select id="getUWdecisionUnpendCaseList" resultType="java.math.BigDecimal">
	<![CDATA[ 
        {call [dbo].[sp_getUWdecisionUnpendCaseList]}
    ]]>
	</select>
	<select id="getPolicyInfoForReclassify" parameterType="java.lang.String" resultType="com.aia.case360.web.pojo.CaseAndPolInfo">
		<![CDATA[ 
	        {call [dbo].[sp_get_policy_4_reclassify](
	            #{requestType,jdbcType=NVARCHAR,mode=IN}
	        )}
	    ]]>
	</select>
	<select id="reclassifyCommonProcess" parameterType="java.lang.String"  resultType="java.util.Map" statementType="CALLABLE">
		<![CDATA[ 
	        {call [dbo].[sp_reclassify_common_process](
	            #{linkCaseId,jdbcType=NVARCHAR,mode=IN}
	        )}
	    ]]>
	</select>
	<select id="getReadyReclassifyCaseId" parameterType="java.lang.String"  resultType="java.lang.String" statementType="CALLABLE">
		<![CDATA[ 
	        {call [dbo].[sp_get_ready_reclassify_caseid](
	            #{requestType,jdbcType=NVARCHAR,mode=IN}
	        )}
	    ]]>
	</select>
	<select id="getItempfIL" resultType="java.util.Map" statementType="CALLABLE">
		SELECT ITEMTABL,ITEMITEM,ITEMCOY
	    FROM ITEMPF WHERE VALIDFLAG = '1' and (ITEMTABL='TS956' or ITEMTABL = 'TSN05')
	</select>
	
	<select id="getPolTrTypeIl" parameterType="java.util.Map" resultType="com.aia.case360.web.pojo.SVSCustPolicyData">
        SELECT 
               rtrim(ltrim(t1.REPNUM)) as polNum,
               CHDRCOY as ilCoyNo,
               REASONCD as trusteeType 
        from ZTRSPF 
        where 
             REASONCD in ('TS73','T49L')
		     and t1.REPNUM in ('#{policyNoList,jdbcType=NVARCHAR,mode=IN}')
	</select>

	<select id="getPolIndicatorIL"  parameterType="java.util.Map" resultType="java.util.Map">
       select 
               rtrim(ltrim(a.REPNUM)) as "polNum",
               b.ZSEDOC as "eCopyInd",
               b.ZPRMFIN as "preFinFlag",
               b.EFFDATE as "effDate",
               a.CHDRCOY as "companyNo"
        from 
              CHDRPF a, 
              ZSALPF b
        where 
              a.CHDRNUM = b.CHDRNUM 
          and a.CHDRCOY = b.CHDRCOY  
          and a.VALIDFLAG IN ('1' ,'3')
          and a.REPNUM in (${policyNoList} )
          and a.CHDRCOY = ${companyNo}
        order by 
              b.EFFDATE desc
	</select>
	<select id="getMobileAndEMailIL" parameterType="java.util.Map" resultType="java.util.Map">
        select RDIDTELNO,RMBLPHONE
        from CLEXPF   
        where CLNTNUM= #{clientNo,mode=IN}
          and ((RMBLPHONE is not null  and RMBLPHONE !='') OR( RDIDTELNO is not null and RDIDTELNO !=''))
	</select>
	<select id="getAddressForClientNumODS" parameterType="java.util.Map"  statementType="CALLABLE">
	  {call ${ODSSchema}.SP_DS_C360_GETADDRESSFORCLIENTNUMIL(
    	    #{clientNo,mode=IN},
            #{result,mode=OUT, jdbcType=CURSOR,javaType=ResultSet,resultMap=cursorMap}
	    )}
	</select>
	<select id="getClientInfoODS" parameterType="java.util.Map"  statementType="CALLABLE">
	    {call ${ODSSchema}.SP_DS_C360_GETCLIENTINFOIL(
    	    #{policyNoListIL,mode=IN},
    	    #{companyNo,mode=IN},
            #{result,mode=OUT, jdbcType=CURSOR,javaType=ResultSet,resultMap=cursorMap}
	    )}
	</select>

	<select id="getPolTrTypeODS" parameterType="java.util.Map"  statementType="CALLABLE" >
	    {call ${ODSSchema}.SP_DS_C360_SYNCCLAIMSTATUSIL(
    	    #{companyNo,mode=IN}, 
    	    #{policyNoListIL,mode=IN},
            #{result,mode=OUT, jdbcType=CURSOR,javaType=ResultSet,resultMap=cursorMap}
	    )}
	</select>
	<select id="getPolTrType" parameterType="java.util.Map"  resultType="String">
	    select CONFIG_VALUE from FD_POL_TR_TYPE_CONF with(nolock)  
	</select>
	
	<select id="getMobileAndEMailODS"  parameterType="java.util.Map"  statementType="CALLABLE" >
		   {call ${ODSSchema}.SP_DS_C360_GETMOBILEANDEMAILFORCLIENTNUM(
    	    #{clientNo,mode=IN}, 
            #{result,mode=OUT, jdbcType=CURSOR,javaType=ResultSet,resultMap=cursorMap}
	    )}
	</select>
	<select id="getPolIndicatorODS" parameterType="java.util.Map"  statementType="CALLABLE" >
	   {call ${ODSSchema}.SP_DS_C360_GETECOPYINDICATOR(
	        #{policyNoListIL,mode=IN},
    	    #{companyNo,mode=IN}, 
            #{result,mode=OUT, jdbcType=CURSOR,javaType=ResultSet,resultMap=cursorMap}
	    )}
	</select>

	<update id="updateItempf" parameterType="java.util.List">
	    TRUNCATE TABLE FD_ITEMPF
		INSERT INTO FD_ITEMPF
    	(LOOK_UP_CODE,LOOK_UP_VALUE,COMPANYNO,CREATED_TIMESTAMP,CREATED_BY)
    	VALUES
		<foreach collection="list" item="item" index="index" separator=",">
			(
				#{item.ITEMTABL},
				#{item.ITEMITEM},
				#{item.ITEMCOY},
				GETDATE(),
				'job syncItempf'
			)
	     </foreach>		
    </update>    
    
    
     <select id="getCitibankReport" parameterType="java.util.List" resultType="com.aia.case360.web.pojo.ReportDetail">
	<![CDATA[ 
        {call [dbo].[get_citibank_report_export]}
    ]]>
	</select>
    <update id="updateAmountOfIlRequest" parameterType="java.util.Map">
    	<![CDATA[ 
	        {call [dbo].[sp_update_il_request_amount](
	            #{requestNo,jdbcType=NVARCHAR,mode=IN},
	            #{policyNo,jdbcType=NVARCHAR,mode=IN},
	            #{amount,jdbcType=NVARCHAR,mode=IN}
	        )}
	    ]]>
    </update>
    <insert id="insertIlRequestForUni" parameterType="java.util.Map">
    	<![CDATA[ 
	        {call [dbo].[sp_insert_ilrequest_4_cwauni](
	            #{company,jdbcType=NVARCHAR,mode=IN},
	            #{policyNo,jdbcType=NVARCHAR,mode=IN},
	            #{requestNo,jdbcType=NVARCHAR,mode=IN},
	            #{amount,jdbcType=NVARCHAR,mode=IN},
	            #{status,jdbcType=NVARCHAR,mode=IN}
	        )}
	    ]]>
    </insert>
    <select id="getFailedDataForRetry"  resultType="java.util.Map">
	<![CDATA[ 
        {call [dbo].[sp_get_suspense_policy_2_IL]}
    ]]>
	</select>
	<select id="getAvailableStep" resultType="java.lang.String" parameterType="java.util.Map">
	 SELECT TOP 1 DATA_VALUE FROM FD_CASE_AVAILABLE_STEPS WITH(NOLOCK) WHERE AVAILABLE_STEP=#{AVAILABLE_STEP}
	 AND LINKCASEID = #{LINKCASEID}
	 ORDER BY VERSION_NUM DESC
	</select>
	
	<select id="getLastActProcessor" resultType="java.lang.String" parameterType="java.util.Map">
	 SELECT TOP 1 PROCESSOR FROM FD_WORKSTEP_HISTORY WITH(NOLOCK) WHERE  WFWORKSTEPNAME = #{WFWORKSTEPNAME}
	 AND LINKCASEID = #{LINKCASEID}
	 ORDER BY VERSION_NUM DESC
	</select>
	<select id="getIlStatus" resultType="java.lang.String">
	 	 SELECT S_PROPVALUE from SONORAAPPLPROPS  WHERE S_PROPNAME='ILStatus' 
	</select>
	<insert id="updateOrInsertILDBStatus" parameterType="java.lang.String">
	   <![CDATA[
	   {
	     call [dbo].[sp_updateOrInsert_ILDBStatus] (
	          #{onLineFlag,jdbcType=VARCHAR,mode=IN},
	          #{dateString,jdbcType=VARCHAR,mode=IN}
	     ) 
	   }
	   ]]>
	</insert>
	<select id="syncCLMPolicyStatus4ODS" parameterType="java.util.Map" statementType="CALLABLE">
	    {call ${ODSSchema}.SP_DS_C360_SYNCCLAIMSTATUSIL(
    	    #{companyNo,mode=IN}, 
    	    #{policyNoListIL,mode=IN},
    	    #{claimList,mode=IN},
            #{result,mode=OUT, jdbcType=CURSOR,javaType=ResultSet,resultMap=cursorMap}
	    )}
	</select>
	<select id="syncFollowUpCodeInfoODS" parameterType="java.util.Map" statementType="CALLABLE">
	    {call ${ODSSchema}.SP_DS_C360_SYNCFOLLOWUPCODEINFO(
            #{result,mode=OUT, jdbcType=CURSOR,javaType=ResultSet,resultMap=cursorMap}
	    )}
	</select>
	<select id="valBatchNo" resultType="int" parameterType="java.lang.String">
		SELECT COUNT(1) 
		FROM FD_XML_BATCH WITH(NOLOCK)
		WHERE BATCH_NO = #{batchNo}
	</select>
	<select id="countCYOCase" resultType="int" parameterType="java.lang.String">
		SELECT COUNT(1) CNT FROM CF_WORK CF WITH(NOLOCK) 
		JOIN FD_WCF_LINK WCF WITH(NOLOCK) ON CF.CASEFOLDERID = WCF.LINKCASEID
		WHERE CF.CASE_STATUS = 'WIP'
		AND CF.REQ_TYPE =  #{requestType} 
		AND CF.COMPANY_NO = #{companyCode} 
		AND WCF.POL_NUM = #{policyNo}
	</select>
</mapper>