<?xml version="1.0" encoding="UTF-8" ?>
<!DOCTYPE mapper PUBLIC "-//mybatis.org//DTD Mapper 3.0//EN" "http://mybatis.org/dtd/mybatis-3-mapper.dtd" >
<mapper namespace="com.aia.case360.web.dao.DocMigCtrlDao">
	
	<resultMap id="columnMapping" type="com.aia.case360.web.pojo.FdDocMigCtrl">
		<result column="S_ROWID" property="sRowid" jdbcType="DECIMAL" />
		<result column="MIG_STATUS" property="migStatus" jdbcType="NVARCHAR"/>
		<result column="OBJECT_ID" property="objectId" jdbcType="NVARCHAR"/>
		<result column="OBJECT_NAME" property="objectName" jdbcType="NVARCHAR"/>
		<result column="POLICY_NO" property="policyNo" jdbcType="NVARCHAR"/>
		<result column="POLICY_DATE" property="policyDate"  jdbcType="TIMESTAMP"/>
		<result column="POLICY_SOURCE" property="policySource" jdbcType="NVARCHAR"/>
		<result column="POLICY_STATUS" property="plicyStatus" jdbcType="NVARCHAR"/>
		<result column="DOC_SOURCE" property="docSource" jdbcType="NVARCHAR"/>
		<result column="MIG_DATE" property="migDate" jdbcType="TIMESTAMP"/>
		<result column="SEQ" property="seq" jdbcType="NUMERIC"/>
		<result column="COMPANY_NO" property="companyNo" jdbcType="NVARCHAR"/>
		<result column="PROCESS_TYPE" property="processType" jdbcType="NVARCHAR"/>
		<result column="FORM_ID" property="formId" jdbcType="NVARCHAR"/>
		<result column="C_OBJECT_ID" property="cObjectId" jdbcType="NVARCHAR"/>
		<result column="BATCH_NO" property="batchNo" jdbcType="NVARCHAR"/>
	</resultMap>
	
	<sql id="Base_Columns">
				 [MIG_STATUS]
	           ,[OBJECT_ID]
	           ,[OBJECT_NAME]
	           ,[POLICY_NO]
	           ,[POLICY_DATE]
	           ,[POLICY_SOURCE]
	           ,[POLICY_STATUS]
	           ,[MIG_DATE]
	           ,[DOC_SOURCE]
	           ,[SEQ]
	           ,[COMPANY_NO]
	           ,[PROCESS_TYPE]
	           ,[FORM_ID]
	           ,[C_OBJECT_ID]
	           ,[BATCH_NO]
  	</sql>
	
	<select id="queryStatusByObjId" resultType="int"  parameterType = "string">
		SELECT ISNULL((
			SELECT TOP(1) MIG_STATUS FROM FD_DOC_MIG_CTRL WITH (NOLOCK)  
			WHERE  OBJECT_ID = #{objectId}
			),0) 
	</select>
	
	<select id="isObjIdExist" resultType="int"  parameterType = "string">
		 select ISNULL((
				SELECT TOP(1) 1 from FD_DOC_MIG_CTRL WITH (NOLOCK)
				WHERE OBJECT_ID =  #{objectId}
				),0 ) 
	</select>
	
	<insert id="insertOneFdDocMigCtrl"  parameterType = "com.aia.case360.web.pojo.FdDocMigCtrl">
		  INSERT INTO  [FD_DOC_MIG_CTRL]
           ( 
	            <include refid="Base_Columns" />
	           )
	     VALUES
	           (   #{migStatus}
	           ,#{objectId}
	           ,#{objectName} 
	           , #{policyNo} 
	           , #{policyDate} 
	           , #{policySource} 
	           , #{plicyStatus} 
	           , #{migDate} 
	           , #{docSource}  
	           , #{seq}   
	           , #{companyNo} 
	           , #{processType}  
	           , #{formId} 
	           , #{cObjectId} 
	           , #{batchNo} )
	</insert>
	
	<insert id="insertFdDocMigCtrl" parameterType = "java.util.List">
	
		<foreach close="" collection="list" index="index" item="item" open="" separator=";">
		  INSERT INTO  [FD_DOC_MIG_CTRL]
           ( 
	         <include refid="Base_Columns" />
	             )
	     VALUES
	           (   #{item.migStatus} 
	           ,#{item.objectId}
	           ,#{item.objectName} 
	           , #{item.policyNo} 
	           , #{item.policyDate} 
	           , #{item.policySource} 
	           , #{item.plicyStatus} 
	           , #{item.migDate} 
	           , #{item.docSource}  
	           , #{item.seq}   
	           , #{item.companyNo} 
	           , #{item.processType}  
	 		   , #{item.formId}  
	           , #{item.cObjectId}  
	           , #{item.batchNo} );

		</foreach>
	</insert>
	
	<update id="updateStatus" parameterType = "String">
	
		UPDATE FD_DOC_MIG_CTRL  SET MIG_STATUS=#{migStatus}  WHERE OBJECT_ID=#{objectId} 
		
	</update>
	
	<select id="queryFdDocMigCtrl" resultMap="columnMapping" >
		select   S_ROWID sRowId, <include refid="Base_Columns" />	
		FROM FD_DOC_MIG_CTRL with(nolock) 
		WHERE OBJECT_ID = #{objectId}
	</select>
	
	<select id="getMaxObjId" resultType="String" >
		SELECT MAX(OBJECT_ID) AS OBJECT_ID  FROM FD_DOC_MIG_CTRL with(nolock)  WHERE C_OBJECT_ID IS NULL
	</select>
	
	<select id="getNoNeedObjId" resultType="String" parameterType = "String">
		SELECT  OBJECT_ID  FROM FD_DOC_MIG_CTRL with(nolock)  WHERE C_OBJECT_ID IS NOT NULL AND OBJECT_ID &gt; #{objectId};
	</select>
	
	
	<select id="getAttributesFromEIMAGE" resultType="com.aia.case360.web.pojo.FdDocAttributes" parameterType="java.util.Map">
		select TOP 1000
		AGENCY            	 as agency               
		,AGENTNAME           as agentName            
		,AssignReasonCode    as assignReasonCd       
		,AssignUserId        as assignUserId         
		,AutoFiling          as autoFiling           
		,BatchNo             as batchNo              
		,BoxNo               as boxNo                
		,CLMCategory         as clmCategory          
		,COHUserId           as cohUserId            
		,CompanyNo           as companyNo            
		,CurrentUserId       as currentUserId        
		,FORMDESC            as formDesc             
		,FormId              as formId               
		,Inprogress          as inpogressMig         
		,InprogressUserId    as inpogressUserId      
		,IsCLMForm           as isClmForm            
		,IsMajorClaim        as isMajorClaim         
		,IsMedCase           as isMedCase            
		,IsPOSForm           as isPosForm            
		,IsPOSILPForm        as isPosIlpForm         
		,IsUNIForm           as isUniForm            
		,ItemStatus          as itemStatus           
		,JobStatus           as jobStatus            
		,convert(DATETIME,Right(KIVExpirationDate,4)+LEFT(KIVExpirationDate,4),112)   as kivExpirationDt      
		,KIVReason           as kivReason            
		,KIVReasonCode       as kivReasonCd          
		,KIVUserId           as kivUserId            
		,convert(DATETIME,substring(LastPendDate,5,4)+'-'+LEFT(LastPendDate,2)+'-'+substring(LastPendDate,3,2)+Right(LastPendDate,6),120)        as lastPendDt           
		,convert(DATETIME,substring(LastProcDate,5,4)+'-'+LEFT(LastProcDate,2)+'-'+substring(LastProcDate,3,2)+Right(LastProcDate,6),120)        as lastProcDt           
		,LastProcUserId      as lastProcUserId       
		,convert(DATETIME,Right(LatestDocRecDate,4)+LEFT(LatestDocRecDate,4),112)    as latestDocRecDt       
		,LinkIndicator       as linkIndicator        
		,LOB                 as lob                  
		,convert(DATETIME,substring(LOBADLastSyncDate,5,4)+'-'+LEFT(LOBADLastSyncDate,2)+'-'+substring(LOBADLastSyncDate,3,2)+Right(LOBADLastSyncDate,6),120)        as lobadLastSyncDt      
		,LOBADSynced as lobadSynced          
		,LOBADSyncRetried    as lobadSyncRetried     
		,LOBAStatus         as lobaStatus           
		,NAME                as name                 
		,NRIC                as nric                 
		,OBJECT_CLASS        as objectClass          
		,OBJECT_ID           as objectId             
		,OBJECT_NAME         as objectName           
		,OBJECT_SERVER       as objectServer         
		,OBJECT_TYPE         as objectType           
		,OrgCompanyNo        as orgCompanyNo         
		,OriginalUserId      as orginalUserId        
		,OrgPolicyNo         as orgPolicyNo          
		,OrgRequestNo        as orgRequestNo         
		,OrgRequestType      as orgRequestType       
		,PageIndicator       as pageIndicator        
		,PolicyNo            as policyNo             
		,PolicyType          as policyType           
		,POSRequestCategory  as posRequestCategory   
		,convert(DATETIME,Right(ProcessDueDate,4)+LEFT(ProcessDueDate,4),112)      as processDueDt         
		,ProcessType         as processType          
		,QueueId             as queueId              
		,(CASE WHEN ReceivedDate IS NULL OR len(ReceivedDate)!=8 THEN dateadd(day, CAST(substring(OBJECT_ID,3,3) AS INT)-1,convert(DATETIME,(CAST(CAST(LEFT(OBJECT_ID,2) AS INT)+2000 AS VARCHAR(4))+'0101'),112)) ELSE convert(DATETIME,Right(ReceivedDate,4)+LEFT(ReceivedDate,4),112) END) as receivedDt           
		,ReferFromUserId     as referFromUserId      
		,ReferReasonCode     as referReasonCd        
		,ReferToMR           as referToMr            
		,ReferToUserId       as referToUserId        
		,ReferUserList       as referUserList        
		,RelatedPolicyNo     as relatedPolicyNo      
		,(CASE WHEN ReqReceivedDate IS NOT NULL  THEN CASE WHEN ReceivedDate IS NULL OR len(ReceivedDate)!=8 THEN  dateadd(day, CAST(substring(OBJECT_ID,3,3) AS INT)-1,convert(DATETIME,(CAST(CAST(LEFT(OBJECT_ID,2) AS INT)+2000 AS VARCHAR(4))+'0101'),112)) ELSE convert(DATETIME,Right(ReceivedDate,4)+LEFT(ReceivedDate,4),112) END END)     as reqReceivedDt        
		,RequestNo           as requestNo            
		,RequestType         as requestType          
		,RouError            as rouError             
		,RouErrorRetryCount  as rouErrorRetryCount                     
		,convert(DATETIME,Right(ScanDate,4)+LEFT(ScanDate,4),112)            as scanDt               
		,SourceSystemCode    as sourceSystemCode     
		,StatusIndicator     as statusIndicator      
		,TAADD               as taadd                
		,TACI                as taci                 
		,TCI                 as tci                  
		,TSA                 as tsa                  
		,UNIPlanName         as uniPlanNm            
		,UNIPlanType         as uniPlanType          
		,WFNonWF             as wfNonWf              
		,convert(DATETIME,substring(WFRCrDate,5,4)+'-'+LEFT(WFRCrDate,2)+'-'+substring(WFRCrDate,3,2)+Right(WFRCrDate,6),120)            as wfrCrDt              
		,WFRCrUserId           as wfrCrUserId          
		, convert(DATETIME,substring(WFRUpdDate,5,4)+'-'+LEFT(WFRUpdDate,2)+'-'+substring(WFRUpdDate,3,2)+Right(WFRUpdDate,6),120)        as wfrUpdDt             
		,WFRUpdUserId        as wfrUpdUserId         
		,WFStatus        as wfStatus             
		,WorkitemFormId      as workitemFormId

		from ATTRIBUTES with(nolock) WHERE OBJECT_ID &gt; #{objectId} and object_id not in
		
		<foreach collection="noNeedObjectId" index="index" item="item" open="(" separator="," close=")">
            #{item}
        </foreach> 
        
	</select>
	
	<insert id="insertFdDocAttributes" parameterType="java.util.List">

		<foreach close="" collection="list" index="index" item="item"
			open="" separator=";">
			INSER INTO FD_DOC_ATTRIBUTES
		(
		AGENCY
		,AGENT_NM
		,ASSIGN_REASON_CD
		,ASSIGN_USER_ID
		,AUTO_FILING
		,BATCH_NO
		,BOX_NO
		,CLM_CATEGORY
		,COH_USER_ID
		,COMPANY_NO
		,CURRENT_USER_ID
		,FORM_DESC
		,FORM_ID
		,INPROGRESS_MIG
		,INPROGRESS_USER_ID
		,IS_CLM_FORM
		,IS_DELETED
		,IS_MAJOR_CLAIM
		,IS_MED_CASE
		,IS_POS_FORM
		,IS_POS_ILP_FORM
		,IS_UNI_FORM
		,ITEM_STATUS
		,JOB_STATUS
		,KIV_EXPIRATION_DT
		,KIV_REASON
		,KIV_REASON_CD
		,KIV_USER_ID
		,LAST_PEND_DT
		,LAST_PROC_DT
		,LAST_PROC_USER_ID
		,LATEST_DOC_REC_DT
		,LINK_INDICATOR
		,LOB
		,LOBA_STATUS
		,LOBAD_LAST_SYNC_DT
		,LOBAD_SYNC_RETRIED
		,LOBAD_SYNCED
		,NAME
		,NRIC
		,OBJECT_CLASS
		,OBJECT_ID
		,OBJECT_NAME
		,OBJECT_SERVER
		,OBJECT_TYPE
		,ORG_COMPANY_NO
		,ORG_POLICY_NO
		,ORG_REQUEST_NO
		,ORG_REQUEST_TYPE
		,ORIGINAL_USER_ID
		,PAGE_INDICATOR
		,POLICY_NO
		,POLICY_TYPE
		,POS_REQUEST_CATEGORY
		,PROCESS_DUE_DT
		,PROCESS_TYPE
		,QUEUE_ID
		,RECEIVED_DT
		,REFER_FROM_USER_ID
		,REFER_REASON_CD
		,REFER_TO_MR
		,REFER_TO_USER_ID
		,REFER_USER_LIST
		,RELATED_POLICY_NO
		,REQ_RECEIVED_DT
		,REQUEST_NO
		,REQUEST_TYPE
		,ROU_ERROR
		,ROU_ERROR_RETRY_COUNT
		,SCAN_DT
		,SOURCE_SYSTEM_CODE
		,STATUS_INDICATOR
		,TAADD
		,TACI
		,TCI
		,TSA
		,UNI_PLAN_NM
		,UNI_PLAN_TYPE
		,WF_NON_WF
		,WF_STATUS
		,WFR_CR_DT
		,WFR_CR_USER_ID
		,WFR_UPD_DT
		,WFR_UPD_USER_ID
		,WORKITEM_FORM_ID
		) select 
		AGENCY
		,AGENT_NM
		,ASSIGN_REASON_CD
		,ASSIGN_USER_ID
		,AUTO_FILING
		,BATCH_NO
		,BOX_NO
		,CLM_CATEGORY
		,COH_USER_ID
		,COMPANY_NO
		,CURRENT_USER_ID
		,FORM_DESC
		,FORM_ID
		,INPROGRESS_MIG
		,INPROGRESS_USER_ID
		,IS_CLM_FORM
		,IS_DELETED
		,IS_MAJOR_CLAIM
		,IS_MED_CASE
		,IS_POS_FORM
		,IS_POS_ILP_FORM
		,IS_UNI_FORM
		,ITEM_STATUS
		,JOB_STATUS
		,KIV_EXPIRATION_DT
		,KIV_REASON
		,KIV_REASON_CD
		,KIV_USER_ID
		,LAST_PEND_DT
		,LAST_PROC_DT
		,LAST_PROC_USER_ID
		,LATEST_DOC_REC_DT
		,LINK_INDICATOR
		,LOB
		,LOBA_STATUS
		,LOBAD_LAST_SYNC_DT
		,LOBAD_SYNC_RETRIED
		,LOBAD_SYNCED
		,NAME
		,NRIC
		,OBJECT_CLASS
		,OBJECT_ID
		,OBJECT_NAME
		,OBJECT_SERVER
		,OBJECT_TYPE
		,ORG_COMPANY_NO
		,ORG_POLICY_NO
		,ORG_REQUEST_NO
		,ORG_REQUEST_TYPE
		,ORIGINAL_USER_ID
		,PAGE_INDICATOR
		,POLICY_NO
		,POLICY_TYPE
		,POS_REQUEST_CATEGORY
		,PROCESS_DUE_DT
		,PROCESS_TYPE
		,QUEUE_ID
		,RECEIVED_DT
		,REFER_FROM_USER_ID
		,REFER_REASON_CD
		,REFER_TO_MR
		,REFER_TO_USER_ID
		,REFER_USER_LIST
		,RELATED_POLICY_NO
		,REQ_RECEIVED_DT
		,REQUEST_NO
		,REQUEST_TYPE
		,ROU_ERROR
		,ROU_ERROR_RETRY_COUNT
		,SCAN_DT
		,SOURCE_SYSTEM_CODE
		,STATUS_INDICATOR
		,TAADD
		,TACI
		,TCI
		,TSA
		,UNI_PLAN_NM
		,UNI_PLAN_TYPE
		,WF_NON_WF
		,WF_STATUS
		,WFR_CR_DT
		,WFR_CR_USER_ID
		,WFR_UPD_DT
		,WFR_UPD_USER_ID
		,WORKITEM_FORM_ID
		from (select
		#{item.agency}            	as AGENCY                   
		,#{item.agentName}          as AGENT_NM                
		,#{item.assignReasonCd}     as ASSIGN_REASON_CD        
		,#{item.assignUserId}       as ASSIGN_USER_ID          
		,#{item.autoFiling}         as AUTO_FILING             
		,#{item.batchNo}            as BATCH_NO                
		,#{item.boxNo}              as BOX_NO                  
		,#{item.clmCategory}        as CLM_CATEGORY            
		,#{item.cohUserId}          as COH_USER_ID             
		,#{item.companyNo}          as COMPANY_NO              
		,#{item.currentUserId}      as CURRENT_USER_ID         
		,#{item.formDesc}           as FORM_DESC               
		,#{item.formId}             as FORM_ID                 
		,#{item.inpogressMig}       as INPROGRESS_MIG          
		,#{item.inpogressUserId}    as INPROGRESS_USER_ID      
		,#{item.isClmForm}          as IS_CLM_FORM             
		,0                          as IS_DELETED              
		,#{item.isMajorClaim}       as IS_MAJOR_CLAIM          
		,#{item.isMedCase}          as IS_MED_CASE             
		,#{item.isPosForm}          as IS_POS_FORM             
		,#{item.isPosIlpForm}       as IS_POS_ILP_FORM         
		,#{item.isUniForm}          as IS_UNI_FORM             
		,#{item.itemStatus}         as ITEM_STATUS             
		,#{item.jobStatus}          as JOB_STATUS              
		,#{item.kivExpirationDt}    as KIV_EXPIRATION_DT       
		,#{item.kivReason}          as KIV_REASON              
		,#{item.kivReasonCd}        as KIV_REASON_CD           
		,#{item.kivUserId}          as KIV_USER_ID             
		,#{item.lastPendDt}         as LAST_PEND_DT            
		,#{item.lastProcDt}         as LAST_PROC_DT            
		,#{item.lastProcUserId}     as LAST_PROC_USER_ID       
		,#{item.latestDocRecDt}     as LATEST_DOC_REC_DT       
		,#{item.linkIndicator}      as LINK_INDICATOR          
		,#{item.lob}                as LOB                     
		,#{item.lobaStatus}    		as LOBA_STATUS             
		,#{item.lobadLastSyncDt}    as LOBAD_LAST_SYNC_DT      
		,#{item.lobadSyncRetried}   as LOBAD_SYNC_RETRIED      
		,#{item.lobadSynced}       	as LOBAD_SYNCED            
		,#{item.name}               as NAME                    
		,#{item.nric}               as NRIC                    
		,#{item.objectClass}        as OBJECT_CLASS            
		,#{item.objectId}           as OBJECT_ID                  
		,#{item.objectName}         as OBJECT_NAME             
		,#{item.objectServer}       as OBJECT_SERVER           
		,#{item.objectType}         as OBJECT_TYPE             
		,#{item.orgCompanyNo}       as ORG_COMPANY_NO          
		,#{item.orgPolicyNo}     as ORG_POLICY_NO           
		,#{item.orgRequestNo}        as ORG_REQUEST_NO          
		,#{item.orgRequestType}        as ORG_REQUEST_TYPE        
		, #{item.orginalUserId}    as ORIGINAL_USER_ID         
		,#{item.pageIndicator}      as PAGE_INDICATOR          
		,#{item.policyNo}           as POLICY_NO               
		,#{item.policyType}         as POLICY_TYPE             
		,#{item.posRequestCategory} as POS_REQUEST_CATEGORY    
		,#{item.processDueDt}       as PROCESS_DUE_DT          
		,#{item.processType}        as PROCESS_TYPE            
		,#{item.queueId}            as QUEUE_ID                
		,#{item.receivedDt}         as RECEIVED_DT             
		,#{item.referFromUserId}    as REFER_FROM_USER_ID      
		,#{item.referReasonCd}      as REFER_REASON_CD         
		,#{item.referToMr}          as REFER_TO_MR             
		,#{item.referToUserId}      as REFER_TO_USER_ID        
		,#{item.referUserList}      as REFER_USER_LIST         
		,#{item.relatedPolicyNo}    as RELATED_POLICY_NO       
		,#{item.reqReceivedDt}      as REQ_RECEIVED_DT         
		,#{item.requestNo}          as REQUEST_NO              
		,#{item.requestType}        as REQUEST_TYPE            
		,#{item.rouError}           as ROU_ERROR               
		,#{item.rouErrorRetryCount} as ROU_ERROR_RETRY_COUNT   
		,#{item.scanDt}             as SCAN_DT                 
		,#{item.sourceSystemCode}   as SOURCE_SYSTEM_CODE      
		,#{item.statusIndicator}    as STATUS_INDICATOR        
		,#{item.taadd}              as TAADD                   
		,#{item.taci}               as TACI                    
		,#{item.tci}                as TCI                     
		,#{item.tsa}                as TSA                     
		,#{item.uniPlanNm}          as UNI_PLAN_NM             
		,#{item.uniPlanType}        as UNI_PLAN_TYPE           
		,#{item.wfNonWf}            as WF_NON_WF               
		,#{item.wfStatus}              as WF_STATUS               
		,#{item.wfrCrDt}          as WFR_CR_DT             
		,#{item.wfrCrUserId}           as WFR_CR_USER_ID          
		,#{item.wfrUpdDt}         as WFR_UPD_DT              
		,#{item.wfrUpdUserId}          as WFR_UPD_USER_ID         
		,#{item.workitemFormId}     as WORKITEM_FORM_ID )INSATTR        
	  where not exists(select 1 from FD_DOC_ATTRIBUTES ATTR with(nolock)  WHERE ATTR.OBJECT_ID=INSATTR.OBJECT_ID);

		</foreach>
	</insert>
	
	<select id="getNewLogicalLinkEXTIMAGE" resultType="com.aia.case360.web.pojo.FdDocLink" parameterType = "java.util.Map">
		select PARENT_ID AS objectId,COMPANY_CODE AS companyNo,POLICY_NO AS policyNo,REQUEST_NO AS requestNo,FORM_ID AS formId,PROCESS_TYPE  ASprocessType from tlogical_link with (nolock) where parent_id &gt; #{objectId}
		 and parent_id not in
		 
		<foreach collection="noNeedObjectId" index="index" item="item" open="(" separator="," close=")">
            #{item}
        </foreach>
	</select>
	
	
	
	
	<select id="queryOneSysConfig" resultType="java.util.Map" parameterType = "java.util.Map">
		SELECT CONFIG_NAME,CONFIG_VALUE,DATA_TYPE,DEFAULT_VALUE,DISPLAY_FORMAT,
		DISPLAY_NAME,LAST_UPDATED_BY,LAST_UPDATED_TIMESTAMP,REFERENCE_KEY1,REFERENCE_KEY2,	
		REFERENCE_KEY3,VALUE_LIST,IS_READONLY,FIELD_GROUP,FIELD_TYPE FROM FD_SYS_CONFIG with(nolock)  
		WHERE CONFIG_NAME = #{configName};
	</select>
	
	<update id="updateSysConfigValue" parameterType = "java.util.Map">
	
		UPDATE FD_SYS_CONFIG SET CONFIG_VALUE=#{configValue}, LAST_UPDATE_BY='system' ,LAST_UPDATED_TIMESTAMP=GETDATE() WHERE CONFIG_NAME=#{configName};
	</update>
	
	<select id="queryObjectIdFromEXTIMAGE" resultType="String" parameterType = "java.util.Map">
		SELECT txtFrom_Object_Id FROM tbl_audit_trail with (nolock) WHERE txtActivity_Id > #{maxAuditId} 
 		and  txtSystem_Action in ('ACTIVATE DOC','AUTOFILE VOID DOC','BE COPIED','BE SPLITED','COPY DOC','COPY PAGE','DELETE DOC','DOC_REINDEX','ReIndex','REINDEX DOC',
 		'RELINK DOC','RESCAN DOC','SPLIT PAGE','SYSTEM VOID DOC','SYSTEM VOID LINK','UNVOID DOC','UNVOID PAGE','VOID DOC','VOID PAGE') group by txtFrom_Object_Id;
	</select>
	
	<select id="getModifyAttrFromEIMAGE" resultType="com.aia.case360.web.pojo.FdDocAttributes" parameterType="java.util.Map">
		SELECT 
		AGENCY            	 as agency               
		,AGENTNAME           as agentName            
		,AssignReasonCode    as assignReasonCd       
		,AssignUserId        as assignUserId         
		,AutoFiling          as autoFiling           
		,BatchNo             as batchNo              
		,BoxNo               as boxNo                
		,CLMCategory         as clmCategory          
		,COHUserId           as cohUserId            
		,CompanyNo           as companyNo            
		,CurrentUserId       as currentUserId        
		,FORMDESC            as formDesc             
		,FormId              as formId               
		,Inprogress          as inpogressMig         
		,InprogressUserId    as inpogressUserId      
		,IsCLMForm           as isClmForm            
		,IsMajorClaim        as isMajorClaim         
		,IsMedCase           as isMedCase            
		,IsPOSForm           as isPosForm            
		,IsPOSILPForm        as isPosIlpForm         
		,IsUNIForm           as isUniForm            
		,ItemStatus          as itemStatus           
		,JobStatus           as jobStatus            
		,convert(DATETIME,Right(KIVExpirationDate,4)+LEFT(KIVExpirationDate,4),112)   as kivExpirationDt      
		,KIVReason           as kivReason            
		,KIVReasonCode       as kivReasonCd          
		,KIVUserId           as kivUserId            
		,convert(DATETIME,substring(LastPendDate,5,4)+'-'+LEFT(LastPendDate,2)+'-'+substring(LastPendDate,3,2)+Right(LastPendDate,6),120)        as lastPendDt           
		,convert(DATETIME,substring(LastProcDate,5,4)+'-'+LEFT(LastProcDate,2)+'-'+substring(LastProcDate,3,2)+Right(LastProcDate,6),120)        as lastProcDt           
		,LastProcUserId      as lastProcUserId       
		,convert(DATETIME,Right(LatestDocRecDate,4)+LEFT(LatestDocRecDate,4),112)    as latestDocRecDt       
		,LinkIndicator       as linkIndicator        
		,LOB                 as lob                  
		,convert(DATETIME,substring(LOBADLastSyncDate,5,4)+'-'+LEFT(LOBADLastSyncDate,2)+'-'+substring(LOBADLastSyncDate,3,2)+Right(LOBADLastSyncDate,6),120)        as lobadLastSyncDt      
		,LOBADSynced as lobadSynced          
		,LOBADSyncRetried    as lobadSyncRetried     
		,LOBAStatus         as lobaStatus           
		,NAME                as name                 
		,NRIC                as nric                 
		,OBJECT_CLASS        as objectClass          
		,OBJECT_ID           as objectId             
		,OBJECT_NAME         as objectName           
		,OBJECT_SERVER       as objectServer         
		,OBJECT_TYPE         as objectType           
		,OrgCompanyNo        as orgCompanyNo         
		,OriginalUserId      as orginalUserId        
		,OrgPolicyNo         as orgPolicyNo          
		,OrgRequestNo        as orgRequestNo         
		,OrgRequestType      as orgRequestType       
		,PageIndicator       as pageIndicator        
		,PolicyNo            as policyNo             
		,PolicyType          as policyType           
		,POSRequestCategory  as posRequestCategory   
		,convert(DATETIME,Right(ProcessDueDate,4)+LEFT(ProcessDueDate,4),112)      as processDueDt         
		,ProcessType         as processType          
		,QueueId             as queueId              
		,(CASE WHEN ReceivedDate IS NULL OR len(ReceivedDate)!=8 THEN dateadd(day, CAST(substring(OBJECT_ID,3,3) AS INT)-1,convert(DATETIME,(CAST(CAST(LEFT(OBJECT_ID,2) AS INT)+2000 AS VARCHAR(4))+'0101'),112)) ELSE convert(DATETIME,Right(ReceivedDate,4)+LEFT(ReceivedDate,4),112) END)        as receivedDt           
		,ReferFromUserId     as referFromUserId      
		,ReferReasonCode     as referReasonCd        
		,ReferToMR           as referToMr            
		,ReferToUserId       as referToUserId        
		,ReferUserList       as referUserList        
		,RelatedPolicyNo     as relatedPolicyNo      
		,(CASE WHEN ReqReceivedDate IS NOT NULL  THEN CASE WHEN ReceivedDate IS NULL OR len(ReceivedDate)!=8 THEN  dateadd(day, CAST(substring(OBJECT_ID,3,3) AS INT)-1,convert(DATETIME,(CAST(CAST(LEFT(OBJECT_ID,2) AS INT)+2000 AS VARCHAR(4))+'0101'),112)) ELSE convert(DATETIME,Right(ReceivedDate,4)+LEFT(ReceivedDate,4),112) END END)     as reqReceivedDt        
		,RequestNo           as requestNo            
		,RequestType         as requestType          
		,RouError            as rouError             
		,RouErrorRetryCount  as rouErrorRetryCount                     
		,convert(DATETIME,Right(ScanDate,4)+LEFT(ScanDate,4),112)            as scanDt               
		,SourceSystemCode    as sourceSystemCode     
		,StatusIndicator     as statusIndicator      
		,TAADD               as taadd                
		,TACI                as taci                 
		,TCI                 as tci                  
		,TSA                 as tsa                  
		,UNIPlanName         as uniPlanNm            
		,UNIPlanType         as uniPlanType          
		,WFNonWF             as wfNonWf              
		,convert(DATETIME,substring(WFRCrDate,5,4)+'-'+LEFT(WFRCrDate,2)+'-'+substring(WFRCrDate,3,2)+Right(WFRCrDate,6),120)            as wfrCrDt              
		,WFRCrUserId           as wfrCrUserId          
		, convert(DATETIME,substring(WFRUpdDate,5,4)+'-'+LEFT(WFRUpdDate,2)+'-'+substring(WFRUpdDate,3,2)+Right(WFRUpdDate,6),120)        as wfrUpdDt             
		,WFRUpdUserId        as wfrUpdUserId         
		,WFStatus        as wfStatus             
		,WorkitemFormId      as workitemFormId

		from ATTRIBUTES with(nolock) WHERE OBJECT_ID in
		
		<foreach collection="objectIdlist" index="index" item="item" open="(" separator="," close=")">
            #{item}
        </foreach> 
        
	</select>
	
	<update id="updateAttributes" parameterType = "java.util.List">
		<foreach collection="list" index="index" item="item"
			separator=";" open="" close="">
		UPDATE B SET 
		B.OBJECT_TYPE = A.OBJECT_TYPE
		,B.OBJECT_SERVER = A.OBJECT_SERVER
		,B.OBJECT_CLASS = A.OBJECT_CLASS
		,B.AGENCY = A.AGENCY
		,B.AGENT_NM = A.AGENT_NM
		,B.ASSIGN_REASON_CD = A.ASSIGN_REASON_CD
		,B.ASSIGN_USER_ID = A.ASSIGN_USER_ID
		,B.AUTO_FILING = A.AUTO_FILING
		,B.BATCH_NO = A.BATCH_NO 
		,B.BOX_NO = A.BOX_NO 
		,B.CLM_CATEGORY = A.CLM_CATEGORY 
		,B.COH_USER_ID = A.COH_USER_ID 
		,B.COMPANY_NO = A.COMPANY_NO 
		,B.CURRENT_USER_ID = A.CURRENT_USER_ID 
		,B.FORM_DESC = A.FORM_DESC
		,B.FORM_ID = A.FORM_ID 
		,B.INPROGRESS_MIG = A.INPROGRESS_MIG 
		,B.INPROGRESS_USER_ID = A.INPROGRESS_USER_ID 
		,B.IS_CLM_FORM = A.IS_CLM_FORM 
		,B.IS_MAJOR_CLAIM = A.IS_MAJOR_CLAIM 
		,B.IS_MED_CASE = A.IS_MED_CASE 
		,B.IS_POS_FORM = A.IS_POS_FORM 
		,B.IS_POS_ILP_FORM = A.IS_POS_ILP_FORM 
		,B.IS_UNI_FORM = A.IS_UNI_FORM 
		,B.ITEM_STATUS = A.ITEM_STATUS 
		,B.JOB_STATUS = A.JOB_STATUS 
		,B.KIV_EXPIRATION_DT = A.KIV_EXPIRATION_DT 
		,B.KIV_REASON = A.KIV_REASON 
		,B.KIV_REASON_CD = A.KIV_REASON_CD 
		,B.KIV_USER_ID = A.KIV_USER_ID 
		,B.LAST_PEND_DT = A.LAST_PEND_DT 
		,B.LAST_PROC_DT = A.LAST_PROC_DT 
		,B.LAST_PROC_USER_ID = A.LAST_PROC_USER_ID 
		,B.LATEST_DOC_REC_DT = A.LATEST_DOC_REC_DT 
		,B.LINK_INDICATOR = A.LINK_INDICATOR 
		,B.LOB = A.LOB 
		,B.LOBA_STATUS = A.LOBA_STATUS 
		,B.LOBAD_LAST_SYNC_DT = A.LOBAD_LAST_SYNC_DT 
		,B.LOBAD_SYNC_RETRIED = A.LOBAD_SYNC_RETRIED 
		,B.LOBAD_SYNCED = A.LOBAD_SYNCED 
		,B.NAME = A.NAME 
		,B.NRIC = A.NRIC 
		,B.ORG_COMPANY_NO = A.ORG_COMPANY_NO 
		,B.ORG_POLICY_NO = A.ORG_POLICY_NO 
		,B.ORG_REQUEST_NO = A.ORG_REQUEST_NO 
		,B.ORG_REQUEST_TYPE = A.ORG_REQUEST_TYPE 
		,B.ORIGINAL_USER_ID = A.ORIGINAL_USER_ID 
		,B.PAGE_INDICATOR = A.PAGE_INDICATOR 
		,B.POLICY_NO = A.POLICY_NO 
		,B.POLICY_TYPE = A.POLICY_TYPE 
		,B.POS_REQUEST_CATEGORY = A.POS_REQUEST_CATEGORY 
		,B.PROCESS_DUE_DT = A.PROCESS_DUE_DT 
		,B.PROCESS_TYPE = A.PROCESS_TYPE 
		,B.QUEUE_ID = A.QUEUE_ID 
		,B.RECEIVED_DT = A.RECEIVED_DT 
		,B.REFER_FROM_USER_ID = A.REFER_FROM_USER_ID 
		,B.REFER_REASON_CD = A.REFER_REASON_CD 
		,B.REFER_TO_MR = A.REFER_TO_MR 
		,B.REFER_TO_USER_ID = A.REFER_TO_USER_ID 
		,B.REFER_USER_LIST = A.REFER_USER_LIST 
		,B.RELATED_POLICY_NO = A.RELATED_POLICY_NO 
		,B.REQ_RECEIVED_DT = A.REQ_RECEIVED_DT 
		,B.REQUEST_NO = A.REQUEST_NO 
		,B.REQUEST_TYPE = A.REQUEST_TYPE 
		,B.ROU_ERROR = A.ROU_ERROR 
		,B.SCAN_DT = A.SCAN_DT 
		,B.SOURCE_SYSTEM_CODE = A.SOURCE_SYSTEM_CODE 
		,B.STATUS_INDICATOR = A.STATUS_INDICATOR 
		,B.TAADD = A.TAADD ,B.TACI = A.TACI 
		,B.TCI = A.TCI 
		,B.TSA = A.TSA 
		,B.UNI_PLAN_NM = A.UNI_PLAN_NM 
		,B.UNI_PLAN_TYPE = A.UNI_PLAN_TYPE 
		,B.WF_NON_WF = A.WF_NON_WF 
		,B.WF_STATUS = A.WF_STATUS 
		,B.WFR_CR_DT = A.WFR_CR_DT 
		,B.WFR_CR_USER_ID = A.WFR_CR_USER_ID 
		,B.WFR_UPD_DT = A.WFR_UPD_DT 
		,B.WFR_UPD_USER_ID = A.WFR_UPD_USER_ID 
		,B.WORKITEM_FORM_ID = A.WORKITEM_FORM_ID 
		,B.ROU_ERROR_RETRY_COUNT = A.ROU_ERROR_RETRY_COUNT
		,B.OBJECT_NAME = A.OBJECT_NAME 
		FROM  FD_DOC_ATTRIBUTES B JOIN 
	(select
		 #{item.agency}            	as AGENCY                   
		,#{item.agentName}          as AGENT_NM                
		,#{item.assignReasonCd}     as ASSIGN_REASON_CD        
		,#{item.assignUserId}       as ASSIGN_USER_ID          
		,#{item.autoFiling}         as AUTO_FILING             
		,#{item.batchNo}            as BATCH_NO                
		,#{item.boxNo}              as BOX_NO                  
		,#{item.clmCategory}        as CLM_CATEGORY            
		,#{item.cohUserId}          as COH_USER_ID             
		,#{item.companyNo}          as COMPANY_NO              
		,#{item.currentUserId}      as CURRENT_USER_ID         
		,#{item.formDesc}           as FORM_DESC               
		,#{item.formId}             as FORM_ID                 
		,#{item.inpogressMig}       as INPROGRESS_MIG          
		,#{item.inpogressUserId}    as INPROGRESS_USER_ID      
		,#{item.isClmForm}          as IS_CLM_FORM                         
		,#{item.isMajorClaim}       as IS_MAJOR_CLAIM          
		,#{item.isMedCase}          as IS_MED_CASE             
		,#{item.isPosForm}          as IS_POS_FORM             
		,#{item.isPosIlpForm}       as IS_POS_ILP_FORM         
		,#{item.isUniForm}          as IS_UNI_FORM             
		,#{item.itemStatus}         as ITEM_STATUS             
		,#{item.jobStatus}          as JOB_STATUS              
		,#{item.kivExpirationDt}    as KIV_EXPIRATION_DT       
		,#{item.kivReason}          as KIV_REASON              
		,#{item.kivReasonCd}        as KIV_REASON_CD           
		,#{item.kivUserId}          as KIV_USER_ID             
		,#{item.lastPendDt}         as LAST_PEND_DT            
		,#{item.lastProcDt}         as LAST_PROC_DT            
		,#{item.lastProcUserId}     as LAST_PROC_USER_ID       
		,#{item.latestDocRecDt}     as LATEST_DOC_REC_DT       
		,#{item.linkIndicator}      as LINK_INDICATOR          
		,#{item.lob}                as LOB                     
		,#{item.lobaStatus}    		as LOBA_STATUS             
		,#{item.lobadLastSyncDt}    as LOBAD_LAST_SYNC_DT      
		,#{item.lobadSyncRetried}   as LOBAD_SYNC_RETRIED      
		,#{item.lobadSynced}       	as LOBAD_SYNCED            
		,#{item.name}               as NAME                    
		,#{item.nric}               as NRIC                    
		,#{item.objectClass}        as OBJECT_CLASS            
		,#{item.objectId}           as OBJECT_ID                  
		,#{item.objectName}         as OBJECT_NAME             
		,#{item.objectServer}       as OBJECT_SERVER           
		,#{item.objectType}         as OBJECT_TYPE             
		,#{item.orgCompanyNo}       as ORG_COMPANY_NO          
		,#{item.orgPolicyNo}     as ORG_POLICY_NO           
		,#{item.orgRequestNo}        as ORG_REQUEST_NO          
		,#{item.orgRequestType}        as ORG_REQUEST_TYPE        
		,#{item.orginalUserId}    as ORIGINAL_USER_ID         
		,#{item.pageIndicator}      as PAGE_INDICATOR          
		,#{item.policyNo}           as POLICY_NO               
		,#{item.policyType}         as POLICY_TYPE             
		,#{item.posRequestCategory} as POS_REQUEST_CATEGORY    
		,#{item.processDueDt}       as PROCESS_DUE_DT          
		,#{item.processType}        as PROCESS_TYPE            
		,#{item.queueId}            as QUEUE_ID                
		,#{item.receivedDt}         as RECEIVED_DT             
		,#{item.referFromUserId}    as REFER_FROM_USER_ID      
		,#{item.referReasonCd}      as REFER_REASON_CD         
		,#{item.referToMr}          as REFER_TO_MR             
		,#{item.referToUserId}      as REFER_TO_USER_ID        
		,#{item.referUserList}      as REFER_USER_LIST         
		,#{item.relatedPolicyNo}    as RELATED_POLICY_NO       
		,#{item.reqReceivedDt}      as REQ_RECEIVED_DT         
		,#{item.requestNo}          as REQUEST_NO              
		,#{item.requestType}        as REQUEST_TYPE            
		,#{item.rouError}           as ROU_ERROR               
		,#{item.rouErrorRetryCount} as ROU_ERROR_RETRY_COUNT   
		,#{item.scanDt}             as SCAN_DT                 
		,#{item.sourceSystemCode}   as SOURCE_SYSTEM_CODE      
		,#{item.statusIndicator}    as STATUS_INDICATOR        
		,#{item.taadd}              as TAADD                   
		,#{item.taci}               as TACI                    
		,#{item.tci}                as TCI                     
		,#{item.tsa}                as TSA                     
		,#{item.uniPlanNm}          as UNI_PLAN_NM             
		,#{item.uniPlanType}        as UNI_PLAN_TYPE           
		,#{item.wfNonWf}            as WF_NON_WF               
		,#{item.wfStatus}              as WF_STATUS               
		,#{item.wfrCrDt}          as WFR_CR_DT             
		,#{item.wfrCrUserId}           as WFR_CR_USER_ID          
		,#{item.wfrUpdDt}         as WFR_UPD_DT              
		,#{item.wfrUpdUserId}          as WFR_UPD_USER_ID         
		,#{item.workitemFormId}     as WORKITEM_FORM_ID ) A ON A.OBJECT_ID = B.OBJECT_ID;
		</foreach>
	</update>
	
	<insert id="insDocLink" parameterType="java.util.List">

		<foreach close="" collection="list" index="index" item="item"
			open="" separator=";">
			INSERT
			INTO
			FD_DOC_LINK(CREATED_DT,FORM_ID,OBJECT_ID,POL_NUM,REQUEST_NUM,LINKCASEID,PROCESS_TYPE,RECEIVED_DT,COMPANY_NO,IS_VOID,IS_MIGRATED,IS_DELETED)
			SELECT 
			FROM (SELECT GETDATE() AS CREATED_DT
			,#{item.formId,jdbcType=VARCHAR} AS FORM_ID
			,#{item.objectId,jdbcType=VARCHAR} AS OBJECT_ID
			,#{item.policyNo,jdbcType=VARCHAR} AS POL_NUM
			,#{item.requestNo,jdbcType=VARCHAR} AS REQUEST_NUM
			,#{item.caseId,jdbcType=VARCHAR} AS LINKCASEID
			,#{item.processType,jdbcType=VARCHAR} AS PROCESS_TYPE
			,#{item.receivedDate,jdbcType=VARCHAR} AS RECEIVED_DT
			,#{item.companyNo,jdbcType=VARCHAR} AS COMPANY_NO
			,0 AS IS_VOID
			,0 AS IS_MIGRATED
			,0 AS IS_DELETED
			)LINK WHERE NOT EXISTS(SELECT 1 FROM FD_DOC_LINK DOC WITH(NOLOCK) WHERE LINK.OBJECT_ID=DOC.OBJECT_ID AND LINK.POL_NUM=DOC.POL_NUM);
		</foreach>

	</insert>
	
	
	<select id="getLogicalLinkEXTIMAGE" resultType="com.aia.case360.web.pojo.FdDocLink" parameterType = "java.util.Map">
		select PARENT_ID AS objectId,COMPANY_CODE AS companyNo,POLICY_NO AS policyNo,REQUEST_NO AS requestNo,FORM_ID AS formId,PROCESS_TYPE  AS processType from tlogical_link with (nolock) where  parent_id  in
		 
		<foreach collection="list" index="index" item="item" open="(" separator="," close=")">
            #{item}
        </foreach>
	</select>
	
	<update id="updateDocLink" parameterType = "java.util.List">
		<foreach collection="list" index="index" item="item"
			separator=";" open="" close="">
		UPDATE 	B SET
		B.FORM_ID=A.FORM_ID
		,B.POL_NUM=A.POL_NUM
		,B.PROCESS_TYPE=A.PROCESS_TYPE
		,B.RECEIVED_DT=A.RECEIVED_DT
		,B.COMPANY_NO=A.COMPANY_NO
		FROM FD_DOC_LINK B JOIN 
		(select
		 #{item.formId}
		 ,#{item.policyNo}
		 ,#{item.processType}
		 ,#{item.receivedDate}
		 ,#{item.companyNo}
		
		)A ON B.OBJECT_ID=#{item.objectId} and B.POL_NUM=A.POL_NUM
	
	</foreach>
	</update>
	
	<select id="getAttrFromEIMAGE" resultType="java.util.Map" parameterType="java.util.Map">
		select TOP 2000
		AGENCY            	 as AGENCY               
		,AGENTNAME           as AGENT_NM             
		,AssignReasonCode    as ASSIGN_REASON_CD     
		,AssignUserId        as ASSIGN_USER_ID       
		,AutoFiling          as AUTO_FILING          
		,BatchNo             as BATCH_NO             
		,BoxNo               as BOX_NO               
		,CLMCategory         as CLM_CATEGORY         
		,COHUserId           as COH_USER_ID          
		,CompanyNo           as COMPANY_NO           
		,CurrentUserId       as CURRENT_USER_ID      
		,FORMDESC            as FORM_DESC            
		,FormId              as FORM_ID              
		,Inprogress          as INPROGRESS_MIG       
		,InprogressUserId    as INPROGRESS_USER_ID   
		,IsCLMForm           as IS_CLM_FORM          
		,IsMajorClaim        as IS_MAJOR_CLAIM       
		,IsMedCase           as IS_MED_CASE          
		,IsPOSForm           as IS_POS_FORM          
		,IsPOSILPForm        as IS_POS_ILP_FORM      
		,IsUNIForm           as IS_UNI_FORM          
		,ItemStatus          as ITEM_STATUS          
		,JobStatus           as JOB_STATUS             
		,KIVReason           as KIV_REASON           
		,KIVReasonCode       as KIV_REASON_CD        
		,KIVUserId           as KIV_USER_ID               
		,LastProcUserId      as LAST_PROC_USER_ID    
		,LinkIndicator       as LINK_INDICATOR          
		,LOBADSynced 		 as LOBAD_SYNCED        
		,LOBADSyncRetried    as LOBAD_SYNC_RETRIED   
		,LOBAStatus          as LOBA_STATUS       
		,NAME                as NAME                 
		,NRIC                as NRIC                 
		,OBJECT_CLASS        as OBJECT_CLASS         
		,OBJECT_ID           as OBJECT_ID            
		,OBJECT_NAME         as OBJECT_NAME          
		,OBJECT_SERVER       as OBJECT_SERVER        
		,OBJECT_TYPE         as OBJECT_TYPE          
		,OrgCompanyNo        as ORG_COMPANY_NO      
		,OriginalUserId      as ORIGINAL_USER_ID  
		,OrgPolicyNo         as ORG_POLICY_NO        
		,OrgRequestNo        as ORG_REQUEST_NO       
		,OrgRequestType      as ORG_REQUEST_TYPE         
		,PolicyNo            as POLICY_NO           
		,PolicyType          as POLICY_TYPE         
		,POSRequestCategory  as POS_REQUEST_CATEGORY      
		,ProcessType         as PROCESS_TYPE        
		,QueueId             as QUEUE_ID            
		,(CASE WHEN ReceivedDate IS NULL OR len(ReceivedDate)!=8 THEN dateadd(day, CAST(substring(OBJECT_ID,3,3) AS INT)-1,convert(DATETIME,(CAST(CAST(LEFT(OBJECT_ID,2) AS INT)+2000 AS VARCHAR(4))+'0101'),112)) ELSE convert(DATETIME,Right(ReceivedDate,4)+LEFT(ReceivedDate,4),112) END) as RECEIVED_DT           
		,ReferFromUserId     as REFER_FROM_USER_ID   
		,ReferReasonCode     as REFER_REASON_CD      
		,ReferToMR           as REFER_TO_MR          
		,ReferToUserId       as REFER_TO_USER_ID     
		,ReferUserList       as REFER_USER_LIST      
		,RequestNo           as REQUEST_NO           
		,RequestType         as REQUEST_TYPE         
		,RouError            as ROU_ERROR            
		,RouErrorRetryCount  as ROU_ERROR_RETRY_COUNT
		,convert(DATETIME,Right(ScanDate,4)+LEFT(ScanDate,4),112) as SCAN_DT                         
		,SourceSystemCode    as SOURCE_SYSTEM_CODE
		,StatusIndicator     as STATUS_INDICATOR  
		,TAADD               as TAADD             
		,TACI                as TACI              
		,TCI                 as TCI               
		,UNIPlanName         as UNI_PLAN_NM       
		,UNIPlanType         as UNI_PLAN_TYPE     
		,WFNonWF             as WF_NON_WF         
		,WFRCrUserId         as WFR_CR_USER_ID         
		,WFRUpdUserId        as WFR_UPD_USER_ID   
		,WFStatus            as WF_STATUS   
		,WorkitemFormId      as WORKITEM_FORM_ID  
 		,PageIndicator as PAGE_INDICATOR
		from ATTRIBUTES with(nolock) WHERE OBJECT_ID &gt; #{objectId} and OBJECT_ID not in
		
		<foreach collection="noNeedObjectId" index="index" item="item" open="(" separator="," close=")">
            #{item}
        </foreach> 
         order by OBJECT_ID ASC
	</select>
	
	<select id="getLCLinkEXTIMAGE" resultType="java.util.Map" parameterType = "java.util.Map">
		select  PARENT_ID AS OBJECT_ID,COMPANY_CODE AS COMPANY_NO,POLICY_NO AS POL_NUM,REQUEST_NO AS REQUEST_NUM,FORM_ID,PROCESS_TYPE from tlogical_link with (nolock) where parent_id &gt; #{objectId}
		 and parent_id not in
		 
		<foreach collection="noNeedObjectId" index="index" item="item" open="(" separator="," close=")">
            #{item}
        </foreach>
        
        order by PARENT_ID ASC
	</select>
	
	
	<select id="getUpAttrFromEIMAGE" resultType="java.util.Map" parameterType="java.util.Map">
		select 
		AGENCY            	 as AGENCY               
		,AGENTNAME           as AGENT_NM             
		,AssignReasonCode    as ASSIGN_REASON_CD     
		,AssignUserId        as ASSIGN_USER_ID       
		,AutoFiling          as AUTO_FILING          
		,BatchNo             as BATCH_NO             
		,BoxNo               as BOX_NO               
		,CLMCategory         as CLM_CATEGORY         
		,COHUserId           as COH_USER_ID          
		,CompanyNo           as COMPANY_NO           
		,CurrentUserId       as CURRENT_USER_ID      
		,FORMDESC            as FORM_DESC            
		,FormId              as FORM_ID              
		,Inprogress          as INPROGRESS_MIG       
		,InprogressUserId    as INPROGRESS_USER_ID   
		,IsCLMForm           as IS_CLM_FORM          
		,IsMajorClaim        as IS_MAJOR_CLAIM       
		,IsMedCase           as IS_MED_CASE          
		,IsPOSForm           as IS_POS_FORM          
		,IsPOSILPForm        as IS_POS_ILP_FORM      
		,IsUNIForm           as IS_UNI_FORM          
		,ItemStatus          as ITEM_STATUS          
		,JobStatus           as JOB_STATUS             
		,KIVReason           as KIV_REASON           
		,KIVReasonCode       as KIV_REASON_CD        
		,KIVUserId           as KIV_USER_ID               
		,LastProcUserId      as LAST_PROC_USER_ID    
		,LinkIndicator       as LINK_INDICATOR          
		,LOBADSynced 		 as LOBAD_SYNCED         
		,LOBADSyncRetried    as LOBAD_SYNC_RETRIED   
		,LOBAStatus          as LOBA_STATUS        
		,NAME                as NAME                 
		,NRIC                as NRIC                 
		,OBJECT_CLASS        as OBJECT_CLASS         
		,OBJECT_ID           as OBJECT_ID            
		,OBJECT_NAME         as OBJECT_NAME          
		,OBJECT_SERVER       as OBJECT_SERVER        
		,OBJECT_TYPE         as OBJECT_TYPE          
		,OrgCompanyNo        as ORG_COMPANY_NO      
		,OriginalUserId      as ORIGINAL_USER_ID  
		,OrgPolicyNo         as ORG_POLICY_NO        
		,OrgRequestNo        as ORG_REQUEST_NO       
		,OrgRequestType      as ORG_REQUEST_TYPE         
		,PolicyNo            as POLICY_NO           
		,PolicyType          as POLICY_TYPE         
		,POSRequestCategory  as POS_REQUEST_CATEGORY      
		,ProcessType         as PROCESS_TYPE        
		,QueueId             as QUEUE_ID            
		,(CASE WHEN ReceivedDate IS NULL OR len(ReceivedDate)!=8 THEN dateadd(day, CAST(substring(OBJECT_ID,3,3) AS INT)-1,convert(DATETIME,(CAST(CAST(LEFT(OBJECT_ID,2) AS INT)+2000 AS VARCHAR(4))+'0101'),112)) ELSE convert(DATETIME,Right(ReceivedDate,4)+LEFT(ReceivedDate,4),112) END) as RECEIVED_DT           
		,ReferFromUserId     as REFER_FROM_USER_ID   
		,ReferReasonCode     as REFER_REASON_CD      
		,ReferToMR           as REFER_TO_MR          
		,ReferToUserId       as REFER_TO_USER_ID     
		,ReferUserList       as REFER_USER_LIST      
		,RequestNo           as REQUEST_NO           
		,RequestType         as REQUEST_TYPE         
		,RouError            as ROU_ERROR            
		,RouErrorRetryCount  as ROU_ERROR_RETRY_COUNT
		,convert(DATETIME,Right(ScanDate,4)+LEFT(ScanDate,4),112) as SCAN_DT                         
		,SourceSystemCode    as SOURCE_SYSTEM_CODE
		,StatusIndicator     as STATUS_INDICATOR  
		,TAADD               as TAADD             
		,TACI                as TACI              
		,TCI                 as TCI               
		,UNIPlanName         as UNI_PLAN_NM       
		,UNIPlanType         as UNI_PLAN_TYPE     
		,WFNonWF             as WF_NON_WF         
		,WFRCrUserId         as WFR_CR_USER_ID         
		,WFRUpdUserId        as WFR_UPD_USER_ID    
		,WFStatus            as WF_STATUS
		,WorkitemFormId      as WORKITEM_FORM_ID  
	 	,PageIndicator as PAGE_INDICATOR
		from ATTRIBUTES with(nolock) WHERE OBJECT_ID  in
		
		<foreach collection="ObjectId" index="index" item="item" open="(" separator="," close=")">
            #{item}
        </foreach> 
        
	</select>
	
	<select id="getUpLCLinkEXTIMAGE" resultType="java.util.Map" parameterType = "java.util.Map">
		select 
		case process_type when 'clmp' then request_no when 'clmx' then request_no else null end as CLAIM_NO,
		company_code COMPANY_NO,
		creation_date CREATED_DT,
		form_id FORM_ID,
		case status when 'V' then 1 else 0 end IS_VOID,
		STATUS,
		parent_id OBJECT_ID,
		policy_no POL_NUM,
		process_type PROCESS_TYPE,
		request_no REQUEST_NUM,
		link_id LOGICAL_LINK_ID,
		RECEIVE_DATE AS RECEIVEDDATE
		from tlogical_link a with(nolock) join (select distinct txtLink_Id from tbl_audit_trail b with(nolock) 
		where 
		txtActivity_Id &gt; #{LAST_AUDIT_ID}  AND  txtActivity_Id &lt;=#{MAX_AUDIT_ID} and 
		txtSystem_Action in ('ACTIVATE DOC','AUTOFILE VOID DOC','BE COPIED','BE SPLITED','COPY DOC',
 		'COPY PAGE','DELETE DOC','DOC_REINDEX','ReIndex','REINDEX DOC',
 		'RELINK DOC','RESCAN DOC','SPLIT PAGE','SYSTEM VOID DOC','SYSTEM VOID LINK',
 		'UNVOID DOC','UNVOID PAGE','VOID DOC','VOID PAGE') and 
		 b.txtLink_Id !='' ) c on a.link_id= c.txtLink_Id 
		 
	</select>
	
	<select id="getAttributesMapFromEIMAGE" resultType="java.util.Map" parameterType="java.util.Map">
		select TOP 2000
		AGENCY            	 as AGENCY                   
		,AGENTNAME           as AGENT_NM        
		,AssignReasonCode    as ASSIGN_REASON_CD
		,AssignUserId        as ASSIGN_USER_ID  
		,AutoFiling          as AUTO_FILING     
		,BatchNo             as BATCH_NO        
		,BoxNo               as BOX_NO          
		,CLMCategory         as CLM_CATEGORY    
		,COHUserId           as COH_USER_ID     
		,CompanyNo           as COMPANY_NO      
		,CurrentUserId       as CURRENT_USER_ID 
		,FORMDESC            as FORM_DESC       
		,FormId              as FORM_ID         
		,Inprogress          as INPROGRESS_MIG    
		,InprogressUserId    as INPROGRESS_USER_ID       
		,IsCLMForm           as IS_CLM_FORM                
		,IsMajorClaim        as IS_MAJOR_CLAIM        
		,IsMedCase           as IS_MED_CASE           
		,IsPOSForm           as IS_POS_FORM           
		,IsPOSILPForm        as IS_POS_ILP_FORM       
		,IsUNIForm           as IS_UNI_FORM           
		,ItemStatus          as ITEM_STATUS           
		,JobStatus           as JOB_STATUS    
		,convert(DATETIME,Right(KIVExpirationDate,4)+LEFT(KIVExpirationDate,4),112)   as KIV_EXPIRATION_DT      
		,KIVReason           as KIV_REASON            
		,KIVReasonCode       as KIV_REASON_CD          
		,KIVUserId           as KIV_USER_ID            
		,convert(DATETIME,substring(LastPendDate,5,4)+'-'+LEFT(LastPendDate,2)+'-'+substring(LastPendDate,3,2)+Right(LastPendDate,6),120)        as LAST_PEND_DT           
		,convert(DATETIME,substring(LastProcDate,5,4)+'-'+LEFT(LastProcDate,2)+'-'+substring(LastProcDate,3,2)+Right(LastProcDate,6),120)        as LAST_PROC_DT           
		,LastProcUserId      as LAST_PROC_USER_ID       
		,convert(DATETIME,Right(LatestDocRecDate,4)+LEFT(LatestDocRecDate,4),112)    as LATEST_DOC_REC_DT       
		,LinkIndicator       as LINK_INDICATOR        
		,LOB                 as LOB                  
		,convert(DATETIME,substring(LOBADLastSyncDate,5,4)+'-'+LEFT(LOBADLastSyncDate,2)+'-'+substring(LOBADLastSyncDate,3,2)+Right(LOBADLastSyncDate,6),120)        as LOBAD_LAST_SYNC_DT      
		,LOBADSynced 		 as LOBAD_SYNCED          
		,LOBADSyncRetried    as LOBAD_SYNC_RETRIED     
		,LOBAStatus          as LOBA_STATUS           
		,NAME                as NAME             
		,NRIC                as NRIC             
		,OBJECT_CLASS        as OBJECT_CLASS     
		,OBJECT_ID           as OBJECT_ID        
		,OBJECT_NAME         as OBJECT_NAME      
		,OBJECT_SERVER       as OBJECT_SERVER    
		,OBJECT_TYPE         as OBJECT_TYPE      
		,OrgCompanyNo        as ORG_COMPANY_NO   
		,OriginalUserId      as ORIGINAL_USER_ID    
		,OrgPolicyNo         as ORG_POLICY_NO   
		,OrgRequestNo        as ORG_REQUEST_NO       
		,OrgRequestType      as ORG_REQUEST_TYPE 
		,PageIndicator       as PAGE_INDICATOR   
		,PolicyNo            as POLICY_NO        
		,PolicyType          as POLICY_TYPE      
		,POSRequestCategory  as POS_REQUEST_CATEGORY   
		,convert(DATETIME,Right(ProcessDueDate,4)+LEFT(ProcessDueDate,4),112)      as PROCESS_DUE_DT         
		,ProcessType         as PROCESS_TYPE          
		,QueueId             as QUEUE_ID              
		,(CASE WHEN ReceivedDate IS NULL OR len(ReceivedDate)!=8 THEN dateadd(day, CAST(substring(OBJECT_ID,3,3) AS INT)-1,convert(DATETIME,(CAST(CAST(LEFT(OBJECT_ID,2) AS INT)+2000 AS VARCHAR(4))+'0101'),112)) ELSE convert(DATETIME,Right(ReceivedDate,4)+LEFT(ReceivedDate,4),112) END) as RECEIVED_DT           
		,ReferFromUserId     as REFER_FROM_USER_ID      
		,ReferReasonCode     as REFER_REASON_CD         
		,ReferToMR           as REFER_TO_MR             
		,ReferToUserId       as REFER_TO_USER_ID        
		,ReferUserList       as REFER_USER_LIST         
		,RelatedPolicyNo     as RELATED_POLICY_NO      
		,(CASE WHEN ReqReceivedDate IS NOT NULL  THEN CASE WHEN ReceivedDate IS NULL OR len(ReceivedDate)!=8 THEN  dateadd(day, CAST(substring(OBJECT_ID,3,3) AS INT)-1,convert(DATETIME,(CAST(CAST(LEFT(OBJECT_ID,2) AS INT)+2000 AS VARCHAR(4))+'0101'),112)) ELSE convert(DATETIME,Right(ReceivedDate,4)+LEFT(ReceivedDate,4),112) END END)     as REQ_RECEIVED_DT        
		,RequestNo           as REQUEST_NO            
		,RequestType         as REQUEST_TYPE          
		,RouError            as ROU_ERROR             
		,RouErrorRetryCount  as ROU_ERROR_RETRY_COUNT                     
		,convert(DATETIME,Right(ScanDate,4)+LEFT(ScanDate,4),112)  as SCAN_DT               
		,SourceSystemCode    as SOURCE_SYSTEM_CODE     
		,StatusIndicator     as STATUS_INDICATOR      
		,TAADD               as TAADD                
		,TACI                as TACI                 
		,TCI                 as TCI                  
		,TSA                 as TSA                  
		,UNIPlanName         as UNI_PLAN_NM            
		,UNIPlanType         as UNI_PLAN_TYPE          
		,WFNonWF             as WF_NON_WF              
		,convert(DATETIME,substring(WFRCrDate,5,4)+'-'+LEFT(WFRCrDate,2)+'-'+substring(WFRCrDate,3,2)+Right(WFRCrDate,6),120)            as WFR_CR_DT              
		,WFRCrUserId           as WFR_CR_USER_ID          
		, convert(DATETIME,substring(WFRUpdDate,5,4)+'-'+LEFT(WFRUpdDate,2)+'-'+substring(WFRUpdDate,3,2)+Right(WFRUpdDate,6),120)        as WFR_UPD_DT             
		,WFRUpdUserId        as WFR_UPD_USER_ID         
		,WFStatus        as WF_STATUS             
		,WorkitemFormId      as WORKITEM_FORM_ID

		from ATTRIBUTES with(nolock) WHERE OBJECT_ID &gt; #{objectId} and object_id not in
		
		<foreach collection="noNeedObjectId" index="index" item="item" open="(" separator="," close=")">
            #{item}
        </foreach> 
         order by OBJECT_ID ASC
	</select>
	
	
	<select id="getUpAuditTrailEXTIMAGE" resultType="java.util.Map" parameterType = "java.util.Map">
	select top 200
txtActivity_Id							AS ACTIVITY_ID      
,txtUser_Id                  AS CREATED_BY       
,dteAction                   AS CREATED_TIMESTAMP
,txtFrom_Batch_No            AS FROM_BATCH_NO    
,txtFrom_Box_No              AS FROM_BOX_NO      
,txtFrom_Comp_Code           AS FROM_COM_CD      
,txtFrom_Form_Id             AS FROM_FORM_ID     
,txtFrom_Link_Indicator      AS FROM_LINK_IND    
,txtFrom_Object_Id           AS FROM_OBJECT_ID   
,txtFrom_Page_No             AS FROM_PAGE_NO     
,txtFrom_Policy_No           AS FROM_POL_NUM     
,txtFrom_Process_Type        AS FROM_PROCESS_TYPE
,txtFrom_Receive_Date        AS FROM_RECEIVED_DT 
,txtFrom_Request_No          AS FROM_REQ_NO      
,txtFrom_Status_Indicator    AS FROM_STATUS_IND  
,txtFrom_Verified            AS FROM_VERIFIED    
,txtFRS_Request_No           AS FRS_REQ_NO       
,txtLink_Id	AS LOGICAL_LINK_ID
,txtOther    AS OTHER          
,txtSystem_Action						AS SYS_ACT         
,txtTo_Batch_No              AS TO_BATCH_NO     
,txtTo_Box_No                AS TO_BOX_NO       
,txtTo_Comp_Code             AS TO_COM_CD       
,txtTo_Form_Id               AS TO_FORM_ID      
,txtTo_Link_Indicator        AS TO_LINK_IND     
,txtTo_Object_Id             AS TO_OBJECT_ID    
,txtTo_Page_No               AS TO_PAGE_NO      
,txtTo_Policy_No             AS TO_POL_NUM      
,txtTo_Process_Type          AS TO_PROCESS_TYPE 
,txtTo_Receive_Date          AS TO_RECEIVED_DT  
,txtTo_Request_No            AS TO_REQ_NO       
,txtTo_Status_Indicator      AS TO_STATUS_IND   
,txtTo_Verified              AS TO_VERIFIED     
,txtUser_Action              AS USER_ACT        
from tbl_audit_trail with (nolock)  
where 
txtActivity_id &lt;='21000000000000000000' 
and 	txtActivity_Id &gt; #{LAST_AUDIT_ID}  and
txtSystem_Action in ('ACTIVATE DOC','AUTOFILE VOID DOC','BE COPIED','BE SPLITED','COPY DOC',
 		'COPY PAGE','DELETE DOC','DOC_REINDEX','ReIndex','REINDEX DOC',                          
 		'RELINK DOC','RESCAN DOC','SPLIT PAGE','SYSTEM VOID DOC','SYSTEM VOID LINK',             
 		'UNVOID DOC','UNVOID PAGE','VOID DOC','VOID PAGE')  order by txtActivity_Id
	</select>
	
	
	<select id="getUpAttributesMapFromEIMAGE" resultType="java.util.Map" parameterType="java.util.Map">
		select
		OBJECT_ID           as OBJECT_ID        
		,OBJECT_NAME         as OBJECT_NAME      
		,PolicyNo            as POLICY_NO        
		,RequestNo			 as REQUEST_NO
		,LinkIndicator       as LINK_INDICATOR                
		from ${DB_USER}.ATTRIBUTES with(nolock) WHERE object_id  in 
		<foreach collection="ObjectId" index="index" item="item" open="(" separator="," close=")">
            #{item}
        </foreach> 
        
	</select>
	<select id="getMaxLCIdFromDocLink" resultType="java.util.Map" parameterType = "java.util.Map">
		SELECT MAX(LOGICAL_LINK_ID) AS MAXLOGICAL_LINK_ID FROM FD_DOC_LINK with(nolock) WHERE SUBSTRING(LOGICAL_LINK_ID,2,1)='0'
	</select>
	
</mapper>