<?xml version="1.0" encoding="UTF-8" ?>
<!DOCTYPE mapper PUBLIC "-//mybatis.org//DTD Mapper 3.0//EN" "http://mybatis.org/dtd/mybatis-3-mapper.dtd" >
<mapper namespace="com.aia.case360.web.dao.DocOMSDao" >

<!-- Get document by object ID by OMS -->

<!-- <select id="queryDocumentByIDOMS" resultType="com.aia.case360.web.pojo.DocOMSDetailsInfo" parameterType="com.aia.case360.web.pojo.DocOMSParameter">
 select FILENAME as fileName, OBJECT_ID as objectId, DOCUMENTID as documentId from FS_DOCUMENTS where OBJECT_ID=#{objectID} ;
</select> -->

<select id="queryDocumentByIDOMS" resultType="com.aia.case360.web.pojo.DocOMSDetailsInfo" parameterType="com.aia.case360.web.pojo.DocOMSParameter">
<![CDATA[ 
        {call [dbo].[sp_getdocumentbyidoms](  
                 #{objectID,jdbcType=NVARCHAR,mode=IN}     
             )}
         ]]>
</select>


  <!-- Get Document list by OMS -->

<!-- <select id="queryDocumentListOMS" resultType="com.aia.case360.web.pojo.DocListOMSDetailsInfo" parameterType="com.aia.case360.web.pojo.DocListOMSParameter">
select a.COMPANY_NO as companyNo,
       a.POL_NUM as policyNo,
       a.RECEIVED_DT as recieveDate,
       a.OBJECT_ID as objectId,
       a.FORM_ID as formId,
       c.LAST_UPDATED_TIMESTAMP as imageDate,
       d.FORM_NM as fileName,
       cf.REQUEST_NUM as requestNo,
       c.FILE_EXTENSION as fileExtension,
       c.IS_VOID as fileStatus,
       a.IS_LOGICAL as fileType,
       a.CLAIM_NO as claimNo,
       c.PAGE_INDICATOR as pageNo,
        wl.CLM_NUM as claimNo
      from FD_DOC_LINK a,FD_DOC_ATTRIBUTES b,FS_DOCUMENTS c,FD_FORM_DEFINITION d,CF_WORK cf,FD_WCF_LINK wl
      where a.OBJECT_ID=b.OBJECT_ID
            and b.OBJECT_ID=c.OBJECT_ID
            and a.FORM_ID=d.FORM_ID
            and cf.CASEFOLDERID=a.LINKCASEID
            and cf.CASEFOLDERID=wl.LINKCASEID
<if test="companyNo!=null">
 and a.COMPANY_NO=#{companyNo}
</if>
<if test="policyNo!=null">
 and a.POL_NUM=#{policyNo}
</if>
  
<if test="dateFrom!=null">
 and a.RECEIVED_DT &gt;= #{dateFrom}
</if>
<if test="dateTo!=null">
 and a.RECEIVED_DT &lt;= #{dateTo}
</if> 
<if test="formId!=null">
 and a.FORM_ID in 
 <foreach collection="formId" index="index" item="item" open="(" separator="," close=")">  
        #{item}  
  </foreach>  
</if>

<if test="processName!=null">
and cf.LOB in 
<foreach collection="processName" index="index" item="item" open="(" separator="," close=")">  
        #{item}  
  </foreach>  
</if>
</select>  
 -->


 	<!-- <select id="getDocumentsByID" resultType="com.aia.case360.web.pojo.DocOMSDetailsInfo" parameterType="java.lang.String">
		SELECT DOCUMENTID as documentId,FILENAME as fileName,OBJECT_ID as objectId,IS_VOID as isVoid,PAGE_INDICATOR as pageIndicator
		FROM [dbo].[FS_DOCUMENTS] WHERE DOCUMENTID=#{documentid}
	</select>
	 -->
	<select id="getDocumentsByID" resultType="com.aia.case360.web.pojo.DocOMSDetailsInfo" parameterType="java.lang.String">
		<![CDATA[ 
		
		{call [dbo].[sp_get_document_by_id_edoc](  
                #{documentid,jdbcType=NVARCHAR,mode=IN}
             )}
         ]]>
	</select>
	
	
<!-- Get document by object ID --> 
<select id="queryDocumentByID" resultType="com.aia.case360.web.pojo.DocOMSDetailsInfo" parameterType="com.aia.case360.web.pojo.DocOMSParameter"  statementType="CALLABLE">
 <![CDATA[ 
		{call [dbo].[sp_get_document_by_id](  
                #{objectID,jdbcType=NVARCHAR,mode=IN},
                #{callingSystem,jdbcType=NVARCHAR,mode=IN},
                #{policyNo,jdbcType=NVARCHAR,mode=IN}
             )}
         ]]>
</select>

<!-- Get object_name by object ID. add by wanjun--> 
<select id="getObjectNameByID" resultType="java.util.Map" parameterType="String">
SELECT top 1 OBJECT_NAME,MIG_STATUS FROM FD_DOC_MIG_CTRL WHERE OBJECT_ID = #{objectID}
</select>
  
  
<!-- Get Document list --> 
<select id="queryDocumentList" resultType="com.aia.case360.web.pojo.DocListDetailsInfo" parameterType="com.aia.case360.web.pojo.DocListParameter">
<![CDATA[ 
		{call [dbo].[sp_get_document_list](  
                #{companyNo,jdbcType=NVARCHAR,mode=IN},
                #{policyNo,jdbcType=NVARCHAR,mode=IN},
                #{dateFrom,jdbcType=NVARCHAR,mode=IN},
                #{dateTo,jdbcType=NVARCHAR,mode=IN},
                #{callingSystem,jdbcType=NVARCHAR,mode=IN}
             )}
         ]]>
</select>  
  
<!-- Check objectID  --> 
<select id="checkObjectIDEdoc" resultType="java.lang.String" parameterType="com.aia.case360.web.pojo.DocListParameter">
<![CDATA[ 
		{call db_edoc.[dbo].[po_edoc_inbox_object_list](  
		        #{policyNo,jdbcType=NVARCHAR,mode=IN},
		        #{userCode,jdbcType=NVARCHAR,mode=IN},
                #{companyNo,jdbcType=NVARCHAR,mode=IN}
               
                
             )}
         ]]>
</select> 

</mapper>