<?xml version="1.0" encoding="UTF-8" ?>
<!DOCTYPE mapper PUBLIC "-//mybatis.org//DTD Mapper 3.0//EN" "http://mybatis.org/dtd/mybatis-3-mapper.dtd" >
<mapper namespace="com.aia.case360.web.dao.DocSigDao">


	<insert id="insertFdPolRoleSig" parameterType="java.util.List">
		<foreach close="" collection="list" index="index" item="item"
			open="" separator=";">
			INSERT INTO [FD_POLROLE_SIG]
			([POL_NUM]
			,[POL_ROLE]
			,[CREATED_TIMESTAMP]
			,[OBJECT_ID]
			,[IS_DELETED]
			,[IS_VOID]
			,[COMPANY_NO])
			VALUES
			( #{item.polNum},
			#{item.polRole}, 
			#{item.createdTimestamp},
			#{item.objectId},
			#{item.isDeleted},
			#{item.isViod},
			#{item.companyNo})
		</foreach>

	</insert>

	<update id="deleteFdPolRoleSig" parameterType="string">
		UPDATE
		FD_POLROLE_SIG SET IS_DELETED = 1 WHERE S_ROWID = #{sRowId}
	</update>

	<update id="deleteFdSigComments" parameterType="string">
		UPDATE
		FD_SIG_COMMENTS SET IS_DELETED = 1 WHERE S_ROWID = #{sRowId}
	</update>

	<insert id="insertOneFdPolRoleSig" parameterType="com.aia.case360.web.pojo.FdPolRoleSig"
		useGeneratedKeys="true" keyProperty="sRowId">
		INSERT INTO [FD_POLROLE_SIG]
		([POL_NUM]
		,[POL_ROLE]
		,[CREATED_TIMESTAMP]
		,[OBJECT_ID]
		,[IS_DELETED]
		,[IS_VOID]
		,[COMPANY_NO])
		VALUES
		( #{polNum},
		#{polRole},
		#{createdTimestamp},
		#{objectId},
		#{isDeleted},
		#{isViod},
		#{companyNo})
	</insert>

	<select id="queryFdSigComments" resultType="com.aia.case360.web.pojo.FdSigComments"
		parameterType="string">
		select sc.created_by createdBy,
		sc.created_timestamp
		createdTimestamp,
		sc.is_deleted isDeleted,
		sc.comments comments,

		sc.parent_id parentId
		from fd_sig_comments sc WITH(NOLOCK)
		where 1=1
		and sc.parent_id
		= #{parentId}
	</select>
	<select id="isFdPolroleSigExist" resultType="int"
		parameterType="com.aia.case360.web.pojo.FdPolRoleSig">
		SELECT ISNULL((SELECT TOP(1) 1 FROM FD_POLROLE_SIG WITH(NOLOCK)
		<where>
				isnull(IS_DELETED,0)= 0
				
				AND IS_VOID= 0

			<if test="polNum != null and polNum != '' ">
				AND POL_NUM= #{polNum}
			</if>

			<if test="polRole != null and polRole != '' ">
				AND POL_ROLE= #{polRole}
			</if>
			<if test="companyNo != null and companyNo != '' ">
				AND COMPANY_NO= #{companyNo}
			</if>
			
		</where>
		), 0)
	</select>

	<insert id="insertFdSigComments" parameterType="java.util.List">
		<foreach close="" collection="list" index="index" item="item"
			open="" separator=";">
			INSERT INTO [FD_SIG_COMMENTS]
			(
			[CREATED_BY]
			,[CREATED_TIMESTAMP]
			,[IS_DELETED]
			,[LAST_UPDATED_BY]
			,[LAST_UPDATED_TIMESTAMP]
			,[COMMENTS]
			,[PARENT_ID])
			VALUES
			(
			#{item.createdBy}
			,#{item.createdTimestamp}
			,#{item.isDeleted}
			,#{item.lastUpdatedBy}
			,#{item.lastUpdatedTimestamp}
			,#{item.comments}
			,#{item.parentId}
			)
		</foreach>
	</insert>
	
	
	<insert id="copyFdSigComments">
		<foreach close="" collection="queryFdSigComments" index="index" item="item"
			open="" separator=";">
			INSERT INTO [FD_SIG_COMMENTS]
			(
			[CREATED_BY]
			,[CREATED_TIMESTAMP]
			,[IS_DELETED]
			,[LAST_UPDATED_BY]
			,[LAST_UPDATED_TIMESTAMP]
			,[COMMENTS]
			,[PARENT_ID])
			VALUES
			(
			#{item.createdBy}
			,#{item.createdTimestamp}
			,#{item.isDeleted}
			,#{item.lastUpdatedBy}
			,#{item.lastUpdatedTimestamp}
			,#{item.comments}
			,#{parentId}
			)
		</foreach>
	</insert>

	<insert id="insertOneFdSigComments" parameterType="com.aia.case360.web.pojo.FdSigComments">
		INSERT INTO
		[FD_SIG_COMMENTS]
		(
		[CREATED_BY]
		,[CREATED_TIMESTAMP]
		,[IS_DELETED]
		,[LAST_UPDATED_BY]
		,[LAST_UPDATED_TIMESTAMP]
		,[COMMENTS]

		,[PARENT_ID])
		VALUES
		(
		#{createdBy}
		,#{createdTimestamp}
		,#{isDeleted}
		,#{lastUpdatedBy}
		,#{lastUpdatedTimestamp}
		,#{comments}

		,#{parentId}
		)
	</insert>

	<insert id="insertOneFdSigAuditTrail" parameterType="com.aia.case360.web.pojo.FdSigAuditTrail">
		INSERT INTO
		[FD_SIG_AUDIT_TRAIL]
		(
		[OBJECT_ID]
		,[CATEGORY]
		,[COMMENTS]
		,[FROM_POL_NUM]
		,[FROM_POL_ROLE]
		,[TO_POL_NUM]
		,[TO_POL_ROLE]
		,[CREATED_BY]
		,[CREATED_TIMESTAMP]
		,[DOCMENTS_NAME]
		)
		VALUES
		( #{objectId},
		#{category},
		#{comments},
		#{fromPolNum},
		#{fromPolRole},
		#{toPolNum},
		#{toPolRole},
		#{createdBy},
		#{createdTimestamp},
		#{documentsName})
	</insert>


	<select id="queryFdSigCommentsBySRowId" resultType="com.aia.case360.web.pojo.FdSigComments"
		parameterType="string">
		SELECT
		[S_ROWID] sRowId
		, [CREATED_BY] createdBy
		,[CREATED_TIMESTAMP] createdTimestamp
		,[IS_DELETED] isDeleted
		,[LAST_UPDATED_BY] lastUpdatedBy
		,[LAST_UPDATED_TIMESTAMP]
		lastUpdatedTimestamp
		,[COMMENTS] comments

		,[PARENT_ID] parentId
		FROM
		[FD_SIG_COMMENTS] WITH(NOLOCK)
		WHERE 1=1
		AND S_ROWID = #{sRowId}
	</select>

	<update id="voidSig" parameterType="string">
		UPDATE FD_POLROLE_SIG SET
		IS_VOID = 1 WHERE S_ROWID = #{sRowId}
	</update>

	<select id="findSigByPlicy" resultType="com.aia.case360.web.pojo.FdSigTab"
		parameterType="string">
		;WITH ALLSIGROLE AS(
select 'A' AS A,'B' AS C,'C' AS E,'D' AS G,'E' AS B,'F' AS D,'G' AS F,'H' AS H,'X' AS X,'Y' AS Y
),
REAL_SIGROLES AS(
	SELECT FP.S_ROWID AS sRowId ,
			(SELECT top 1 S_ROWID FROM FD_SIG_COMMENTS SC1 WITH(NOLOCK)
				WHERE ISNULL(IS_DELETED,0)=0  and PARENT_ID = FP.S_ROWID order by created_timestamp desc  ) as commentsRowId,
			FP.POL_NUM AS polNum,
			FP.POL_ROLE AS polRole,
			FP.OBJECT_ID AS objectId,
			FS.DOCUMENTID AS docuemntId,
			FP.COMPANY_NO AS companyNo,
			FP.IS_VOID AS isVoid,
			FP.IS_DELETED AS isDeleted,
			(SELECT top 1 COMMENTS FROM FD_SIG_COMMENTS SC1 WITH(NOLOCK)
				WHERE ISNULL(IS_DELETED,0)=0  and PARENT_ID = FP.S_ROWID order by created_timestamp desc  ) as comments
	FROM FD_POLROLE_SIG FP  WITH(NOLOCK)
	inner join FS_SIGNATURES FS WITH(NOLOCK) ON FP.OBJECT_ID=FS.OBJECT_ID AND ISNULL(FP.IS_DELETED,0)=0 AND ISNULL(FP.IS_VOID,0)=0
	where FP.POL_NUM= #{polNum} )
  SELECT RS.sRowId,RS.commentsRowId,RS.polNum,SIGROLES.ROLES AS polRole,RS.objectId,RS.docuemntId,RS.companyNo,RS.comments,RS.isVoid,RS.isDeleted 
  FROM (SELECT * FROM ALLSIGROLE WITH(NOLOCK) UNPIVOT([ROLES] for ORDERS in (A,B,C,D,E,F,G,H,X,Y)) AS T)SIGROLES
LEFT JOIN REAL_SIGROLES RS WITH(NOLOCK) ON ROLES=RS.polRole ORDER BY SIGROLES.ORDERS ASC
	</select>

	<update id="updateSigFS" parameterType="map">
		UPDATE FS_SIGNATURES SET
		FILENAME=#{FILENAME}, OBJECT_ID=#{OBJECT_ID},
		CREATED_TIMESTAMP=getDate(), LAST_UPDATED_TIMESTAMP=getDate() WHERE
		DOCUMENTID=#{DOC_ID}
	</update>

	<select id="findPolRoleSig" resultType="com.aia.case360.web.pojo.FdPolRoleSig"
		parameterType="map">
		SELECT S_ROWID sRowId, POL_NUM polNum, POL_ROLE polRole,
		CREATED_TIMESTAMP createdTimestamp, OBJECT_ID objectId, IS_DELETED
		isDeleted, IS_VOID isViod, COMPANY_NO companyNo FROM FD_POLROLE_SIG WITH(NOLOCK)
		<where>
			<if test="isDeleted != null">
				IS_DELETED=#{isDeleted}
			</if>

			<if test="polNum != null and polNum != '' ">
				AND POL_NUM= #{polNum}
			</if>

			<if test="polRole != null and polRole != '' ">
				AND POL_ROLE= #{polRole}
			</if>
			<if test="companyNo != null and companyNo != '' ">
				AND COMPANY_NO= #{companyNo}
			</if>

			<if test="sRowId != null and sRowId != '' ">
				AND S_ROWID= #{sRowId}
			</if>
			<if test="isVoid != null and isVoid != '' ">
				AND IS_VOID= #{isVoid}
			</if>
			<if test="cmtsRowid != null and cmtsRowid != '' ">
				AND S_ROWID = (SELECT PARENT_ID FROM
				[FD_SIG_COMMENTS] WHERE S_ROWID = #{cmtsRowid})
			</if>
		</where>
	</select>
	<select id="findPolRoleSigs" resultType="com.aia.case360.web.pojo.FdPolRoleSig"
		parameterType="map">
		SELECT S_ROWID sRowId, POL_NUM polNum, POL_ROLE polRole,
		CREATED_TIMESTAMP createdTimestamp, OBJECT_ID objectId, IS_DELETED
		isDeleted, IS_VOID isViod, COMPANY_NO companyNo FROM FD_POLROLE_SIG WITH(NOLOCK)
		<where>
			<if test="isDeleted != null">
				ISNULL(IS_DELETED,0)=#{isDeleted}
			</if>

			<if test="polNum != null and polNum != '' ">
				AND POL_NUM= #{polNum}
			</if>

			<if test="polRole != null and polRole != '' ">
				AND POL_ROLE= #{polRole}
			</if>
			<if test="companyNo != null and companyNo != '' ">
				AND COMPANY_NO= #{companyNo}
			</if>

			<if test="sRowId != null and sRowId != '' ">
				AND S_ROWID= #{sRowId}
			</if>
			<if test="isVoid != null and isVoid != '' ">
				AND ISNULL(IS_VOID,0)= #{isVoid}
			</if>
			<if test="cmtsRowid != null and cmtsRowid != '' ">
				AND S_ROWID = (SELECT PARENT_ID FROM
				[FD_SIG_COMMENTS] WITH(NOLOCK) WHERE S_ROWID = #{cmtsRowid})
			</if>
		</where>
	</select>

	<select id="listSigAuditTrail" resultType="map" parameterType="map">
		SELECT distinct
		COMMENTS, CATEGORY, OBJECT_ID, FROM_POL_NUM, TO_POL_NUM, FROM_POL_ROLE, TO_POL_ROLE, CREATED_BY, su.DISPLAYNAME USERNAME,  CREATED_TIMESTAMP,DOCMENTS_NAME
		FROM FD_SIG_AUDIT_TRAIL at WITH(NOLOCK) left join SONORAUSERS su WITH(NOLOCK) on at.CREATED_BY=su.loginid 
		WHERE FROM_POL_NUM=#{policyNum} or TO_POL_NUM=#{policyNum} ORDER BY CREATED_TIMESTAMP DESC
	</select>
	
	<insert id="insertFdSvsCustNotifs" parameterType="java.util.List">
		<foreach close="" collection="list" index="index" item="item"
			open="" separator=";">
			 INSERT INTO FD_SVS_CUSTNOTIF (
				[COMP_CODE]
			      ,[CREATED_BY]
			      ,[CREATED_TIMESTAMP]
			      ,[LAST_UPDATED_BY]
			      ,[LAST_UPDATED_TIMESTAMP]
			      ,[POL_NUM]
			      ,[POL_ROLE]
			      
			      ,[SOURCE]
			      ,[UAM_USER_ID]
			      ,[NOTIF_STATUS])
			  VALUES(
			  	#{item.compCode},	
			  	#{item.createdBy},	
			  	#{item.createdTimestamp},	
			  	#{item.lastUpdatedBy},	
			  	#{item.lastUpdatedTimestamp},	
			  	#{item.polNum},	
			  	#{item.polRole},	
			  		
			  	#{item.source},	
			  	#{item.uamUserId},	
			  	#{item.notifStatus}
			  )
		</foreach>
	</insert>
	
	<select id="getRowIdbyPolRoleStatus" resultType = "string" parameterType="com.aia.case360.web.pojo.FdSvsCustNotif">
		SELECT S_ROWID FROM FD_SVS_CUSTNOTIF  WITH(NOLOCK)
			WHERE ISNULL(IS_DELETED,0) = 0 
				AND POL_NUM = #{polNum}
				AND NOTIF_STATUS = 'N'
	</select>
	
	
	
	<update id="updateFdSvsCustNotifs" parameterType="java.util.List">
		<foreach close="" collection="list" index="index" item="item"
			open="" separator=";">
			UPDATE FD_SVS_CUSTNOTIF SET 
				<if test="item.notifStatus != null and item.notifStatus != '' ">
					NOTIF_STATUS = #{item.notifStatus},
				</if>
				<if test="item.source != null and item.source != '' ">
					SOURCE = #{item.source},
				</if>
				LAST_UPDATED_BY  = #{item.lastUpdatedBy},
				LAST_UPDATED_TIMESTAMP = #{item.lastUpdatedTimestamp}
				WHERE S_ROWID = #{item.sRowId}
		</foreach>

	</update>
	
	<select id="findUSigByPlicy" resultType="com.aia.case360.web.pojo.FdSigTab"
		parameterType="string">
	SELECT FP.S_ROWID AS sRowId ,
			(SELECT top 1 S_ROWID FROM FD_SIG_COMMENTS SC1 WITH(NOLOCK)
				WHERE ISNULL(IS_DELETED,0)=0  and PARENT_ID = FP.S_ROWID order by created_timestamp desc  ) as commentsRowId,
			FP.POL_NUM AS polNum,
			FP.POL_ROLE AS polRole,
			FP.OBJECT_ID AS objectId,
			FS.DOCUMENTID AS docuemntId,
			FP.COMPANY_NO AS companyNo,
			FP.IS_VOID AS isVoid,
			FP.IS_DELETED AS isDeleted,
			(SELECT top 1 COMMENTS FROM FD_SIG_COMMENTS SC1 WITH(NOLOCK)
				WHERE ISNULL(IS_DELETED,0)=0  and PARENT_ID = FP.S_ROWID order by created_timestamp desc  ) as comments
	FROM FD_POLROLE_SIG FP  WITH(NOLOCK)
	inner join FS_SIGNATURES FS WITH(NOLOCK) ON FP.OBJECT_ID=FS.OBJECT_ID AND ISNULL(FP.IS_DELETED,0)=0 AND ISNULL(FP.IS_VOID,0)=0
	where FP.POL_NUM=  #{polNum} 
	and FP.POL_ROLE ='U'	
	</select>
	
	<select id="getWStatusRecords" resultType = "map">
		SELECT S_ROWID ,POL_NUM ,COMP_CODE FROM FD_SVS_CUSTNOTIF WITH(NOLOCK)
			WHERE ISNULL(IS_DELETED,0) = 0 
			AND NOTIF_STATUS = 'W'
	</select>
	
</mapper>