<?xml version="1.0" encoding="UTF-8" ?>
<!DOCTYPE mapper PUBLIC "-//mybatis.org//DTD Mapper 3.0//EN" "http://mybatis.org/dtd/mybatis-3-mapper.dtd" >
<mapper namespace="com.aia.case360.web.dao.DocumentHideOrUnhideDao" >
	<select id="searchHideOrUnhide" resultType="java.util.Map" parameterType="java.util.Map">   
		SELECT OBJECT_ID, HIDE_TYPE FROM  FD_DOC_HIDE  where   OBJECT_ID=#{OBJECT_ID}      <!-- 1为不显示  0为显示 -->
	</select>
	
	<insert id="setHideOrUnhide" parameterType="java.util.Map">
	    insert into  FD_DOC_HIDE (OBJECT_ID,HIDE_TYPE,LAST_UPDATED_BY,LAST_UPDATED_TIMESTAMP) values (#{OBJECT_ID},1,#{LAST_UPDATED_BY},#{LAST_UPDATED_TIMESTAMP});   <!-- 1为不显示  0为显示 -->  
	</insert>
	
	<update id="updateHide"  parameterType="java.util.Map"> 
	  update   FD_DOC_HIDE set  HIDE_TYPE='1',LAST_UPDATED_BY=#{LAST_UPDATED_BY},LAST_UPDATED_TIMESTAMP=#{LAST_UPDATED_TIMESTAMP} where OBJECT_ID=#{OBJECT_ID}  <!-- 1为不显示  0为显示 -->
	</update>
	<update id="updateUnhide"  parameterType="java.util.Map"> 
	  update   FD_DOC_HIDE set  HIDE_TYPE='0' ,LAST_UPDATED_BY=#{LAST_UPDATED_BY},LAST_UPDATED_TIMESTAMP=#{LAST_UPDATED_TIMESTAMP} where OBJECT_ID=#{OBJECT_ID}   <!-- 1为不显示  0为显示 -->
	</update>
	
	<select id="searchCustDoc" resultType="java.util.Map" parameterType="java.util.Map">
	select isnull(is_edoc_cust,0) is_edoc_cust from FD_FORM_DEFINITION where FORM_ID=#{formId}
	</select>
	
</mapper>


