<?xml version="1.0" encoding="UTF-8" ?>
<!DOCTYPE mapper PUBLIC "-//mybatis.org//DTD Mapper 3.0//EN" "http://mybatis.org/dtd/mybatis-3-mapper.dtd" >
<mapper namespace="com.aia.case360.web.dao.DocumentsRelatedDataDao">

      <resultMap id="documentAuditTrailMap" type="com.aia.case360.web.pojo.FdDocAuditTrail" >
    <result column="CREATED_BY" property="createdBy" jdbcType="NVARCHAR" />
    <result column="CREATED_TIMESTAMP" property="createdTimestamp" jdbcType="TIMESTAMP" />
    <result column="FROM_BATCH_NO" property="fromBatchNo" jdbcType="NVARCHAR" />
    <result column="FROM_BOX_NO" property="fromBoxNo" jdbcType="NVARCHAR" />
    <result column="FROM_COM_CD" property="fromComCd" jdbcType="NVARCHAR" />
    <result column="FROM_LINK_IND" property="fromLinkInd" jdbcType="NVARCHAR" />
    <result column="FROM_OBJECT_ID" property="fromObjectId" jdbcType="NVARCHAR" />
    <result column="FROM_PAGE_NO" property="fromPageNo" jdbcType="NVARCHAR" />
    <result column="FROM_POL_NUM" property="fromPolNum" jdbcType="NVARCHAR" />
    <result column="FROM_PROCESS_TYPE" property="fromProcessType" jdbcType="NVARCHAR" />
    <result column="FROM_RECEIVED_DT" property="fromReceivedDt" jdbcType="TIMESTAMP" />
    <result column="FROM_REQ_NO" property="fromReqNo" jdbcType="NVARCHAR" />
    <result column="FROM_STATUS_IND" property="fromStatusInd" jdbcType="NVARCHAR" />
    <result column="FROM_VERIFIED" property="fromVerified" jdbcType="NVARCHAR" />
    <result column="TO_BATCH_NO" property="toBatchNo" jdbcType="NVARCHAR" />
    <result column="TO_BOX_NO" property="toBoxNo" jdbcType="NVARCHAR" />
    <result column="TO_COM_CD" property="toComCd" jdbcType="NVARCHAR" />
    <result column="TO_LINK_IND" property="toLinkInd" jdbcType="NVARCHAR" />
    <result column="TO_OBJECT_ID" property="toObjectId" jdbcType="NVARCHAR" />
    <result column="TO_PAGE_NO" property="toPageNo" jdbcType="NVARCHAR" />
    <result column="TO_POL_NUM" property="toPolNum" jdbcType="NVARCHAR" />
    <result column="TO_PROCESS_TYPE" property="toProcessType" jdbcType="NVARCHAR" />
    <result column="TO_RECEIVED_DT" property="toReceivedDt" jdbcType="TIMESTAMP" />
    <result column="TO_REQ_NO" property="toReqNo" jdbcType="NVARCHAR" />
    <result column="TO_STATUS_IND" property="toStatusInd" jdbcType="NVARCHAR" />
    <result column="TO_VERIFIED" property="toVerified" jdbcType="NVARCHAR" />
    <result column="FRS_REQ_NO" property="frsReqNo" jdbcType="NVARCHAR" />
    <result column="SYS_ACT" property="sysAct" jdbcType="NVARCHAR" />
    <result column="USER_ACT" property="userAct" jdbcType="NVARCHAR" />
    <result column="OTHER" property="other" jdbcType="NVARCHAR" />
    <result column="FROM_FORM_ID" property="fromFormId" jdbcType="NVARCHAR" />
    <result column="TO_FORM_ID" property="toFormId" jdbcType="NVARCHAR" />
    <result column="RECEIVEDDATE" property="receiveddate" jdbcType="NVARCHAR" />
    <result column="REQRECEIVEDDATE" property="reqreceiveddate" jdbcType="NVARCHAR" />  
    <result column="IS_RESOLVED" property="isResolved" jdbcType="SMALLINT" />
    <result column="LOGICAL_LINK_ID" property="logicalLinkId" jdbcType="NVARCHAR" />
    <result column="ACTIVITY_ID" property="activityId" jdbcType="NVARCHAR" />  
  </resultMap>

<!--     <select id="getMainLinkId" parameterType="String" resultType="String">
    select form_id from FD_FORM_DEFINITION where   mainlink_form_id=#{formId};
		
    </select> -->

	<select id="documentAuditTrail" resultType="map" parameterType="map" statementType="CALLABLE">

	select  ISNULL(su.displayname,'') as CREATED_BY_NAME,
	d.CREATED_BY, d.CREATED_TIMESTAMP, d.FROM_BATCH_NO,d.FROM_BOX_NO, d.FROM_COM_CD, 
	d.FROM_LINK_IND, d.FROM_OBJECT_ID, d.FROM_PAGE_NO,
    d.FROM_POL_NUM, d.FROM_PROCESS_TYPE, d.FROM_RECEIVED_DT,  d.FROM_REQ_NO, d.FROM_STATUS_IND, 
    d.FROM_VERIFIED, d.TO_BATCH_NO, d.TO_BOX_NO,  d.TO_COM_CD, d.TO_LINK_IND, d.TO_OBJECT_ID,
    d.TO_PAGE_NO, d.TO_POL_NUM, d.TO_PROCESS_TYPE, d.TO_RECEIVED_DT, d.TO_REQ_NO, d.TO_STATUS_IND, 
    d.TO_VERIFIED, d.FRS_REQ_NO, d.SYS_ACT, d.USER_ACT, d.OTHER, d.FROM_FORM_ID, d.TO_FORM_ID, 
    d.RECEIVEDDATE, d.REQRECEIVEDDATE
    from FD_DOC_AUDIT_TRAIL as d
    left join sonorausers as su on su.loginid=d.created_by
    WHERE  1=1 
    <if test="BEGIN_DATE != null and BEGIN_DATE != ''">
    	AND CONVERT(VARCHAR(10),d.CREATED_TIMESTAMP,111)  &gt;= #{BEGIN_DATE}
    </if>
    <if test="END_DATE != null and END_DATE != ''">
    	AND CONVERT(VARCHAR(10),d.CREATED_TIMESTAMP,111) &lt;= #{END_DATE}
    </if>
     and   (ltrim(rtrim(d.FROM_POL_NUM))=ltrim(rtrim(#{POL_NUM})) or ltrim(rtrim(d.TO_POL_NUM))=ltrim(rtrim(#{POL_NUM})))  
     order by d.CREATED_TIMESTAMP desc
	</select>
	
	

	<update id="updateFsDocuments" parameterType="com.aia.case360.web.pojo.FsDocumentsVo">


		UPDATE FS_DOCUMENTS SET
		OBJECT_ID = #{objectId},
		IS_VOID = #{isVoid},
		IS_SYS_VOID = #{isSysVoid},
		PAGE_INDICATOR = #{pageIndicator},
		LAST_UPDATED_BY = #{lastUpdatedBy},
		LAST_UPDATED_TIMESTAMP = GETDATE(),
		SUBMIT_CHANNEL='Manually upload',
		CREATE_DATE = GETDATE()
		WHERE DOCUMENTID = #{documentId}

		<!-- UPDATE FS_DOCUMENTS -->
		<!-- <trim prefix="set" suffixOverrides=","> -->
		<!-- <if test="object_id != null"> OBJECT_ID = #{object_id}, </if> -->
		<!-- <if test="is_void != null"> IS_VOID = #{is_void}, </if> -->
		<!-- <if test="is_sys_void != null"> IS_SYS_VOID = #{is_sys_void}, </if> -->
		<!-- <if test="object_id != null"> OBJECT_ID = #{object_id}, </if> -->
		<!-- <if test="page_indicator != null"> PAGE_INDICATOR = #{page_indicator}, 
			</if> -->
		<!-- <if test="last_updated_by != null"> LAST_UPDATED_BY = #{last_updated_by}, 
			</if> -->
		<!-- </trim> -->
		<!-- ,LAST_UPDATED_BY = GETDATE() -->
		<!-- WHERE DOCUMENTID = #{documentId} -->

	</update>

	<select id="queryPolicyListByCaseId" resultType="com.aia.case360.web.pojo.PolNum"
		parameterType="java.lang.String">

		SELECT POL_NUM polNum, COMPANY_NO company FROM FD_WCF_LINK WHERE isnull(IS_DELETED, 0)=0 AND LINKCASEID =
		#{_parameter}

	</select>

	<select id="queryNric" resultType="java.lang.String"
		parameterType="java.lang.String">

		SELECT NRIC FROM FD_WCF_CLIENT WHERE POL_NUM =
		#{_parameter}

	</select>

	<insert id="insertFdDocAttrs" parameterType="java.util.List">

		<foreach close="" collection="list" index="index" item="item"
			open="" separator=";">
			INSERT
			INTO FD_DOC_ATTR(
			<if test="item.policy_no != null">POLICY_NO,</if>
			<if test="item.process_type != null">PROCESS_TYPE,</if>
			<if test="item.object_id != null">OBJECT_ID,</if>
			<if test="item.name != null">NAME,</if>
			<if test="item.formId != null">FORM_ID,</if>
			<if test="item.receivedDate != null">RECEIVED_DT,</if>
			<if test="item.companyNo != null">COMPANY_NO,</if>
			SOURCE_SYSTEM_CODE,
			CREATED_TIMESTAMP)
			VALUES(
			<if test="item.policy_no != null">#{item.policy_no,jdbcType=VARCHAR},</if>
			<if test="item.process_type != null">#{item.process_type,jdbcType=VARCHAR},</if>
			<if test="item.object_id != null">#{item.object_id,jdbcType=VARCHAR},</if>
			<if test="item.name != null">#{item.name,jdbcType=VARCHAR},</if>
			<if test="item.formId != null">#{item.formId,jdbcType=VARCHAR},</if>
			<if test="item.receivedDate != null">#{item.receivedDate,jdbcType=VARCHAR},</if>
			<if test="item.companyNo != null">#{item.companyNo,jdbcType=VARCHAR},</if>
			#{item.submissionChannel,jdbcType=VARCHAR},
			getDate()
			);

		</foreach>

	</insert>

	<select id="queryFormLevelByFormId" resultType="java.lang.String"
		parameterType="java.lang.String">

		SELECT FORM_LEVEL FROM FD_FORM_DEFINITION WHERE FORM_ID
		= #{_parameter}

	</select>


	<insert id="insertFdDocClints" parameterType="java.util.List">

		<foreach close="" collection="list" index="index" item="item"
			open="" separator=";">
			INSERT
			INTO FD_DOC_CLIENT(CREATED_DT,FORM_ID,OBJECT_ID,NRIC,HASHSTR
			<if test="item.receivedDate != null">,RECEIVED_DT</if>
			)
			VALUES(GETDATE()
			,#{item.formId,jdbcType=VARCHAR}
			,#{item.objectId,jdbcType=VARCHAR}
			,#{item.nric,jdbcType=VARCHAR}
			,#{item.hashStr,jdbcType=VARCHAR}
			<if test="item.receivedDate != null">,#{item.receivedDate}</if>
			);

		</foreach>

	</insert>

	<insert id="insertFdDocLinks" parameterType="java.util.List">

		<foreach close="" collection="list" index="index" item="item"
			open="" separator=";">
			INSERT
			INTO
			FD_DOC_LINK(CREATED_DT,FORM_ID,OBJECT_ID,POL_NUM,REQUEST_NUM,LINKCASEID,PROCESS_TYPE,RECEIVED_DT,COMPANY_NO,IS_VOID,IS_MIGRATED,IS_DELETED,IS_LOGICAL,LAST_UPDATED_TIMESTAMP,LINK_STATUS, CLAIM_NO)
			VALUES(GETDATE()
			,#{item.formId,jdbcType=VARCHAR}
			,#{item.objectId,jdbcType=VARCHAR}
			,#{item.policyNo,jdbcType=VARCHAR}
			,#{item.requestNo,jdbcType=VARCHAR}
			,#{item.caseId,jdbcType=VARCHAR}
			,#{item.processType,jdbcType=VARCHAR}
			,#{item.receivedDate,jdbcType=VARCHAR}
			,#{item.companyNo,jdbcType=VARCHAR}
			,0
			,0
			,0
			,#{item.isLogical,jdbcType=VARCHAR}
			,GETDATE()
			,10
			,#{item.claimNo,jdbcType=VARCHAR});
		</foreach>

	</insert>
	
	<!-- <insert id="insertFdDocＭainLinks" parameterType="java.util.List">

		<foreach close="" collection="list" index="index" item="item"
			open="" separator=";">
			INSERT
			INTO
			FD_DOC_LINK(CREATED_DT,FORM_ID,OBJECT_ID,POL_NUM,REQUEST_NUM,LINKCASEID,PROCESS_TYPE,RECEIVED_DT,COMPANY_NO,IS_VOID,IS_MIGRATED,IS_DELETED,IS_LOGICAL)
			VALUES(GETDATE()
			,#{item.mainlinkＦormＩd,jdbcType=VARCHAR}
			,#{item.objectId,jdbcType=VARCHAR}
			,#{item.policyNo,jdbcType=VARCHAR}
			,#{item.requestNo,jdbcType=VARCHAR}
			,#{item.caseId,jdbcType=VARCHAR}
			,#{item.processType,jdbcType=VARCHAR}
			,#{item.receivedDate,jdbcType=VARCHAR}
			,#{item.companyNo,jdbcType=VARCHAR}
			,0
			,0
			,0
			,#{item.isLogical,jdbcType=VARCHAR}
			
			);
		</foreach>

	</insert> -->
	
	
	<insert id="insertFdDocLinksForImportDoc" parameterType="java.util.List">

		<foreach close="" collection="list" index="index" item="item"
			open="" separator=";">
			INSERT
			INTO
			FD_DOC_LINK(CREATED_DT,FORM_ID,OBJECT_ID,POL_NUM,REQUEST_NUM,LINKCASEID,PROCESS_TYPE,RECEIVED_DT,COMPANY_NO,IS_VOID,IS_MIGRATED,IS_DELETED,LAST_UPDATED_TIMESTAMP,LINK_STATUS)
			VALUES(GETDATE()
			,#{item.formId,jdbcType=VARCHAR}
			,#{item.objectId,jdbcType=VARCHAR}
			,#{item.policyNo,jdbcType=VARCHAR}
			,#{item.requestNo,jdbcType=VARCHAR}
			,#{item.caseId,jdbcType=VARCHAR}
			,#{item.processType,jdbcType=VARCHAR}
			,#{item.receivedDate,jdbcType=VARCHAR}
			,#{item.companyNo,jdbcType=VARCHAR}
			,0
			,0
			,0
			,GETDATE()
			,10
			);
		</foreach>

	</insert>
	
	<insert id="insertFdDocLinksNoAspect" parameterType="java.util.List">

		<foreach close="" collection="list" index="index" item="item"
			open="" separator=";">
			INSERT
			INTO
			FD_DOC_LINK(CREATED_DT,FORM_ID,OBJECT_ID,POL_NUM,REQUEST_NUM,LINKCASEID,PROCESS_TYPE,RECEIVED_DT,COMPANY_NO,IS_VOID,IS_MIGRATED,IS_DELETED,IS_LOGICAL,LAST_UPDATED_TIMESTAMP,LINK_STATUS)
			VALUES(GETDATE()
			,#{item.formId,jdbcType=VARCHAR}
			,#{item.objectId,jdbcType=VARCHAR}
			,#{item.policyNo,jdbcType=VARCHAR}
			,#{item.requestNo,jdbcType=VARCHAR}
			,#{item.caseId,jdbcType=VARCHAR}
			,#{item.processType,jdbcType=VARCHAR}
			,#{item.receivedDate,jdbcType=VARCHAR}
			,#{item.companyNo,jdbcType=VARCHAR}
			,0
			,0
			,0
			,#{item.isLogical,jdbcType=VARCHAR}
			,GETDATE()
			,10
			);
		</foreach>

	</insert>

	<update id="renameDocFormLinks" parameterType="java.util.List">

		<foreach collection="list" index="index" item="item"
			separator=";" open="" close="">

			UPDATE FD_DOC_LINK SET
			PROCESS_TYPE =
			#{item.processType},
			LAST_UPDATED_TIMESTAMP=GETDATE(),
			LINK_STATUS=20,
			<if test="!''.equals(item.formID)">
				FORM_ID =
				#{item.formID}
			</if>
			<if test="''.equals(item.formID)">
				IS_DELETED = 1
			</if>
			
			WHERE S_ROWID =
			#{item.linkID};
			
			update fd_ows_comment_bookmark 
			set ows_form_id=#{item.formID} 
			where ows_link_id=#{item.linkID}
			and ows_doc_source='CASE360';

		</foreach>

	</update>

	<update id="renameDocFormClient" parameterType="com.aia.case360.web.vo.RenameDocFormClientParam">

		UPDATE
		FD_DOC_CLIENT SET
		FORM_ID = #{formID}
		WHERE OBJECT_ID = #{objectID}
		AND
		HASHSTR = #{hashStr};
		UPDATE FD_DOC_ATTR SET
		PROCESS_TYPE = #{processType}
		WHERE OBJECT_ID = #{objectID};

	</update>

	<select id="getSerialNo" parameterType="java.lang.String"
		statementType="CALLABLE" resultType="java.lang.String">

        <![CDATA[
           {CALL GETSERIALNO(#{funcCode,mode=IN,jdbcType=VARCHAR})}
       	]]>

	</select>

	<select id="getSLADueDate" parameterType="com.aia.case360.web.vo.SLAParam"
		statementType="CALLABLE" resultType="java.lang.String">

        <![CDATA[
           {CALL SP_getSlaDueDate(#{compCd,mode=IN,jdbcType=VARCHAR}, #{startDt,mode=IN,jdbcType=VARCHAR}, #{cutoff,mode=IN,jdbcType=VARCHAR}, #{duration,mode=IN,jdbcType=FLOAT}, #{slaType,mode=IN,jdbcType=SMALLINT})}
       	]]>

	</select>
	
	<insert id="addReadDoc" parameterType="java.util.Map">
		INSERT INTO FD_USER_DOC (CREATED_BY,CREATED_TIMESTAMP,OBJECT_ID,READER_ID)
		SELECT top 1 'SYSTEM',GETDATE(), #{objectId}, #{userId} WHERE NOT EXISTS(SELECT OBJECT_ID FROM FD_USER_DOC with(nolock) WHERE  OBJECT_ID=#{objectId} AND READER_ID=#{userId})
	</insert>
	
	<update id="voidDocLinks">

		UPDATE FD_DOC_LINK
		<set>
			LAST_UPDATED_TIMESTAMP=GETDATE(),
			LINK_STATUS=20,
			<choose>
				<when test="voidFlag.equals('void')"> IS_VOID = 1 </when>
				<otherwise> IS_VOID = 0 </otherwise>
			</choose>
		</set>
		WHERE S_ROWID in
		<foreach collection="linkIdList" index="index" item="item" separator="," open="(" close=")">
			#{item}
		</foreach>

	</update>
	
	<update id="voidAllDocLinks" statementType="CALLABLE">

		<![CDATA[
           {CALL sp_void_all_doc_links(
           #{docId,mode=IN,jdbcType=DECIMAL},
           #{voidFlag,mode=IN,jdbcType=VARCHAR})}
       	]]>

	</update>

	
	<select id="listCaseDocs" resultType="map"
		parameterType="map">
         select d.object_name,a.process_type, isnull(a.company_no,'011') as company_no, a.object_id, a.form_id, b.form_nm, a.received_dt, a.pol_num, a.claim_no, c.DOCUMENTID, c.PAGE_INDICATOR, c.FILENAME, 
		isnull(c.IS_MIGRATED, 0) IS_MIGRATED,a.logical_link_id,	b.IS_DOC_INTEGRITY,
		case when (select count(*) from fd_user_doc where reader_id=#{readerId} and object_id= a.object_id) >0 then 1 else 0 end  AS HAS_READ,
		case when (select count(*) from fd_doc_note where object_id= isnull(convert(varchar(40), a.logical_link_id), a.object_id))>0 then 1 else 0 end AS HAS_NOTE,
		case when (select count(*) from fd_doc_link where object_id=a.object_id and form_id=a.form_id and isnull(IS_DELETED, 0)=0 and linkcaseid=(select isnull(root_case_id, casefolderid) from cf_work where casefolderid=#{linkCaseId}))=
		          (select count(*) from fd_doc_link where object_id=a.object_id and form_id=a.form_id and isnull(IS_DELETED, 0)=0 and is_void=1 and linkcaseid=(select isnull(root_case_id, casefolderid) from cf_work where casefolderid=#{linkCaseId})) then 1
		when      (select count(*) from fd_doc_link where object_id=a.object_id and form_id=a.form_id and isnull(IS_DELETED, 0)=0 and is_void=1 and linkcaseid=(select isnull(root_case_id, casefolderid) from cf_work where casefolderid=#{linkCaseId}))=0 then 0 else 2 end as DOC_STATUS, 
		case when (select count(1) from FD_FORM_DEFINITION fd JOIN FD_FORM_CATEGORY fc on fd.form_category=fc.form_category left join FD_UAM_ROLEMENU_REF fur on fc.FORM_CATEGORY=fur.MENU_ID left join FD_UAM_USERROLE_REF fuur on fur.UAM_ROLE_ID=fuur.UAM_ROLE_ID where isnull(fuur.UAM_DELETE_FLAG, 0)=0 AND fuur.UAM_USER_ID=#{readerId} and fd.FORM_ID=a.form_id)>0 then 0 else 1 end as IS_DECLINED 
		from fd_doc_link a join fd_form_definition b on a.form_id=b.form_id join fs_documents c on a.object_id=c.object_id join fd_doc_attr d on a.object_id=d.object_id  
		where isnull(a.IS_DELETED, 0)=0 and a.linkcaseid=(select isnull(root_case_id, casefolderid) from cf_work where casefolderid=#{linkCaseId})
		union 
		select w.object_name,w.process_type,isnull(w.company_no,'011') as company_no, w.object_id,w.form_id,q.form_nm,w.received_dt,w.policy_no pol_num ,
		
		case when w.process_type='CLMX' or w.process_type='CLMP' then w.request_no else '' END AS claim_no,k.documentid,k.PAGE_INDICATOR,k.FILENAME,isnull(k.IS_MIGRATED, 0) IS_MIGRATED,'' AS logical_link_id ,q.IS_DOC_INTEGRITY,
		case when (select count(*) from fd_user_doc where reader_id=#{readerId} and object_id= w.object_id) >0 then 1 else 0 end  AS HAS_READ,
		case when (select count(*) from fd_doc_note where object_id= w.object_id and form_id=w.form_id)>0 then 1 else 0 end AS HAS_NOTE,
		 0 as DOC_STATUS, 
		case when (select count(1) from FD_FORM_DEFINITION fd JOIN FD_FORM_CATEGORY fc on fd.form_category=fc.form_category left join FD_UAM_ROLEMENU_REF fur on fc.FORM_CATEGORY=fur.MENU_ID left join FD_UAM_USERROLE_REF fuur on fur.UAM_ROLE_ID=fuur.UAM_ROLE_ID where isnull(fuur.UAM_DELETE_FLAG, 0)=0 AND fuur.UAM_USER_ID=#{readerId} and fd.FORM_ID=w.form_id)>0 then 0 else 1 end as IS_DECLINED 
		 from FD_DOC_ATTRIBUTES w 
		 join fd_form_definition q on w.form_id=q.form_id   join fs_documents k on w.object_id=k.object_id 
		 where isnull(w.IS_DELETED, 0)=0 and w.request_no =(select  top 1 f.request_num from cf_work f where f.casefolderid=#{linkCaseId})
		 order by object_id, form_id, pol_num
	</select>
	
	<select id="IsDocRead" resultType="java.lang.Integer"
		parameterType="map">
		SELECT ISNULL ((select top (1) 1 from fd_user_doc 
		WHERE reader_id= #{userId} 
		and object_id= #{objectId} ), 0);
	</select>
	
	<insert id="insertOneFdDocAuditTrail" parameterType="com.aia.case360.web.pojo.FdDocAuditTrail">
		INSERT INTO FD_DOC_AUDIT_TRAIL 
		<trim prefix="(" suffix=")" suffixOverrides="," >
			<if test="createdBy != null" >CREATED_BY,</if>
			<if test="createdTimestamp != null" >CREATED_TIMESTAMP,</if>
			<if test="fromBatchNo != null" >FROM_BATCH_NO,</if>
			<if test="fromBoxNo != null" >FROM_BOX_NO,</if>
			<if test="fromComCd != null" >FROM_COM_CD,</if>
			<if test="fromFormId != null" >FROM_FORM_ID,</if>
			<if test="fromLinkInd != null" >FROM_LINK_IND,</if>
			<if test="fromObjectId != null" >FROM_OBJECT_ID,</if>
			<if test="fromPageNo != null" >FROM_PAGE_NO,</if>
			<if test="fromPolNum != null" >FROM_POL_NUM,</if>
			<if test="fromProcessType != null" >FROM_PROCESS_TYPE,</if>
			<if test="fromReceivedDt != null" >FROM_RECEIVED_DT,</if>
			<if test="fromReqNo != null" >FROM_REQ_NO,</if>
			<if test="fromStatusInd != null" >FROM_STATUS_IND,</if>
			<if test="fromVerified != null" >FROM_VERIFIED,</if>
			<if test="frsReqNo != null" >FRS_REQ_NO,</if>
			<if test="other != null" >OTHER,</if>		
			<if test="sysAct != null" >SYS_ACT,</if>
			<if test="toBatchNo != null" >TO_BATCH_NO,</if>
			<if test="toBoxNo != null" >TO_BOX_NO,</if>
			<if test="toComCd != null" >TO_COM_CD,</if>
			<if test="toFormId != null" >TO_FORM_ID,</if>
			<if test="toLinkInd != null" >TO_LINK_IND,</if>
			<if test="toObjectId != null" >TO_OBJECT_ID,</if>
			<if test="toPageNo != null" >TO_PAGE_NO,</if>
			<if test="toPolNum != null" >TO_POL_NUM,</if>
			<if test="toProcessType != null" >TO_PROCESS_TYPE,</if>
			<if test="toReceivedDt != null" >TO_RECEIVED_DT,</if>
			<if test="toReqNo != null" >TO_REQ_NO,</if>
			<if test="toStatusInd != null" >TO_STATUS_IND,</if>
			<if test="toVerified != null" >TO_VERIFIED,</if>
			<if test="userAct != null" >USER_ACT,</if>
			<if test="receiveddate != null" >RECEIVEDDATE,</if>
			<if test="reqreceiveddate != null" >REQRECEIVEDDATE,</if>
			<if test="isResolved != null" >IS_RESOLVED,</if>
			<if test="logicalLinkId != null" >LOGICAL_LINK_ID,</if>
			<if test="activityId != null" >ACTIVITY_ID,</if>
			<if test="fromClaimNo != null" >FROM_CLAIM_NO,</if>
			<if test="toClaimNo != null" >TO_CLAIM_NO,</if>
			<if test="fromNric != null" >FROM_NRIC,</if>
			<if test="toNric != null" >TO_NRIC,</if>
	    </trim>
	    <trim prefix="values (" suffix=")" suffixOverrides="," >
			<if test="createdBy != null" >#{createdBy},</if>
			<if test="createdTimestamp != null" >#{createdTimestamp},</if>
			<if test="fromBatchNo != null" >#{fromBatchNo},</if>
			<if test="fromBoxNo != null" >#{fromBoxNo},</if>
			<if test="fromComCd != null" >#{fromComCd},</if>
			<if test="fromFormId != null" >#{fromFormId},</if>
			<if test="fromLinkInd != null" >#{fromLinkInd},</if>
			<if test="fromObjectId != null" >#{fromObjectId},</if>
			<if test="fromPageNo != null" >#{fromPageNo},</if>
			<if test="fromPolNum != null" >#{fromPolNum},</if>
			<if test="fromProcessType != null" >#{fromProcessType},</if>
			<if test="fromReceivedDt != null" >#{fromReceivedDt},</if>
			<if test="fromReqNo != null" >#{fromReqNo},</if>
			<if test="fromStatusInd != null" >#{fromStatusInd},</if>
			<if test="fromVerified != null" >#{fromVerified},</if>
			<if test="frsReqNo != null" >#{frsReqNo},</if>
			<if test="other != null" >#{other},</if>		
			<if test="sysAct != null" >#{sysAct},</if>
			<if test="toBatchNo != null" >#{toBatchNo},</if>
			<if test="toBoxNo != null" >#{toBoxNo},</if>
			<if test="toComCd != null" >#{toComCd},</if>
			<if test="toFormId != null" >#{toFormId},</if>
			<if test="toLinkInd != null" >#{toLinkInd},</if>
			<if test="toObjectId != null" >#{toObjectId},</if>
			<if test="toPageNo != null" >#{toPageNo},</if>
			<if test="toPolNum != null" >#{toPolNum},</if>
			<if test="toProcessType != null" >#{toProcessType},</if>
			<if test="toReceivedDt != null" >#{toReceivedDt},</if>
			<if test="toReqNo != null" >#{toReqNo},</if>
			<if test="toStatusInd != null" >#{toStatusInd},</if>
			<if test="toVerified != null" >#{toVerified},</if>
			<if test="userAct != null" >#{userAct},</if>
			<if test="receiveddate != null" >#{receiveddate},</if>
			<if test="reqreceiveddate != null" >#{reqreceiveddate},</if>
			<if test="isResolved != null" >#{isResolved},</if>
			<if test="logicalLinkId != null" >#{logicalLinkId},</if>
			<if test="activityId != null" >#{activityId},</if>
			<if test="fromClaimNo != null" >#{fromClaimNo},</if>
			<if test="toClaimNo != null" >#{toClaimNo},</if>
			<if test="fromNric != null" >#{fromNric},</if>
			<if test="toNric != null" >#{toNric},</if>
    	</trim>
	</insert>
	
	<select id="listDocAuditTrail" resultType="map" parameterType="map" statementType="CALLABLE">
		{ 
			call po_get_audit_trail_detail_all(
			#{docList,jdbcType=VARCHAR},
			#{objectId,jdbcType=VARCHAR},
			#{formId,jdbcType=VARCHAR},
			#{polnum,jdbcType=VARCHAR},
			#{logicLinkId,jdbcType=VARCHAR}
			)        
        }
	</select>
	
	<select id="getDocLinkByID" resultType="map" >
		SELECT S_ROWID,CREATED_DT,FORM_ID,OBJECT_ID,POL_NUM,REQUEST_NUM,PROCESS_TYPE,IS_VOID,CLAIM_NO,LINKCASEID,COMPANY_NO,IS_LOGICAL,IS_MIGRATED,RECEIVED_DT,IS_DELETED,RECEIVEDDATE,PENDING_SEQ,IS_RESOLVED,LAST_UPDATED_TIMESTAMP,LOGICAL_LINK_ID 
		FROM [dbo].[FD_DOC_LINK] WHERE 
		S_ROWID IN
		<foreach item="item" collection="list" index="index" open="(" separator="," close=")">  
            #{item}  
       </foreach>  
	</select>
	
	<insert id="insertFdDocAuditTrails" parameterType="java.util.List">
		<foreach close="" collection="list" index="index" item="item"
			open="" separator=";">
			INSERT INTO FD_DOC_AUDIT_TRAIL 
		<trim prefix="(" suffix=")" suffixOverrides="," >
			<if test="item.createdBy != null" >CREATED_BY,</if>
			<if test="item.createdTimestamp != null" >CREATED_TIMESTAMP,</if>
			<if test="item.fromBatchNo != null" >FROM_BATCH_NO,</if>
			<if test="item.fromBoxNo != null" >FROM_BOX_NO,</if>
			<if test="item.fromComCd != null" >FROM_COM_CD,</if>
			<if test="item.fromFormId != null" >FROM_FORM_ID,</if>
			<if test="item.fromLinkInd != null" >FROM_LINK_IND,</if>
			<if test="item.fromObjectId != null" >FROM_OBJECT_ID,</if>
			<if test="item.fromPageNo != null" >FROM_PAGE_NO,</if>
			<if test="item.fromPolNum != null" >FROM_POL_NUM,</if>
			<if test="item.fromProcessType != null" >FROM_PROCESS_TYPE,</if>
			<if test="item.fromReceivedDt != null" >FROM_RECEIVED_DT,</if>
			<if test="item.fromReqNo != null" >FROM_REQ_NO,</if>
			<if test="item.fromStatusInd != null" >FROM_STATUS_IND,</if>
			<if test="item.fromVerified != null" >FROM_VERIFIED,</if>
			<if test="item.frsReqNo != null" >FRS_REQ_NO,</if>
			<if test="item.other != null" >OTHER,</if>		
			<if test="item.sysAct != null" >SYS_ACT,</if>
			<if test="item.toBatchNo != null" >TO_BATCH_NO,</if>
			<if test="item.toBoxNo != null" >TO_BOX_NO,</if>
			<if test="item.toComCd != null" >TO_COM_CD,</if>
			<if test="item.toFormId != null" >TO_FORM_ID,</if>
			<if test="item.toLinkInd != null" >TO_LINK_IND,</if>
			<if test="item.toObjectId != null" >TO_OBJECT_ID,</if>
			<if test="item.toPageNo != null" >TO_PAGE_NO,</if>
			<if test="item.toPolNum != null" >TO_POL_NUM,</if>
			<if test="item.toProcessType != null" >TO_PROCESS_TYPE,</if>
			<if test="item.toReceivedDt != null" >TO_RECEIVED_DT,</if>
			<if test="item.toReqNo != null" >TO_REQ_NO,</if>
			<if test="item.toStatusInd != null" >TO_STATUS_IND,</if>
			<if test="item.toVerified != null" >TO_VERIFIED,</if>
			<if test="item.userAct != null" >USER_ACT,</if>
			<if test="item.receiveddate != null" >RECEIVEDDATE,</if>
			<if test="item.reqreceiveddate != null" >REQRECEIVEDDATE,</if>
			<if test="item.isResolved != null" >IS_RESOLVED,</if>
			<if test="item.logicalLinkId != null" >LOGICAL_LINK_ID,</if>
			<if test="item.activityId != null" >ACTIVITY_ID,</if>
			<if test="item.fromClaimNo != null" >FROM_CLAIM_NO,</if>
			<if test="item.toClaimNo != null" >TO_CLAIM_NO,</if>
			<if test="item.fromNric != null" >FROM_NRIC,</if>
			<if test="item.toNric != null" >TO_NRIC,</if>
	    </trim>
	    <trim prefix="values (" suffix=")" suffixOverrides="," >
			<if test="item.createdBy != null" >#{item.createdBy},</if>
			<if test="item.createdTimestamp != null" >#{item.createdTimestamp},</if>
			<if test="item.fromBatchNo != null" >#{item.fromBatchNo},</if>
			<if test="item.fromBoxNo != null" >#{item.fromBoxNo},</if>
			<if test="item.fromComCd != null" >#{item.fromComCd},</if>
			<if test="item.fromFormId != null" >#{item.fromFormId},</if>
			<if test="item.fromLinkInd != null" >#{item.fromLinkInd},</if>
			<if test="item.fromObjectId != null" >#{item.fromObjectId},</if>
			<if test="item.fromPageNo != null" >#{item.fromPageNo},</if>
			<if test="item.fromPolNum != null" >#{item.fromPolNum},</if>
			<if test="item.fromProcessType != null" >#{item.fromProcessType},</if>
			<if test="item.fromReceivedDt != null" >#{item.fromReceivedDt},</if>
			<if test="item.fromReqNo != null" >#{item.fromReqNo},</if>
			<if test="item.fromStatusInd != null" >#{item.fromStatusInd},</if>
			<if test="item.fromVerified != null" >#{item.fromVerified},</if>
			<if test="item.frsReqNo != null" >#{item.frsReqNo},</if>
			<if test="item.other != null" >#{item.other},</if>		
			<if test="item.sysAct != null" >#{item.sysAct},</if>
			<if test="item.toBatchNo != null" >#{item.toBatchNo},</if>
			<if test="item.toBoxNo != null" >#{item.toBoxNo},</if>
			<if test="item.toComCd != null" >#{item.toComCd},</if>
			<if test="item.toFormId != null" >#{item.toFormId},</if>
			<if test="item.toLinkInd != null" >#{item.toLinkInd},</if>
			<if test="item.toObjectId != null" >#{item.toObjectId},</if>
			<if test="item.toPageNo != null" >#{item.toPageNo},</if>
			<if test="item.toPolNum != null" >#{item.toPolNum},</if>
			<if test="item.toProcessType != null" >#{item.toProcessType},</if>
			<if test="item.toReceivedDt != null" >#{item.toReceivedDt},</if>
			<if test="item.toReqNo != null" >#{item.toReqNo},</if>
			<if test="item.toStatusInd != null" >#{item.toStatusInd},</if>
			<if test="item.toVerified != null" >#{item.toVerified},</if>
			<if test="item.userAct != null" >#{item.userAct},</if>
			<if test="item.receiveddate != null" >#{item.receiveddate},</if>
			<if test="item.reqreceiveddate != null" >#{item.reqreceiveddate},</if>
			<if test="item.isResolved != null" >#{item.isResolved},</if>
			<if test="item.logicalLinkId != null" >#{item.logicalLinkId},</if>
			<if test="item.activityId != null" >#{item.activityId},</if>
			<if test="item.fromClaimNo != null" >#{item.fromClaimNo},</if>
			<if test="item.toClaimNo != null" >#{item.toClaimNo},</if>
			<if test="item.fromNric != null" >#{item.fromNric},</if>
			<if test="item.toNric != null" >#{item.toNric},</if>
    	</trim>
		</foreach>

	</insert>
	
	<select id="queryFormInfoByFormCategory" resultType="map" parameterType="java.util.Map">
		SELECT FORM_ID, FORM_NM, FORM_CATEGORY
		FROM FD_FORM_DEFINITION
		WHERE 1 = 1
		
		<if test="category != null and category != '' ">
			AND FORM_CATEGORY= #{category}
		</if>
	</select>
	
	<select id="isDocIntegrity" resultType="java.lang.Integer"
		parameterType="map">
		SELECT IS_DOC_INTEGRITY from fd_form_definition 
		WHERE form_id=#{formId}
	</select>
	
	<select id="getMigratedDocInfo" resultType="com.aia.case360.web.pojo.TreeDocInfo"
		parameterType="string">
		
		select top 1 * from (
		SELECT  top 1
			dm.DOCUMENTID  DOC_ID,
			'' LOGICAL_LINK_ID,
			attr.OBJECT_ID OBJECT_ID,
			attr.OBJECT_NAME,
			attr.FORM_ID FORM_ID, 
			fd.FORM_NM FORM_NM, 
			dm.IS_VOID IS_VOID,
			dm.PAGE_INDICATOR PAGE_IND,
			attr.RECEIVED_DT RECV_DT,
			dm.IS_MIGRATED IS_MIGRATED,
			dm.IS_MOVED IS_MOVED,
			attr.POLICY_NO POL_NUM,
			dm.IS_VOID IS_DOC_VOID,
			dm.FILENAME FILE_NAME,
			'MIGRATE' AS DOC_SOURCE,
			CASE WHEN EXISTS (SELECT 1 FROM FD_USER_DOC WITH(NOLOCK) WHERE READER_ID = #{userId} AND [OBJECT_ID] = attr.[OBJECT_ID]) THEN 1 ELSE 0 END AS HAS_READ,
			
			CASE UPPER(#{userId}) WHEN 'SONORA' THEN 0
			ELSE
				CASE WHEN FD.FORM_CATEGORY IS NOT NULL THEN
					CASE WHEN EXISTS (SELECT 1
					 FROM FD_UAM_ROLEMENU_REF RMENU WITH(NOLOCK) INNER JOIN FD_UAM_USERROLE_REF RREF WITH(NOLOCK) ON ISNULL(RREF.UAM_DELETE_FLAG, 0) = 0 AND RMENU.UAM_ROLE_ID = RREF.UAM_ROLE_ID AND RREF.UAM_USER_ID = #{userId}
					 WHERE RMENU.MENU_ID = FD.FORM_CATEGORY) THEN 0 ELSE 1 END
				ELSE NULL
				END 
			END AS IS_DECLINED,
			
			attr.PROCESS_TYPE
			FROM (select * from FD_DOC_ATTRIBUTES with(nolock) where OBJECT_ID = #{objectId} AND (is_deleted is null or is_deleted=0)) attr inner join FS_DOCUMENTS dm with(nolock) on attr.OBJECT_ID =  dm.OBJECT_ID  
			left join FD_FORM_DEFINITION fd with(nolock) on attr.FORM_ID = fd.FORM_ID
			
		union all
		
		SELECT TOP 1
			ISNULL(DOC.DOCUMENTID, 0) AS DOC_ID,
			LINK.LOGICAL_LINK_ID,
			LINK.[OBJECT_ID] as OBJECT_ID,
			CASE WHEN DOC.DOCUMENTID IS NULL THEN (SELECT MAX([OBJECT_NAME]) FROM FD_DOC_MIG_CTRL CTRL WITH(NOLOCK) WHERE CTRL.[OBJECT_ID] = LINK.[OBJECT_ID] AND ISNULL(CTRL.MIG_STATUS, 0) NOT IN (12, 22, 32,42, 98, 99) ) ELSE '' END AS OBJECT_NAME,
			LINK.FORM_ID FORM_ID,
			fd.FORM_NM FORM_NM,
			isnull(LINK.IS_VOID, 0) IS_VOID,
			DOC.PAGE_INDICATOR PAGE_IND,
			ISNULL(LINK.RECEIVED_DT, LINK.CREATED_DT) AS RECV_DT,
			isnull(DOC.IS_MIGRATED, 0) IS_MIGRATED,
			isnull(DOC.IS_MOVED, 0) IS_MOVED,
			CASE WHEN LEFT(LINK.POL_NUM, 1) = 'E' THEN 'H' + RIGHT(LINK.POL_NUM, LEN(LINK.POL_NUM) - 1) ELSE LINK.POL_NUM END AS POL_NUM,
			DOC.IS_VOID IS_DOC_VOID,
			DOC.[FILENAME] FILE_NAME,
			CASE WHEN DOC.DOCUMENTID IS NULL THEN 'UNMIG' ELSE 'CASE360' END AS DOC_SOURCE,
			CASE WHEN EXISTS (SELECT 1 FROM FD_USER_DOC WITH(NOLOCK) WHERE READER_ID = #{userId} AND [OBJECT_ID] = LINK.[OBJECT_ID]) THEN 1 ELSE 0 END AS HAS_READ,
			CASE UPPER(#{userId}) WHEN 'SONORA' THEN 0
			ELSE
				CASE WHEN FD.FORM_CATEGORY IS NOT NULL THEN
					CASE WHEN EXISTS (SELECT 1
					 FROM FD_UAM_ROLEMENU_REF RMENU WITH(NOLOCK) INNER JOIN FD_UAM_USERROLE_REF RREF WITH(NOLOCK) ON ISNULL(RREF.UAM_DELETE_FLAG, 0) = 0 AND RMENU.UAM_ROLE_ID = RREF.UAM_ROLE_ID AND RREF.UAM_USER_ID = #{userId}
					 WHERE RMENU.MENU_ID = FD.FORM_CATEGORY) THEN 0 ELSE 1 END
				ELSE NULL
				END 
			END AS IS_DECLINED,
			LINK.PROCESS_TYPE
		FROM (SELECT * from FD_DOC_LINK with(nolock) where OBJECT_ID = #{objectId} AND (is_deleted is null or is_deleted=0)) LINK LEFT JOIN FS_DOCUMENTS DOC WITH(NOLOCK) ON LINK.[OBJECT_ID] = DOC.[OBJECT_ID]
		left join FD_FORM_DEFINITION fd with(nolock) on LINK.FORM_ID = fd.FORM_ID
		) t
	</select>
	
	<select id="getObjectIdByDocId" resultType="string" parameterType="string">
		SELECT OBJECT_ID FROM FS_DOCUMENTS WHERE DOCUMENTID = #{docId}
	</select>

   <select id="searchLogicLinkId" resultType="string" parameterType="string">
      select TOP 1 logical_link_id from fd_doc_link where 1=1
       
			AND OBJECT_ID= #{objectIdBy}
	   		
	   		<if test="reqNumBy != null" >
			AND REQUEST_NUM= #{reqNumBy}
	   		</if>
	   		<if test="reqNumBy == null" >
			AND REQUEST_NUM is null
	   		</if>
	   		
			AND POL_NUM= #{polNumBy}
	    
			AND FORM_ID= #{formIdBy}
	   		order by CREATED_DT desc
   </select>
   
	<select id="getDocLinkByRequestNum" resultType="java.util.Map" parameterType="string">
      select distinct POL_NUM, FORM_ID, OBJECT_ID, LOGICAL_LINK_ID from fd_doc_link where
	   		<if test="reqNum != null" >
			REQUEST_NUM= #{reqNum}
	   		</if>
	   		<if test="reqNum == null" >
			1=2
	   		</if>
   </select>

	<insert id="insertDocMigDemandTable" parameterType="java.util.Set">
		insert into FD_DOC_MIG_DEMAND (OBJECT_ID, OBJECT_NAME, POL_NUM, DOC_SOURCE, IS_URGENT)
		SELECT c.OBJECT_ID, c.OBJECT_NAME, c.POLICY_NO, c.DOC_SOURCE, 1
		FROM (SELECT * FROM FD_DOC_MIG_CTRL WITH(NOLOCK) WHERE POLICY_NO IN
		<foreach open="(" close=")" collection="policySet" index="index" item="item" separator=",">
			#{item}
		</foreach>
		and isnull(MIG_STATUS,0) in (10, 11)
		) c
		LEFT JOIN FD_DOC_MIG_DEMAND	d WITH(NOLOCK) on c.OBJECT_ID=d.OBJECT_ID
		where d.OBJECT_ID is null
	</insert>
	
    <insert id="saveDocLink" parameterType="java.util.Map">
	    {call sp_save_doc_link(#{sRowid,mode=IN},#{policyNo,mode=IN}, #{formID,mode=IN}, #{processType,mode=IN},#{oldObjectId,mode=IN}, #{newObjectId,mode=IN}, #{linkCaseId,mode=IN},#{requestNum,mode=IN},#{companyNo,mode=IN},#{newLogicalLinkId,mode=IN},#{isLogical,mode=IN})}
	</insert>
	<update id="updateDocLinkToDeleted">
		update fd_doc_link set IS_DELETED = 1,LAST_UPDATED_TIMESTAMP=getDate(),LINK_STATUS=20 where S_ROWID = #{rowId}
	</update>

 	<select id="convertAttributesToAttrDocLink" statementType="CALLABLE" resultType="com.aia.case360.web.pojo.ConvertAttributesToAttrDocLinkResult">

        <![CDATA[
           {CALL sp_convert_attributes_to_attr_doclink(
           	#{objectIds,mode=IN,jdbcType=VARCHAR}
           ,#{deleteFlag,mode=IN,jdbcType=INTEGER})
           }
       	]]>

	</select>
	
	
	
	
		<select id="getDocLink" resultType="map" parameterType="java.util.Map">
		SELECT S_ROWID,CREATED_DT,FORM_ID,OBJECT_ID,POL_NUM,REQUEST_NUM,PROCESS_TYPE,IS_VOID,CLAIM_NO,LINKCASEID,COMPANY_NO,IS_LOGICAL,IS_MIGRATED,RECEIVED_DT,IS_DELETED,RECEIVEDDATE,PENDING_SEQ,IS_RESOLVED,LAST_UPDATED_TIMESTAMP 
		FROM  [FD_DOC_LINK] with (nolock)  
		
		WHERE 1 = 1
		
		<if test="OBJECT_ID != null and OBJECT_ID != '' ">
			AND OBJECT_ID= #{OBJECT_ID}
		</if>
		<if test="POL_NUM != null and POL_NUM != '' ">
			AND POL_NUM= #{POL_NUM}
		</if>
		<if test="LINKCASEID != null and LINKCASEID != '' ">
			AND LINKCASEID= #{LINKCASEID}
		</if>
		<if test="FORM_ID != null and FORM_ID != '' ">
			AND FORM_ID= #{FORM_ID}
		</if>
		
	</select>
	
	<update id="deleteDocLink"  parameterType="java.util.Map">
		update  [FD_DOC_LINK]  set IS_DELETED = 1,LAST_UPDATED_TIMESTAMP=GETDATE(),LINK_STATUS=20
		
		WHERE 1 = 1
		
		<if test="OBJECT_ID != null and OBJECT_ID != '' ">
			AND OBJECT_ID= #{OBJECT_ID}
		</if>
		<if test="POL_NUM != null and POL_NUM != '' ">
			AND POL_NUM= #{POL_NUM}
		</if>
		<if test="LINKCASEID != null and LINKCASEID != '' ">
			AND LINKCASEID= #{LINKCASEID}
		</if>
		<if test="FORM_ID != null and FORM_ID != '' ">
			AND FORM_ID= #{FORM_ID}
		</if>
		
	</update>

	<update id="deleteDocLinkNoAspect"  parameterType="java.util.Map">
		update  [FD_DOC_LINK]  set IS_DELETED = 1,LAST_UPDATED_TIMESTAMP=GETDATE(),LINK_STATUS=20
		
		WHERE 1 = 1
		
		<if test="OBJECT_ID != null and OBJECT_ID != '' ">
			AND OBJECT_ID= #{OBJECT_ID}
		</if>
		<if test="POL_NUM != null and POL_NUM != '' ">
			AND POL_NUM= #{POL_NUM}
		</if>
		<if test="LINKCASEID != null and LINKCASEID != '' ">
			AND LINKCASEID= #{LINKCASEID}
		</if>
		<if test="FORM_ID != null and FORM_ID != '' ">
			AND FORM_ID= #{FORM_ID}
		</if>
		
	</update>
	
	<select id="getDocNotes" resultType="map" parameterType="com.aia.case360.web.pojo.FdDocNotes">
		SELECT IS_VOID,
			COMMENTS NOTE,
			CONVERT(VARCHAR, CREATED_TIMESTAMP, 120) CREATED_DT,
			UPPER(CREATED_BY) as CREATED_BY,
			(
				CASE isnull(IS_CONFIDENTIAL,0)
					WHEN 0
						THEN 'Normal'
					ELSE 'Confidential'
					END 
				) SECURITY_LEVEL,
			FD.FORM_NM,
			isnull(DN.FORM_ID, #{formId}) as FORM_ID,
			UPPER(ISNULL(DN.CANCELED_BY, '')) CANCELED_BY,
			CONVERT(VARCHAR, dn.CANCELED_TIMESTAMP, 120) CANCELED_DT,
			DN.S_ROWID
		FROM FD_DOC_NOTE DN WITH (NOLOCK)
		LEFT JOIN FD_FORM_DEFINITION FD WITH (NOLOCK)
			ON isnull(DN.FORM_ID,#{formId}) = FD.FORM_ID
		WHERE DN.OBJECT_ID = #{objectId}
		ORDER BY CREATED_DT DESC
	</select>
	
	<insert id="addDocNotes" parameterType="com.aia.case360.web.pojo.FdDocNotes">	
		INSERT INTO FD_DOC_NOTE 
		<trim prefix="(" suffix=")" suffixOverrides="," >
	      	<if test="acl != null" >ACL,</if>
			<if test="comments != null" >COMMENTS,</if>
			<if test="createdBy != null" >CREATED_BY,</if>
			<if test="createdTimestamp != null" >CREATED_TIMESTAMP,</if>
			<if test="docNoteSecurityLevel != null" >DOC_NOTE_SECURITY_LEVEL,</if>
			<if test="isConfidential != null" >IS_CONFIDENTIAL,</if>
			<if test="objectId != null" >OBJECT_ID,</if>
			<if test="sRowId != null" >S_ROWID,</if>
			<if test="formId != null" >FORM_ID,</if>
			<if test="isVoid != null" >IS_VOID,</if>
			<if test="canceledBy != null" >CANCELED_BY,</if>
			<if test="canceledTimestamp != null" >CANCELED_TIMESTAMP,</if>
	    </trim>
	    <trim prefix="values (" suffix=")" suffixOverrides="," >
			<if test="acl != null" >ACL,</if>
			<if test="comments != null" >#{comments},</if>
			<if test="createdBy != null" >#{createdBy},</if>
			<if test="createdTimestamp != null" >#{createdTimestamp},</if>
			<if test="docNoteSecurityLevel != null" >#{docNoteSecurityLevel},</if>
			<if test="isConfidential != null" >#{isConfidential},</if>
			<if test="objectId != null" >#{objectId},</if>
			<if test="sRowId != null" >#{sRowId},</if>
			<if test="formId != null" >#{formId},</if>
			<if test="isVoid != null" >#{isVoid},</if>
			<if test="canceledBy != null" >#{canceledBy},</if>
			<if test="canceledTimestamp != null" >#{canceledTimestamp},</if>
    	</trim>
	</insert> 
	
	<insert id="insertDocClient">
		exec sp_save_doc_client #{NRIC},#{polNum},#{formId},#{objectId},#{newObjID}, #{hashNric}, #{requestNum}
	</insert>
	<update id="deleteDocClient">
		update fd_doc_client set IS_DELETED = 1 where HASHSTR=#{NRIC} and OBJECT_ID=#{objectId} and isnull(IS_DELETED, 0) = 0
	</update>
	
	<select id="getDocProperties" resultType="map" parameterType="java.util.Map">
		SELECT TOP 1 *
		FROM (
			SELECT ISNULL(FDAS.ORI_POL_NUMS, FDAS.POLICY_NO) AS ORI_POL_NUMS,
				FDAS.BATCH_NO,
				FD.OBJECT_ID,
				FDAS.BOX_NO,
				FDAS.SOURCE_SYSTEM_CODE AS SUBMIT_CHANNEL,
				FDAS.SCAN_DT,
				FDAS.RECEIVED_DT,
				'' AS SIGNATURE_DATE,
				FDAS.COMPANY_NO,
				FDAS.PROCESS_TYPE,
				(
					SELECT CASE FORM_LEVEL
							WHEN 'C'
								THEN 'Customer level'
							ELSE 'Non-customer level'
							END
					FROM FD_FORM_DEFINITION
					WHERE FORM_ID = #{formId}
						AND ISNULL(IS_DELETED, 0) = 0
					) AS FORM_LEVEL,
				(
					CASE FD.IS_VOID
						WHEN 1
							THEN 'VOID'
						ELSE 'Normal'
						END
					) AS STATUS,
				(CASE WHEN FD.PRINT_FLAG IS NULL THEN 'NA' WHEN FD.PRINT_FLAG = '' THEN 'NA' ELSE PRINT_FLAG END) AS PRINT_FLAG
			FROM FD_DOC_ATTR FDAS
			LEFT JOIN FS_DOCUMENTS FD
				ON FD.OBJECT_ID = FDAS.OBJECT_ID
			WHERE FD.OBJECT_ID = #{objectId}
			
			UNION ALL
			
			SELECT FDAL.ORG_POLICY_NO AS ORI_POL_NUMS,
				FDAL.BATCH_NO,
				FD.OBJECT_ID,
				FDAL.BOX_NO,
				FDAL.SOURCE_SYSTEM_CODE AS SUBMIT_CHANNEL,
				FDAL.SCAN_DT,
				FDAL.RECEIVED_DT,
				'' AS SIGNATURE_DATE,
				FDAL.COMPANY_NO,
				FDAL.PROCESS_TYPE,
				(
					SELECT CASE FORM_LEVEL
							WHEN 'C'
								THEN 'Customer level'
							ELSE 'Non-customer level'
							END
					FROM FD_FORM_DEFINITION
					WHERE FORM_ID = #{formId}
						AND ISNULL(IS_DELETED, 0) = 0
					) AS FORM_LEVEL,
				(
					CASE FD.IS_VOID
						WHEN 1
							THEN 'VOID'
						ELSE 'Normal'
						END
					) AS STATUS,
				(CASE WHEN FD.PRINT_FLAG IS NULL THEN 'NA' WHEN FD.PRINT_FLAG = '' THEN 'NA' ELSE PRINT_FLAG END) AS PRINT_FLAG
			FROM FD_DOC_ATTRIBUTES FDAL
			LEFT JOIN FS_DOCUMENTS FD
				ON FD.OBJECT_ID = FDAL.OBJECT_ID
			WHERE ISNULL(FDAL.IS_DELETED, 0) = 0
				AND FD.OBJECT_ID = #{objectId}
			) A
	</select>
	
	<resultMap id="PolicyDocHierarchyMap" type="com.aia.case360.web.vo.PolicyDocHierarchy" >  
		<result property="folderId" column="FOLDER_ID" />
		<result property="folderLevel" column="FOLDER_LEVEL" />
		<result property="folderName" column="FOLDER_NAME" />
		<result property="folderReqNo" column="FOLDER_REQ_NO" />
		<result property="processType" column="PROCESS_TYPE" />
		<result property="documentId" column="DOCUMENTID" />
		<result property="logicalLinkId" column="LOGICAL_LINK_ID" />
		<result property="sRowid" column="S_ROWID" />
		<result property="objectId" column="OBJECT_ID" />
		<result property="objectName" column="OBJECT_NAME" />
		<result property="policyNo" column="POLICY_NO" />
		<result property="formId" column="FORM_ID" />
		<result property="formNm" column="FORM_NM" />
		<result property="formCategory" column="FORM_CATEGORY" />
		<result property="linkcaseId" column="LINKCASEID" />
		<result property="fileName" column="FILENAME" />
		<result property="fileExtension" column="FILE_EXTENSION" />
		<result property="docSource" column="DOC_SOURCE" />
		<result property="receivedDate" column="RECEIVEDDATE" />
		<result property="receivedDt" column="RECEIVED_DT" />
		<result property="requestNo" column="REQUEST_NO" />
		<result property="isVoid" column="IS_VOID" />
		<result property="isMoved" column="IS_MOVED" />
		<result property="isMigrated" column="IS_MIGRATED" />
		<result property="pageIndicator" column="PAGE_INDICATOR" />
		<result property="condition" column="CONDITION" />
		<result property="isDynamic" column="IS_DYNAMIC" />
		<result property="isClaim" column="IS_CLAIM" />
		<result property="isLeaf" column="IS_LEAF" />
		<result property="isDeclined" column="IS_DECLINED" />
		<result property="hasRead" column="HAS_READ" />
		<result property="hasNote" column="HAS_NOTE" />
		<result property="docStatus" column="DOC_STATUS" />
		<result property="isPolKit" column="IS_POL_KIT" />
		<result property="folderOrder" column="FOLDER_ORDER" />
		<result property="isDocIntegrity" column="IS_DOC_INTEGRITY" />
		<result property="companyCode" column="COMPANY_NO" />
		<result property="claimNo" column="CLAIM_NO" />
	</resultMap> 
	
	
	
	<select id="getPolicyDocHierarchy" statementType="CALLABLE" resultMap="PolicyDocHierarchyMap">

        <![CDATA[
           {CALL SP_getPolicyDocHierarchy(
           	#{userId,mode=IN,jdbcType=VARCHAR},
            #{companyNo,mode=IN,jdbcType=VARCHAR},
            #{policyNo,mode=IN,jdbcType=VARCHAR},
            #{isTree,mode=IN,jdbcType=INTEGER}
           )}
       	]]>

	</select>
	
	<resultMap id="PolicyHierarchyMap" type="com.aia.case360.web.vo.PolicyDocumentHierarchy" >  
		<result property="FOLDER_ID" column="FOLDER_ID" />
		<result property="FOLDER_LEVEL" column="FOLDER_LEVEL" />
		<result property="FOLDER_NAME" column="FOLDER_NAME" />
		<result property="FOLDER_REQ_NO" column="FOLDER_REQ_NO" />
		<result property="PROCESS_TYPE" column="PROCESS_TYPE" />
		<result property="DOCUMENTID" column="DOCUMENTID" />
		<result property="LOGICAL_LINK_ID" column="LOGICAL_LINK_ID" />
		<result property="S_ROWID" column="S_ROWID" />
		<result property="OBJECT_ID" column="OBJECT_ID" />
		<result property="OBJECT_NAME" column="OBJECT_NAME" />
		<result property="POLICY_NO" column="POLICY_NO" />
		<result property="FORM_ID" column="FORM_ID" />
		<result property="FORM_NM" column="FORM_NM" />
		<result property="FORM_CATEGORY" column="FORM_CATEGORY" />
		<result property="LINKCASEID" column="LINKCASEID" />
		<result property="FILENAME" column="FILENAME" />
		<result property="FILE_EXTENSION" column="FILE_EXTENSION" />
		<result property="DOC_SOURCE" column="DOC_SOURCE" />
		<result property="RECEIVED_DT" column="RECEIVED_DT" />  
		<result property="RECEIVEDDATE" column="RECEIVEDDATE" />
		<result property="REQUEST_NO" column="REQUEST_NO" />
		<result property="IS_VOID" column="IS_VOID" />
		<result property="VOIDIND" column="VOIDIND" />
		<result property="IS_MOVED" column="IS_MOVED" />
		<result property="IS_MIGRATED" column="IS_MIGRATED" />
		<result property="PAGE_INDICATOR" column="PAGE_INDICATOR" />
		<result property="CONDITION" column="CONDITION" />
		<result property="IS_DYNAMIC" column="IS_DYNAMIC" />
		<result property="IS_CLAIM" column="IS_CLAIM" />
		<result property="IS_LEAF" column="IS_LEAF" />
		<result property="IS_DECLINED" column="IS_DECLINED" />
		<result property="HAS_READ" column="HAS_READ" />
		<result property="HAS_NOTE" column="HAS_NOTE" />
		<result property="DOC_STATUS" column="DOC_STATUS" />
		<result property="companyCode" column="COMPANY_NO" />
	</resultMap> 
	
	
	<select id="getPolicyHierarchy" statementType="CALLABLE" resultMap="PolicyHierarchyMap">

        <![CDATA[
           {CALL SP_getPolicyDocHierarchy(
           	#{userId,mode=IN,jdbcType=VARCHAR},
            #{companyNo,mode=IN,jdbcType=VARCHAR},
            #{policyNo,mode=IN,jdbcType=VARCHAR},
            #{isTree,mode=IN,jdbcType=INTEGER}
           )}
       	]]>

	</select>
	
	<select id="getPolicyHierarchyByPolList" statementType="CALLABLE" resultMap="PolicyHierarchyMap">

        <![CDATA[
           {CALL SP_getPolicyDocList(
           	#{userId,mode=IN,jdbcType=VARCHAR},
            #{companyNo,mode=IN,jdbcType=VARCHAR},
            #{polList,mode=IN,jdbcType=VARCHAR}
           )}
       	]]>

	</select>
	
	<select id="getPolicySourceInfo" parameterType="java.util.List" resultType="com.aia.case360.web.pojo.PolicyInfoParameter">

        SELECT DISTINCT 
	      SOURCE as source,
	      POL_NUM as policyNo,
	      COMPANY as companyCode
        FROM FD_POLICY with(nolock) 
        <where>
        	<if test="policyNums.size()>0">
        		POL_NUM in 
	        	<foreach collection="policyNums" index="index" item="item" open="(" close=")" separator=",">
	        		#{item} 
	        	</foreach>
        	</if>
        </where>

    </select>
	
	<resultMap id="ClientDocHierarchyMap" type="com.aia.case360.web.vo.ClientDocHierarchy" >  
		<result property="sRowId" column="S_ROWID" />
		<result property="docSource" column="DOC_SOURCE" />
		<result property="logicalLinkId" column="LOGICAL_LINK_ID" />
		<result property="formId" column="FORM_ID" />
		<result property="formCategory" column="FORM_CATEGORY" />
		<result property="formNm" column="FORM_NM" />
		<result property="objectId" column="OBJECT_ID" />
		<result property="documentId" column="DOCUMENTID" />
		<result property="isMigrated" column="IS_MIGRATED" />
		<result property="fileName" column="FILENAME" />
		<result property="receivedDate" column="RECEIVEDDATE" />
		<result property="receivedDt" column="RECEIVED_DT" />
		<result property="pageIndicator" column="PAGE_INDICATOR" />
		<result property="isVoid" column="IS_VOID" />
		<result property="processType" column="PROCESS_TYPE" />
		<result property="companyNo" column="COMPANY_NO" />
		<result property="requestNo" column="REQUEST_NO" />
		<result property="isDocIntegrity" column="IS_DOC_INTEGRITY" />
		<result property="hasRead" column="HAS_READ" />
		<result property="hasNote" column="HAS_NOTE" />
		<result property="isDeclined" column="IS_DECLINED" />
		<result property="valueList" column="VALUE_LIST" />
	</resultMap>
	
	<select id="getClientDocHierarchy" statementType="CALLABLE" resultMap="ClientDocHierarchyMap">

        <![CDATA[
           {CALL SP_getClientDocHierarchy(
           	#{userId,mode=IN,jdbcType=VARCHAR},
            #{nric,mode=IN,jdbcType=VARCHAR}
           )}
       	]]>

	</select>

	<resultMap id="CaseDocInfoMap" type="com.aia.case360.web.vo.CaseDocInfo" >  
		<result property="processType" column="PROCESS_TYPE" />
		<result property="documentId" column="DOCUMENTID" />
		<result property="logicalLinkId" column="LOGICAL_LINK_ID" />
		<result property="objectId" column="OBJECT_ID" />
		<result property="objectName" column="OBJECT_NAME" />
		<result property="companyNo" column="COMPANY_NO" />
		<result property="policyNo" column="POLICY_NO" />
		<result property="formId" column="FORM_ID" />
		<result property="formNm" column="FORM_NM" />
		<result property="fileName" column="FILENAME" />
		<result property="docSource" column="DOC_SOURCE" />
		<result property="receivedDate" column="RECEIVEDDATE" />
		<result property="receivedDt" column="RECEIVED_DT" />
		<result property="claimNo" column="CLAIM_NO" />
		<result property="isVoid" column="IS_VOID" />
		<result property="docStatus" column="DOC_STATUS" />
		<result property="isMigrated" column="IS_MIGRATED" />
		<result property="isDocIntegrity" column="IS_DOC_INTEGRITY" />
		<result property="pageIndicator" column="PAGE_INDICATOR" />
		<result property="isDeclined" column="IS_DECLINED" />
		<result property="hasRead" column="HAS_READ" />
		<result property="hasNote" column="HAS_NOTE" />
		<result property="formCategory" column="FORM_CATEGORY" />
	</resultMap>
	
	<select id="getCaseDocList" statementType="CALLABLE" resultMap="CaseDocInfoMap">

        <![CDATA[
           {CALL SP_getCaseDocList(
           	#{userId,mode=IN,jdbcType=VARCHAR},
            #{caseId,mode=IN,jdbcType=VARCHAR}
           )}
       	]]>

	</select>
	<insert id="addDocLinkAuditTrail">
		INSERT INTO FD_DOC_AUDIT_TRAIL (
			CREATED_BY,CREATED_TIMESTAMP,FROM_COM_CD,FROM_FORM_ID,
			FROM_OBJECT_ID,FROM_POL_NUM,FROM_PROCESS_TYPE,FROM_RECEIVED_DT,FROM_REQ_NO,FROM_STATUS_IND,TO_STATUS_IND,
			TO_COM_CD,
			TO_FORM_ID,TO_OBJECT_ID,TO_POL_NUM,TO_PROCESS_TYPE,TO_RECEIVED_DT,
			TO_REQ_NO,USER_ACT,IS_RESOLVED,
			LOGICAL_LINK_ID
		) select 
			#{docAudit.createdBy},#{docAudit.createdTimestamp},COMPANY_NO as FROM_COM_CD ,#{docAudit.fromFormId},
			#{docAudit.fromObjectId},POL_NUM as FROM_POL_NUM,#{docAudit.fromProcessType},RECEIVED_DT as FROM_RECEIVED_DT,REQUEST_NUM as FROM_REQ_NO,#{docAudit.fromStatusInd},#{docAudit.toStatusInd},
			COMPANY_NO as TO_COM_CD,
			#{docAudit.toFormId},#{docAudit.toObjectId},POL_NUM as TO_POL_NUM,#{docAudit.toProcessType},RECEIVED_DT as TO_RECEIVED_DT,
			REQUEST_NUM as TO_REQ_NO,#{docAudit.userAct},IS_RESOLVED,
			LOGICAL_LINK_ID from FD_DOC_LINK where S_ROWID = #{docAudit.sRowid}
	</insert>
	
	<select id="searchByDocId" resultType="map">
	  select  isnull(IS_DELETED,0) as IS_DELETED,OBJECT_ID,isnull(IS_VOID,0) as IS_VOID, isnull(IS_MOVED,0) as IS_MOVED from fs_documents where  DOCUMENTID=#{docId}
	
	</select>
	
	<select id="getEncryptNricInfo" resultType="String">

        exec SP_EncryptField #{nric}

	</select>
	
	<select id="getMulitObjectDocLinks" resultType="map">
		
		<foreach collection="params" index="index" item="item" open="(" close=")"  separator="union">
			SELECT distinct 'CASE360' AS DOC_SOURCE,dl.S_ROWID as S_ROWID,dl.COMPANY_NO,dl.POL_NUM, cw.REQUEST_NUM,dl.CLAIM_NO,dl.FORM_ID,fd.FORM_NM,fd.FORM_CATEGORY,dl.RECEIVED_DT, dl.IS_VOID,dl.OBJECT_ID, isnull(dl.PROCESS_TYPE,'') PROCESS_TYPE,dl.IS_DELETED,fd.IS_DOC_INTEGRITY,dl.LOGICAL_LINK_ID ,(isnull(dl.OBJECT_ID,'')+'_'+ case when dl.form_id is null then '' else isnull((SELECT top 1 FORM_ID FROM fd_form_definition WITH(NOLOCK)  WHERE  ISNULL(IS_DELETED,0) = 0 AND isnull(CONTRACT_FORM_TYPE,'M') != 'L' and (form_id = dl.form_id or MAINLINK_FORM_ID = dl.form_id)),'') end + '_'+ case when dl.form_id is null then '' else isnull((SELECT top 1 FORM_ID FROM fd_form_definition  WITH(NOLOCK) WHERE  ISNULL(IS_DELETED,0) = 0 AND isnull(CONTRACT_FORM_TYPE,'M') = 'L' and (form_id = dl.form_id or MAINLINK_FORM_ID = dl.form_id)),'') end + '_'+isnull(dl.POL_NUM,'')+ '_' +isnull(dl.REQUEST_NUM,'') ) as LINKINDICATOR FROM FD_DOC_LINK dl WITH(NOLOCK) left join FD_FORM_DEFINITION fd WITH(NOLOCK) on dl.FORM_ID = fd.FORM_ID 
			left join CF_WORK cw WITH(NOLOCK) on cw.CASEFOLDERID = dl.LINKCASEID
			<if test="item.formId != null and item.formId != ''" >
			join (select distinct FORM_ID from (SELECT FORM_ID FROM  FD_FORM_DEFINITION  WITH(NOLOCK) where form_id = #{item.formId} UNION ALL SELECT MAINLINK_FORM_ID FROM  FD_FORM_DEFINITION  WITH(NOLOCK) where form_id=#{item.formId} and isnull(MAINLINK_FORM_ID,'')!='' )as f) as ft on ft.FORM_ID=dl.FORM_ID
			</if>
			WHERE isnull(dl.IS_DELETED,0) = 0
		
			<if test="item.objectId != null and item.objectId != ''" >
			AND dl.OBJECT_ID =#{item.objectId}
			</if>
		
			<if test="item.linkCaseId != null and item.linkCaseId != ''" >
			AND dl.LINKCASEID = (select isnull(root_case_id, casefolderid) from cf_work WITH(NOLOCK)  where casefolderid=#{item.linkCaseId})
			</if>
		
			<if test="item.isVoid != null and item.isVoid != ''" >
			AND isnull(dl.IS_VOID,0) =#{item.isVoid}
			</if>
		
			<if test="item.policyNo != null and item.policyNo != ''" >
			AND dl.POL_NUM =#{item.policyNo}
			</if>
		</foreach>
		union
		<foreach collection="params" index="index" item="item" open="(" close=")"  separator="union">
			SELECT 'MIGRATE' AS DOC_SOURCE, cast(0 as decimal(18,0)) as S_ROWID, dl.COMPANY_NO,dl.POLICY_NO AS POL_NUM,  
			CASE WHEN isnull(dl.PROCESS_TYPE,SUBSTRING(ISNULL(dl.[OBJECT_NAME], ''), 21, 3)) LIKE 'CLM%'  THEN isnull(dl.REQUEST_NO,SUBSTRING(ISNULL(dl.[OBJECT_NAME], ''), 27, 10)) ELSE isnull(dl.REQUEST_NO,SUBSTRING(ISNULL(dl.[OBJECT_NAME], ''), 27, 15)) END AS REQUEST_NUM,
			CASE WHEN isnull(dl.PROCESS_TYPE,SUBSTRING(ISNULL(dl.[OBJECT_NAME], ''), 21, 3)) LIKE 'CLM%' THEN isnull(dl.REQUEST_NO,SUBSTRING(ISNULL(dl.[OBJECT_NAME], ''), 27, 10)) ELSE '' END AS CLAIM_NO,
			dl.FORM_ID,fd.FORM_NM,fd.FORM_CATEGORY,dl.RECEIVED_DT, CASE WHEN SUBSTRING(ISNULL(dl.[OBJECT_NAME], ''), 25, 1) = 'V' THEN 1 ELSE 0 END as IS_VOID,dl.OBJECT_ID, isnull(dl.PROCESS_TYPE,SUBSTRING(ISNULL(dl.[OBJECT_NAME], ''), 21, 4)) PROCESS_TYPE,isnull(dl.IS_DELETED,0) as IS_DELETED,fd.IS_DOC_INTEGRITY,'' as LOGICAL_LINK_ID ,(isnull(dl.OBJECT_ID,'')+'_'+ case when dl.form_id is null then '' else isnull((SELECT top 1 FORM_ID FROM fd_form_definition  WITH(NOLOCK) WHERE  ISNULL(IS_DELETED,0) = 0 AND isnull(CONTRACT_FORM_TYPE,'M') != 'L' and (form_id = dl.form_id or MAINLINK_FORM_ID = dl.form_id)),'') end + '_'+ case when dl.form_id is null then '' else isnull((SELECT top 1 FORM_ID FROM fd_form_definition  WITH(NOLOCK) WHERE  ISNULL(IS_DELETED,0) = 0 AND isnull(CONTRACT_FORM_TYPE,'M') = 'L' and (form_id = dl.form_id or MAINLINK_FORM_ID = dl.form_id)),'') end + '_'+isnull(dl.POLICY_NO,'')+ '_' +isnull(dl.REQUEST_NO,'') ) as LINKINDICATOR FROM FD_DOC_ATTRIBUTES dl WITH(NOLOCK) left join FD_FORM_DEFINITION fd WITH(NOLOCK) on dl.FORM_ID = fd.FORM_ID 
			left join CF_WORK cw WITH(NOLOCK) on cw.REQUEST_NUM = dl.REQUEST_NO
			<if test="item.formId != null and item.formId != ''" >
			join (select distinct FORM_ID from (SELECT FORM_ID FROM  FD_FORM_DEFINITION  WITH(NOLOCK) where form_id = #{item.formId} UNION ALL SELECT MAINLINK_FORM_ID FROM  FD_FORM_DEFINITION  WITH(NOLOCK) where form_id=#{item.formId} and isnull(MAINLINK_FORM_ID,'')!='' )as f) as ft on ft.FORM_ID=dl.FORM_ID
			</if>
			WHERE isnull(dl.IS_DELETED,0) = 0
		
			<if test="item.objectId != null and item.objectId != ''" >
			AND dl.OBJECT_ID =#{item.objectId}
			</if>
		
			<if test="item.linkCaseId != null and item.linkCaseId != ''" >
			AND cw.CASEFOLDERID = (select isnull(root_case_id, casefolderid) from cf_work WITH(NOLOCK)  where casefolderid=#{item.linkCaseId})
			</if>
		
			<if test="item.policyNo != null and item.policyNo != ''" >
			AND dl.POLICY_NO =#{item.policyNo}
			</if>
		</foreach>
	</select>
	
	<update id="updateLinkLogicalFlag" statementType="CALLABLE" >

        <![CDATA[
           {CALL sp_update_doc_link_is_logical_flag(#{objectId,mode=IN,jdbcType=VARCHAR})}
       	]]>

	</update>

	<select id="getChangedObjectId" resultType="String">

        	<choose>
				<when test="objectId == null or objectId.length() == 0"> 
					SELECT ''
				</when>
				<otherwise>
					SELECT TOP 1 
			        	CASE WHEN ISNULL(OBJECT_ID,'')='' THEN C_OBJECT_ID
			        	ELSE OBJECT_ID END 
			        	AS OBJECT_ID
			        FROM FD_DOC_MIG_CTRL WITH(NOLOCK)
			        WHERE OBJECT_ID=#{objectId} or C_OBJECT_ID=#{objectId}
				</otherwise>
		</choose>

	</select>
	
	<select id="getLogicObjectId" parameterType="java.lang.String"
		statementType="CALLABLE" resultType="java.lang.Integer">

        <![CDATA[
           {CALL GET_LOGICAL_OBJECT_ID(#{funcCode,mode=IN,jdbcType=VARCHAR})}
       	]]>

	</select>
	
	<select id="getLinkInfoById" resultType="com.aia.case360.web.pojo.DocLinkInfo" parameterType="java.util.List">

        SELECT 
        	ORG_REQUEST_NO AS orgRequestNo,
        	OBJECT_ID AS objectId
        FROM FD_DOC_LINK WITH(NOLOCK)
        WHERE s_rowid in 
        <foreach close=")" collection="rowIds" index="index" item="item" open="(" separator=",">
        	#{item}
        </foreach>

	</select>
	
	<insert id="batchAddDocLinkWithNoAspect" parameterType="java.util.List" useGeneratedKeys="true" keyProperty="sRowId">
		 INSERT INTO [FD_DOC_LINK](
		 [CREATED_DT],
		 [FORM_ID],
		 [OBJECT_ID],
		 [POL_NUM],
		 [REQUEST_NUM],
		 [PROCESS_TYPE],
		 [IS_VOID],
		 [CLAIM_NO],
		 [LINKCASEID],
		 [COMPANY_NO],
		 [IS_LOGICAL],
		 [IS_MIGRATED],
		 [RECEIVED_DT],
		 [IS_DELETED],
		 LOGICAL_LINK_ID,
		 C360_LOGICAL_LINK_ID,
		 LAST_UPDATED_TIMESTAMP,
		 LINK_STATUS,
		 ORG_REQUEST_NO)
		 values 
		<foreach collection="list" index="index" item="item" open=""  close="" separator=",">
        	(
        	GETDATE(),
        	<choose><when test="item.formId != null and item.formId != ''">#{item.formId},</when><otherwise>null,</otherwise></choose>
        	<choose><when test="item.objectId != null and item.objectId != ''">#{item.objectId},</when><otherwise>null,</otherwise></choose>
        	<choose><when test="item.polNum != null and item.polNum != ''">#{item.polNum},</when><otherwise>null,</otherwise></choose>
        	<choose><when test="item.requestNum != null and item.requestNum != ''">#{item.requestNum},</when><otherwise>null,</otherwise></choose>
        	<choose><when test="item.processType != null and item.processType != ''">#{item.processType},</when><otherwise>null,</otherwise></choose>
        	<choose><when test="item.isVoid != null">#{item.isVoid},</when><otherwise>null,</otherwise></choose>
        	<choose><when test="item.claimNo != null and item.claimNo != ''">#{item.claimNo},</when><otherwise>null,</otherwise></choose>
        	#{item.linkcaseid},
        	<choose><when test="item.companyNo != null and item.companyNo != ''">#{item.companyNo},</when><otherwise>null,</otherwise></choose>
        	#{item.isLogical},
        	#{item.isMigrated},
        	<choose><when test="item.receivedDt != null and item.receivedDt != ''">#{item.receivedDt},</when><otherwise>null,</otherwise></choose>
        	#{item.isDeleted},
        	<choose><when test="item.logicalLinkId != null and item.logicalLinkId != ''">#{item.logicalLinkId},</when><otherwise>null,</otherwise></choose>
        	<choose><when test="item.c360LogicalLinkId != null and item.c360LogicalLinkId != ''">#{item.c360LogicalLinkId},</when><otherwise>null,</otherwise></choose>
        	GETDATE(),
        	10,
        	<choose><when test="item.orgRequestNo != null and item.orgRequestNo != ''">#{item.orgRequestNo}</when><otherwise>null</otherwise></choose>
        	)
        </foreach>
	</insert>
	<!-- PBR-4468 -->
	<update id="deleteDocLinkForRB" parameterType="java.util.List">
		<foreach close="" collection="list" index="index" item="documentid"
			open="" separator=";">
			UPDATE DL SET DL.IS_DELETED=1,
			DL.LAST_UPDATED_TIMESTAMP = GETDATE(),
			DL.LAST_UPDATED_BY = 'manual Create case failed'
			FROM FD_DOC_LINK DL 
			INNER JOIN FS_DOCUMENTS DOC
			ON DL.OBJECT_ID = DOC.OBJECT_ID
			WHERE DOC.DOCUMENTID = #{documentid}
			AND DATEDIFF(DD,DL.CREATED_DT,GETDATE())=0
		</foreach>
	</update>
	<!-- PBR-4468 -->
	<update id="deleteCaseDoc" parameterType="java.util.List">
		<foreach close="" collection="list" index="index" item="documentid"
			open="" separator=";">
			UPDATE CD SET CD.IS_DELETED=1,
			CD.LAST_UPDATED_TIMESTAMP = GETDATE(),
			CD.LAST_UPDATED_BY = 'manual Create case failed'
			FROM FD_CASE_DOC CD 
			INNER JOIN FS_DOCUMENTS DOC 
			ON CD.OBJECT_ID = DOC.OBJECT_ID
			WHERE DOC.DOCUMENTID = #{documentid}
			AND DATEDIFF(DD,CD.CREATED_TIMESTAMP,GETDATE())=0
		</foreach>
	</update>
</mapper>