<?xml version="1.0" encoding="UTF-8" ?>
<!DOCTYPE mapper PUBLIC "-//mybatis.org//DTD Mapper 3.0//EN" "http://mybatis.org/dtd/mybatis-3-mapper.dtd" >
<mapper namespace="com.aia.case360.web.dao.DropDownListBoxDao" >
	<select id="listDept" resultType="java.util.Map" parameterType="java.util.Map">
		SELECT DEPARTMENT, DEPARTMENT_NM FROM FD_DEPARTMENT with(nolock) 
		<if test="type == 0">
			where upper(DEPARTMENT) != 'COMMON'
		</if>
		order by department
	</select>
	
	<select id="getCategory" resultType="java.util.Map" parameterType="String">
		select distinct request_type_category as category from fd_reqtype_category where is_disable = 0 and isnull(request_type_category,'') != ''
		<if test="department != null and department !=''">
			and DEPARTMENT = #{department}
		</if>
	</select>
	
	<select id="getRequestTypeByCategory" resultType="java.util.Map" parameterType="java.util.List">
		select distinct ltrim(rtrim(REQ_TYPE)) as requestType from FD_REQTYPE with (nolock)  where ISNULL(CATEGORY,'') != '' and  ISNULL(REQ_TYPE,'') != '' 
		<if test="list!=null and list.size > 0">
			and CATEGORY in 
			<foreach collection="list" index="index" item="item" open="(" separator="," close=")">
	            #{item}
	        </foreach> 
		</if>
	</select>
	
	<select id="queryClosedReason" resultType="java.util.Map">
	    select distinct  close_reason as closeReason from CF_WORK where  DEPARTMENT = 'POS' and isnull(CLOSE_REASON,'') != ''  
	</select>
	
	<select id="queryUserId" resultType="java.util.Map">
		with teamlist as (
        select * from fd_uam_component with(nolock) where UAM_COMPONENT_NAME = 'POS' AND UAM_COMPONENT_TYPE = 'DEPARTMENT'
        union all
        select uc.* from fd_uam_component uc with(nolock) join teamlist tl on uc.UAM_COMPONENT_PARENTID = tl.uam_component_id where isnull(uc.delete_flag, 0) = 0
        )
        select distinct UAM_USER_ID as userId from FD_UAM_USERCOMPONENT_REF ucr join teamlist tl on ucr.uam_component_id = tl.uam_component_id 
		join sonorausers usr on ucr.UAM_USER_ID = usr.loginid 
        where isnull(ucr.UAM_DELETE_FLAG, 0) = 0 and isnull(UAM_USER_ID, '') != '' 
		and isnull(activestatus,'') != 'Terminated'
	</select>
	
	<select id="querySubmissionChannel" resultType="java.util.Map">
		SELECT DISTINCT SOURCE_SYSTEM  as submissionChannel FROM CF_WORK WHERE SOURCE_SYSTEM   IS NOT NULL
	</select>
	
	<select id="queryCitiSLARptMonth" resultType="string">
		select  DISTINCT RPT_MONTH  from FD_CITI_SLA_DTL order by RPT_MONTH desc 
	</select>
	
	<select id="queryCitiSLALevel_3" resultType="String">
		select distinct PARTNER_CATEGORY from FD_PD_CHANNEL_MAPPING where 1 =1 
		<if test="organizer != null and organizer !=''">
			and CHANNEL_CATEGORY = #{organizer}
		</if>
	</select>
	<select id="queryCitiSLALevel_2" resultType="String">
		<!-- SELECT CHANNEL_NAME FROM FD_POLICY_CHANNEL WHERE PARENT_CHANNEL = #{PARENT_CHANNEL} ORDER BY SEQUENCE_NUM -->
		select distinct CHANNEL_CATEGORY from FD_PD_CHANNEL_MAPPING
	</select>
	
	 <insert id="generateCitiSlaDtl" >
	  {call sp_generateCitiSlaDtl}
	</insert>
</mapper>