<?xml version="1.0" encoding="UTF-8" ?>
<!DOCTYPE mapper PUBLIC "-//mybatis.org//DTD Mapper 3.0//EN" "http://mybatis.org/dtd/mybatis-3-mapper.dtd" >
<mapper namespace="com.aia.case360.web.dao.EDocAdminDao" >

  <resultMap id="BaseResultMap" type="com.aia.case360.web.pojo.FormDef" >
    <result column="ACL" property="acl" jdbcType="NVARCHAR" />
	<result column="CATEGORY_CODE" property="categoryCode" jdbcType="NVARCHAR" />
	<result column="CLASS_NM" property="classNm" jdbcType="NVARCHAR" />
	<result column="CLM_CATEGORY" property="clmCategory" jdbcType="NVARCHAR" />
	<result column="CLM_TYPE" property="clmType" jdbcType="NVARCHAR" />
	<result column="CLOSE_TO_BEST_REQUEST" property="closeToBestRequest" jdbcType="DECIMAL" />
	<result column="CONTRACT_FORM_TYPE" property="contractFormType" jdbcType="NVARCHAR" />
	<result column="FORM_CATEGORY" property="formCategory" jdbcType="NVARCHAR" />
	<result column="FORM_ID" property="formId" jdbcType="NVARCHAR" />
	<result column="FORM_LEVEL" property="formLevel" jdbcType="NVARCHAR" />
	<result column="FORM_NM" property="formNm" jdbcType="NVARCHAR" />
	<result column="IS_A3_CUTTING" property="isA3Cutting" jdbcType="SMALLINT" />
	<result column="IS_A3_GROUP" property="isA3Group" jdbcType="SMALLINT" />
	<result column="IS_CLM_FORM" property="isClmForm" jdbcType="NVARCHAR" />
	<result column="IS_COVER_SHEET" property="isCoverSheet" jdbcType="SMALLINT" />
	<result column="IS_DOC_INTEGRITY" property="isDocIntegrity" jdbcType="SMALLINT" />
	<result column="IS_MAJOR_CLAIM" property="isMajorClaim" jdbcType="NVARCHAR" />
	<result column="IS_POS_FORM" property="isPosForm" jdbcType="NVARCHAR" />
	<result column="IS_POS_ILP_FORM" property="isPosIlpForm" jdbcType="NVARCHAR" />
	<result column="IS_SHEET_INTEGRITY" property="isSheetIntegrity" jdbcType="SMALLINT" />
	<result column="IS_SIGNATURE" property="isSignature" jdbcType="SMALLINT" />
	<result column="IS_UNI_FORM" property="isUniForm" jdbcType="NVARCHAR" />
	<result column="IS_VALID" property="isValid" jdbcType="NVARCHAR" />
	<result column="MAINLINK_FORM_ID" property="mainlinkFormId" jdbcType="NVARCHAR" />
	<result column="POS_REQUEST_CATEGORY" property="posRequestCategory" jdbcType="NVARCHAR" />
	<result column="PRINT_PAGE" property="printPage" jdbcType="INTEGER" />
	<result column="REQ_TYPE" property="reqType" jdbcType="NVARCHAR" />
	<result column="RETAIN_TYPE" property="retainType" jdbcType="INTEGER" />
	<result column="S_ROWID" property="sRowid" jdbcType="DECIMAL" />
	<result column="SIGN_CONFIG" property="signConfig" jdbcType="LONGNVARCHAR" />
	<result column="TOTAL_PAGES" property="totalPages" jdbcType="DECIMAL" />
	<result column="ZONE_CONFIG" property="zoneConfig" jdbcType="LONGNVARCHAR" />
	<result column="IS_TRIGGER_FORM" property="isTriggerForm" jdbcType="SMALLINT" />
	<result column="IS_EDOC_CUST" property="isEdocCust" jdbcType="SMALLINT" />
	<result column="IS_EDOC_FSC" property="isEdocFsc" jdbcType="SMALLINT" />
	<result column="IS_VISIBLE" property="isVisible" jdbcType="SMALLINT" />
	<result column="EDOC_DOC_ID" property="edocDocId" jdbcType="NVARCHAR" />
	<result column="IS_DELETED" property="isDeleted" jdbcType="SMALLINT" />
  </resultMap>
  
  <resultMap id="CustBaseResultMap" type="com.aia.case360.web.pojo.CustFormDef" >
    <result column="ACL" property="acl" jdbcType="NVARCHAR" />
	<result column="CATEGORY_CODE" property="categoryCode" jdbcType="NVARCHAR" />
	<result column="CUST_EDOC_NM" property="custEdocNm" jdbcType="NVARCHAR" />
	<result column="EXPIRE_TIME" property="expireTime" jdbcType="TIMESTAMP" />
	<result column="FORM_ID" property="formId" jdbcType="NVARCHAR" />
	<result column="IS_SURPRESS_PRINT" property="isSurpressPrint" jdbcType="SMALLINT" />
	<result column="IS_VOID" property="isVoid" jdbcType="SMALLINT" />
	<result column="LAST_UPDATED_BY" property="lastUpdatedBy" jdbcType="NVARCHAR" />
	<result column="LAST_UPDATED_TIMESTAMP" property="lastUpdatedTimestamp" jdbcType="TIMESTAMP" />
	<result column="NOTIFICATION_TYPE" property="notificationType" jdbcType="NVARCHAR" />
	<result column="S_ROWID" property="sRowid" jdbcType="DECIMAL" />
	<result column="SYSTEM_NM" property="systemNm" jdbcType="NVARCHAR" />
	<result column="EFFECTIVE_DT" property="effectiveDt" jdbcType="TIMESTAMP" />
	<result column="IS_DELETED" property="isDeleted" jdbcType="SMALLINT" />
	<result column="FORM_CATEGORY" property="categoryNM" jdbcType="NVARCHAR" />
  </resultMap>
  
  <resultMap id="FscBaseResultMap" type="com.aia.case360.web.pojo.FscFormDef" >
    <result column="ACL" property="acl" jdbcType="NVARCHAR" />
	<result column="FORM_CATEGORY" property="formCategory" jdbcType="NVARCHAR" />
	<result column="EDOC_ACTION_FLAG" property="edocActionFlag" jdbcType="NVARCHAR" />
	<result column="EXPIRE_TIME" property="expireTime" jdbcType="TIMESTAMP" />
	<result column="FORM_ID" property="formId" jdbcType="NVARCHAR" />
	<result column="IS_VOID" property="isVoid" jdbcType="SMALLINT" />
	<result column="LAST_UPDATED_BY" property="lastUpdatedBy" jdbcType="NVARCHAR" />
	<result column="LAST_UPDATED_TIMESTAMP" property="lastUpdatedTimestamp" jdbcType="TIMESTAMP" />
	<result column="NOTIFICATION_TYPE" property="notificationType" jdbcType="NVARCHAR" />
	<result column="PROCESS_TYPE" property="processType" jdbcType="NVARCHAR" />
	<result column="S_ROWID" property="sRowid" jdbcType="DECIMAL" />
	<result column="SYSTEM_NM" property="systemNm" jdbcType="NVARCHAR" />
	<result column="IS_DELETED" property="isDeleted" jdbcType="SMALLINT" />
  </resultMap>
  
  <resultMap id="FdAuditTrailBaseResultMap" type="com.aia.case360.web.pojo.FormDefAuditTrail" >
    <result column="ACL" property="acl" jdbcType="NVARCHAR" />
	<result column="S_ROWID" property="sRowid" jdbcType="DECIMAL" />
	<result column="ACTION_DESC" property="actionDesc" jdbcType="LONGVARCHAR" />
	<result column="CATEGORY" property="category" jdbcType="NVARCHAR" />
	<result column="CREATED_BY" property="createdBy" jdbcType="NVARCHAR" />
	<result column="CREATED_TIMESTAMP" property="createdTimestamp" jdbcType="TIMESTAMP" />
	<result column="FORM_ID" property="formId" jdbcType="NVARCHAR" />
  </resultMap>
  
  <sql id="Base_Column_List">
  		ACL	,CATEGORY_CODE	,CLASS_NM	,CLM_CATEGORY	,CLM_TYPE	,CLOSE_TO_BEST_REQUEST	,CONTRACT_FORM_TYPE	,FORM_CATEGORY	,FORM_ID	,
		FORM_LEVEL	,FORM_NM	,IS_A3_CUTTING	,IS_A3_GROUP	,IS_CLM_FORM	,IS_COVER_SHEET	,IS_DOC_INTEGRITY	,IS_MAJOR_CLAIM	,IS_POS_FORM	,
		IS_POS_ILP_FORM	,IS_SHEET_INTEGRITY	,IS_SIGNATURE	,IS_UNI_FORM	,IS_VALID	,MAINLINK_FORM_ID	,POS_REQUEST_CATEGORY	,PRINT_PAGE	,
		REQ_TYPE	,RETAIN_TYPE	,S_ROWID	,SIGN_CONFIG	,TOTAL_PAGES	,ZONE_CONFIG	,IS_TRIGGER_FORM	,IS_EDOC_CUST	,
		IS_EDOC_FSC	,IS_VISIBLE	,EDOC_DOC_ID,IS_DELETED,DEPARTMENT
  </sql>
  
   <sql id="CustBase_Column_List">
  		(select top 1 FORM_CATEGORY from FD_CUST_EDOC_CATEGORY where FD_CUST_EDOC_CATEGORY.CATEGORY_CODE=FD_CUST_FORM_DEF.CATEGORY_CODE) FORM_CATEGORY, ACL,CATEGORY_CODE,CUST_EDOC_NM,	EXPIRE_TIME,FORM_ID,IS_SURPRESS_PRINT,IS_VOID,LAST_UPDATED_BY,LAST_UPDATED_TIMESTAMP,NOTIFICATION_TYPE,	S_ROWID,SYSTEM_NM,EFFECTIVE_DT,IS_DELETED
   </sql>
   
   <sql id="FscBase_Column_List">
  		ACL,		EDOC_ACTION_FLAG,		EXPIRE_TIME,		FORM_CATEGORY,		FORM_ID,		IS_VOID,	
  		LAST_UPDATED_BY,		LAST_UPDATED_TIMESTAMP,		NOTIFICATION_TYPE,		PROCESS_TYPE,		S_ROWID,SYSTEM_NM,IS_DELETED
   </sql>
  
  <select id="findAllFormDefList" resultMap="BaseResultMap" >
		select   <include refid="Base_Column_List" />	FROM FD_FORM_DEFINITION WITH(NOLOCK) where IS_DELETED is null or IS_DELETED = 0
  </select>
  
  <select id="findAllEdocCategory" resultType="java.util.Map" >
		select distinct FORM_CATEGORY formCategory,CATEGORY_CODE categoryCode from FD_CUST_EDOC_CATEGORY WITH(NOLOCK) order by FORM_CATEGORY
  </select>
	
    <select id="findFormDefList" resultMap="BaseResultMap" >
		select    FORM_CATEGORY	,FORM_ID	,FORM_NM	,REQ_TYPE	,FORM_LEVEL	,MAINLINK_FORM_ID,CONTRACT_FORM_TYPE,IS_EDOC_CUST	,IS_EDOC_FSC FROM FD_FORM_DEFINITION WITH(NOLOCK) where (IS_DELETED is null or IS_DELETED = 0)
		<if test="formCategory!=null and formCategory!=''">
       		and FORM_CATEGORY=#{formCategory}
       	</if>
       	<if test="formId!=null and formId!=''">
       		and FORM_ID=#{formId}
       	</if>
    	<if test="formNm!=null and formNm!=''">
       		and FORM_NM=#{formNm}
       	</if>
     	<if test="reqType!=null and reqType!=''">
       		and REQ_TYPE=#{reqType}
       	</if>
       	  ORDER BY FORM_ID ASC
	</select>
	
	<resultMap id="exportFormDefListMap" type="com.aia.case360.web.pojo.FormDef" >  
		<!-- <result property="sRowId" column="D_S_ROWID" /> -->
		<result property="categoryCode" column="D_CATEGORY_CODE" />
		<result property="classNm" column="D_CLASS_NM" />
		<result property="clmCategory" column="D_CLM_CATEGORY" />
		<result property="clmType" column="D_CLM_TYPE" />
		<result property="closeToBestRequest" column="D_CLOSE_TO_BEST_REQUEST" />
		<result property="contractFormType" column="D_CONTRACT_FORM_TYPE" />
		<result property="formCategory" column="D_FORM_CATEGORY" />
		<result property="formId" column="D_FORM_ID" />
		<result property="formLevel" column="D_FORM_LEVEL" />
		<result property="formNm" column="D_FORM_NM" />
		<result property="isA3Cutting" column="D_IS_A3_CUTTING" />
		<result property="isA3Group" column="D_IS_A3_GROUP" />
		<result property="isClmForm" column="D_IS_CLM_FORM" />
		<result property="isCoverSheet" column="D_IS_COVER_SHEET" />
		<result property="isDocIntegrity" column="D_IS_DOC_INTEGRITY" />
		<result property="isMajorClaim" column="D_IS_MAJOR_CLAIM" />
		<result property="isPosForm" column="D_IS_POS_FORM" />
		<result property="isPosIlpForm" column="D_IS_POS_ILP_FORM" />
		<result property="isSheetIntegrity" column="D_IS_SHEET_INTEGRITY" />
		<result property="isSignature" column="D_IS_SIGNATURE" />
		<result property="isUniForm" column="D_IS_UNI_FORM" />
		<result property="isValid" column="D_IS_VALID" />
		<result property="mainlinkFormId" column="D_MAINLINK_FORM_ID" />
		<result property="posRequestCategory" column="D_POS_REQUEST_CATEGORY" />
		<result property="printPage" column="D_PRINT_PAGE" />
		<result property="reqType" column="D_REQ_TYPE" />
		<result property="retainType" column="D_RETAIN_TYPE" />
		<result property="signConfig" column="D_SIGN_CONFIG" />
		<result property="totalPages" column="D_TOTAL_PAGES" />
		<result property="zoneConfig" column="D_ZONE_CONFIG" />
		<result property="isTriggerForm" column="D_IS_TRIGGER_FORM" />
		<result property="isEdocCust" column="D_IS_EDOC_CUST" />
		<result property="isEdocFsc" column="D_IS_EDOC_FSC" />
		<result property="isVisible" column="D_IS_VISIBLE" />
		<result property="edocDocId" column="D_EDOC_DOC_ID" />
		<result property="department" column="D_DEPARTMENT" />
		<association property="custFormDef" javaType="com.aia.case360.web.pojo.CustFormDef">
			<!--<id property="sRowid" column="C_S_ROWID" />-->
			<result property="formId" column="C_FORM_ID" />
            <result property="categoryCode" column="C_CATEGORY_CODE" />
			<result property="custEdocNm" column="C_CUST_EDOC_NM" />
			<result property="expireTime" column="C_EXPIRE_TIME" />
			<result property="isSurpressPrint" column="C_IS_SURPRESS_PRINT" />
			<result property="isVoid" column="C_IS_VOID" />
			<result property="lastUpdatedBy" column="C_LAST_UPDATED_BY" />
			<result property="lastUpdatedTimestamp" column="C_LAST_UPDATED_TIMESTAMP" />
			<result property="notificationType" column="C_NOTIFICATION_TYPE" />
			<result property="systemNm" column="C_SYSTEM_NM" />
			<result property="effectiveDt" column="C_EFFECTIVE_DT" />
			<result property="formCategory" column="C_FORM_CATEGORY" />
		</association>
		<association property="fscFormDef" javaType="com.aia.case360.web.pojo.FscFormDef">
			<!--<id property="sRowid" column="NOTIFICATION_TYPE" />-->
			<result property="formId" column="F_FORM_ID" />
			<result property="edocActionFlag" column="F_EDOC_ACTION_FLAG" />
			<result property="expireTime" column="F_EXPIRE_TIME" />
			<result property="formCategory" column="F_FORM_CATEGORY" />
			<result property="isVoid" column="F_IS_VOID" />
			<result property="lastUpdatedBy" column="F_LAST_UPDATED_BY" />
			<result property="lastUpdatedTimestamp" column="F_LAST_UPDATED_TIMESTAMP" />
			<result property="notificationType" column="F_NOTIFICATION_TYPE" />
			<result property="processType" column="F_PROCESS_TYPE" />
			<result property="systemNm" column="F_SYSTEM_NM" />
		</association>
	</resultMap>
	
	<select id="exportFormDefList" resultMap="exportFormDefListMap" >
		select   
		d.CATEGORY_CODE as D_CATEGORY_CODE,
		d.CLASS_NM as D_CLASS_NM,
		d.CLM_CATEGORY as D_CLM_CATEGORY,
		d.CLM_TYPE AS D_CLM_TYPE,
		d.CLOSE_TO_BEST_REQUEST AS D_CLOSE_TO_BEST_REQUEST,
		d.CONTRACT_FORM_TYPE AS D_CONTRACT_FORM_TYPE,
		d.FORM_CATEGORY AS D_FORM_CATEGORY,
		d.FORM_ID AS D_FORM_ID,
		d.FORM_LEVEL AS D_FORM_LEVEL,
		d.FORM_NM AS D_FORM_NM,
		d.IS_A3_CUTTING AS D_IS_A3_CUTTING,
		d.IS_A3_GROUP AS D_IS_A3_GROUP,
		d.IS_CLM_FORM AS D_IS_CLM_FORM,
		d.IS_COVER_SHEET AS D_IS_COVER_SHEET,
		d.IS_DOC_INTEGRITY AS D_IS_DOC_INTEGRITY,
		d.IS_MAJOR_CLAIM AS D_IS_MAJOR_CLAIM,
		d.IS_POS_FORM AS D_IS_POS_FORM,
		d.IS_POS_ILP_FORM AS D_IS_POS_ILP_FORM,
		d.IS_SHEET_INTEGRITY AS D_IS_SHEET_INTEGRITY,
		d.IS_SIGNATURE AS D_IS_SIGNATURE,
		d.IS_UNI_FORM AS D_IS_UNI_FORM,
		d.IS_VALID AS D_IS_VALID,
		d.MAINLINK_FORM_ID AS D_MAINLINK_FORM_ID,
		d.POS_REQUEST_CATEGORY AS D_POS_REQUEST_CATEGORY,
		d.PRINT_PAGE AS D_PRINT_PAGE,
		d.REQ_TYPE AS D_REQ_TYPE,
		d.RETAIN_TYPE AS D_RETAIN_TYPE,
		d.S_ROWID AS D_S_ROWID,
		d.SIGN_CONFIG AS D_SIGN_CONFIG,
		d.TOTAL_PAGES AS D_TOTAL_PAGES,
		d.ZONE_CONFIG AS D_ZONE_CONFIG,
		d.IS_TRIGGER_FORM AS D_IS_TRIGGER_FORM,
		d.IS_EDOC_CUST AS D_IS_EDOC_CUST,
		d.IS_EDOC_FSC AS D_IS_EDOC_FSC,
		d.IS_VISIBLE AS D_IS_VISIBLE,
		d.EDOC_DOC_ID AS D_EDOC_DOC_ID,
		d.DEPARTMENT AS D_DEPARTMENT,
		
		c.CATEGORY_CODE AS C_CATEGORY_CODE,
		c.CUST_EDOC_NM AS C_CUST_EDOC_NM,
		c.EXPIRE_TIME AS C_EXPIRE_TIME,
		c.FORM_ID AS C_FORM_ID,
		c.IS_SURPRESS_PRINT AS C_IS_SURPRESS_PRINT,
		c.IS_VOID AS C_IS_VOID,
		c.LAST_UPDATED_BY AS C_LAST_UPDATED_BY,
		c.LAST_UPDATED_TIMESTAMP AS C_LAST_UPDATED_TIMESTAMP,
		c.NOTIFICATION_TYPE AS C_NOTIFICATION_TYPE,
		c.S_ROWID AS C_S_ROWID,
		c.SYSTEM_NM AS C_SYSTEM_NM,
		c.EFFECTIVE_DT AS C_EFFECTIVE_DT,
		e.FORM_CATEGORY C_FORM_CATEGORY,

		f.EDOC_ACTION_FLAG AS F_EDOC_ACTION_FLAG,
		f.EXPIRE_TIME AS F_EXPIRE_TIME,
		f.FORM_CATEGORY AS F_FORM_CATEGORY,
		f.FORM_ID AS F_FORM_ID,
		f.IS_VOID AS F_IS_VOID,
		f.LAST_UPDATED_BY AS F_LAST_UPDATED_BY,
		f.LAST_UPDATED_TIMESTAMP AS F_LAST_UPDATED_TIMESTAMP,
		f.NOTIFICATION_TYPE AS F_NOTIFICATION_TYPE,
		f.PROCESS_TYPE AS F_PROCESS_TYPE,
		f.S_ROWID AS F_S_ROWID,
		f.SYSTEM_NM AS F_SYSTEM_NM
		
		from FD_FORM_DEFINITION d with(nolock)
		left join FD_CUST_FORM_DEF c with(nolock) on c.form_id = d.form_id and isnull(c.IS_DELETED,0)=0
		left join FD_FSC_FORM_DEF f with(nolock) on d.form_id = f.form_id and isnull(f.IS_DELETED,0)=0
		left join FD_CUST_EDOC_CATEGORY e with(nolock) on e.CATEGORY_CODE=c.CATEGORY_CODE
		where isnull(d.IS_DELETED,0)=0
       	and d.s_rowid in 
		<foreach close=")" collection="rowIds" index="index" item="item" open="(" separator=",">
			#{item}
		</foreach>
       	ORDER BY d.FORM_ID ASC
	</select>
	
	<select id="getFormDefIdList" resultType="Long" >
		select   
		d.S_ROWID
		from FD_FORM_DEFINITION d with(nolock)
		where isnull(d.IS_DELETED,0)=0
       	ORDER BY d.FORM_ID ASC
	</select>
	
	<select id="searchCust" resultMap="CustBaseResultMap"  parameterType="String" >
	select  top 1  *	FROM FD_CUST_FORM_DEF WITH(NOLOCK)  WHERE FORM_ID=#{FORM_ID} AND (IS_DELETED is null or IS_DELETED = 0)
	</select>
	
	<select id="searchFsc" resultMap="FscBaseResultMap" parameterType="String">
	select   top 1 *	FROM FD_FSC_FORM_DEF WITH(NOLOCK)  WHERE FORM_ID=#{FORM_ID} AND (IS_DELETED is null or IS_DELETED = 0)
	</select>
    <select id="findFormDef" resultMap="BaseResultMap" parameterType="String">
		select   <include refid="Base_Column_List" />	FROM FD_FORM_DEFINITION WITH(NOLOCK)  WHERE FORM_ID=#{FORM_ID} AND (IS_DELETED is null or IS_DELETED = 0)
	</select>
	
	
	<insert id="addFormLinkDef" parameterType="com.aia.case360.web.pojo.FormLinkDef">
	   INSERT INTO FD_FORM_DEFINITION
		<trim prefix="(" suffix=")" suffixOverrides="," >	      
			<if test="formCategory != null" >form_Category,</if>
			<if test="formId != null" >form_Id,</if>			
			<if test="formNm != null" >form_Nm,</if>			
			<if test="isVisible != null" >is_Visible,</if>	
			<if test="contractFormType != null" >contract_Form_Type,</if>
			<if test="mainLinkFormId != null" >mainlink_form_id,</if>
			<if test="isDocIntegrity != null" >is_doc_integrity</if>
			
	    </trim>
	    <trim prefix="values (" suffix=")" suffixOverrides="," >	      	
			<if test="formCategory != null">#{formCategory},</if>
			<if test="formId != null">#{formId},</if>		
			<if test="formNm != null">#{formNm},</if>			
			<if test="isVisible != null">#{isVisible},</if>
			<if test="contractFormType != null" >#{contractFormType},</if>	
			<if test="mainLinkFormId != null" >#{mainLinkFormId},</if>	
			<if test="isDocIntegrity != null" >#{isDocIntegrity}</if>	
							
    	</trim>	
	</insert>
	
	
	<insert id="addFormDef" parameterType="com.aia.case360.web.pojo.FormDef">
		INSERT INTO FD_FORM_DEFINITION
		<trim prefix="(" suffix=")" suffixOverrides="," >
	      	<if test="acl != null" >acl,</if>
			<if test="categoryCode != null" >category_Code,</if>
			<if test="classNm != null" >class_Nm,</if>
			<if test="clmCategory != null" >clm_Category,</if>
			<if test="clmType != null" >clm_Type,</if>
			<if test="closeToBestRequest != null" >CLOSE_TO_BEST_REQUEST,</if>
			<if test="contractFormType != null" >CONTRACT_FORM_TYPE,</if>
			<if test="formCategory != null" >form_Category,</if>
			<if test="formId != null" >form_Id,</if>
			<if test="formLevel != null" >form_Level,</if>
			<if test="formNm != null" >form_Nm,</if>
			<if test="isA3Cutting != null" >IS_A3_CUTTING,</if>
			<if test="isA3Group != null" >is_A3_Group,</if>
			<if test="isClmForm != null" >is_Clm_Form,</if>
			<if test="isCoverSheet != null" >is_Cover_Sheet,</if>
			<if test="isDocIntegrity != null" >is_Doc_Integrity,</if>
			<if test="isMajorClaim != null" >is_Major_Claim,</if>
			<if test="isPosForm != null" >is_Pos_Form,</if>
			<if test="isPosIlpForm != null" >IS_POS_ILP_FORM,</if>
			<if test="isSheetIntegrity != null" >is_Sheet_Integrity,</if>
			<if test="isSignature != null" >is_Signature,</if>
			<if test="isUniForm != null" >IS_UNI_FORM,</if>
			<if test="isValid != null" >is_Valid,</if>
			<if test="mainlinkFormId != null" >mainlink_Form_Id,</if>
			<if test="posRequestCategory != null" >pos_Request_Category,</if>
			<if test="printPage != null" >print_Page,</if>
			<if test="reqType != null" >req_Type,</if>
			<if test="retainType != null" >retain_Type,</if>
			<if test="sRowid != null" >s_Rowid,</if>
			<if test="signConfig != null" >sign_Config,</if>
			<if test="totalPages != null" >total_Pages,</if>
			<if test="zoneConfig != null" >zone_Config,</if>
			<if test="isTriggerForm != null" >is_Trigger_Form,</if>
			<if test="isEdocCust != null" >is_Edoc_Cust,</if>
			<if test="isEdocFsc != null" >is_Edoc_Fsc,</if>
			<if test="isVisible != null" >is_Visible,</if>
			<if test="edocDocId != null" >edoc_Doc_Id,</if>
			<if test="department != null" >department</if>
			
	    </trim>
	    <trim prefix="values (" suffix=")" suffixOverrides="," >
	      	<if test="acl != null" >#{acl},</if>
			<if test="categoryCode != null">#{categoryCode},</if>
			<if test="classNm != null">#{classNm},</if>
			<if test="clmCategory != null">#{clmCategory},</if>
			<if test="clmType != null">#{clmType},</if>
			<if test="closeToBestRequest != null">#{closeToBestRequest},</if>
			<if test="contractFormType != null">#{contractFormType},</if>
			<if test="formCategory != null">#{formCategory},</if>
			<if test="formId != null">#{formId},</if>
			<if test="formLevel != null">#{formLevel},</if>
			<if test="formNm != null">#{formNm},</if>
			<if test="isA3Cutting != null">#{isA3Cutting},</if>
			<if test="isA3Group != null">#{isA3Group},</if>
			<if test="isClmForm != null">#{isClmForm},</if>
			<if test="isCoverSheet != null">#{isCoverSheet},</if>
			<if test="isDocIntegrity != null">#{isDocIntegrity},</if>
			<if test="isMajorClaim != null">#{isMajorClaim},</if>
			<if test="isPosForm != null">#{isPosForm},</if>
			<if test="isPosIlpForm != null">#{isPosIlpForm},</if>
			<if test="isSheetIntegrity != null">#{isSheetIntegrity},</if>
			<if test="isSignature != null">#{isSignature},</if>
			<if test="isUniForm != null">#{isUniForm},</if>
			<if test="isValid != null">#{isValid},</if>
			<if test="mainlinkFormId != null">#{mainlinkFormId},</if>
			<if test="posRequestCategory != null">#{posRequestCategory},</if>
			<if test="printPage != null">#{printPage},</if>
			<if test="reqType != null">#{reqType},</if>
			<if test="retainType != null">#{retainType},</if>
			<if test="sRowid != null">#{sRowid},</if>
			<if test="signConfig != null">#{signConfig},</if>
			<if test="totalPages != null">#{totalPages},</if>
			<if test="isTriggerForm != null">#{isTriggerForm},</if>
			<if test="zoneConfig != null">#{zoneConfig},</if>
			<if test="isEdocCust != null">#{isEdocCust},</if>
			<if test="isEdocFsc != null">#{isEdocFsc},</if>
			<if test="isVisible != null">#{isVisible},</if>
			<if test="edocDocId != null">#{edocDocId},</if>
			<if test="department != null" >#{department}</if>
			
    	</trim>
	</insert>
	
	<update id="updateFormDef" parameterType="com.aia.case360.web.pojo.FormDef">
		UPDATE FD_FORM_DEFINITION 
		<set >
	      	<if test="acl != null" >acl=#{acl},</if>
			<if test="categoryCode != null">category_Code=#{categoryCode},</if>
			<if test="classNm != null">class_Nm=#{classNm},</if>
			<if test="clmCategory != null">clm_Category=#{clmCategory},</if>
			<if test="clmType != null">clm_Type=#{clmType},</if>
			<if test="closeToBestRequest != null">close_To_Best_Request=#{closeToBestRequest},</if>
			<if test="contractFormType != null">contract_Form_Type=#{contractFormType},</if>
			<if test="formCategory != null">form_Category=#{formCategory},</if>
			<if test="formId != null">form_Id=#{formId},</if>
			<if test="formLevel != null">form_Level=#{formLevel},</if>
			<if test="formNm != null">form_Nm=#{formNm},</if>
			<if test="isA3Cutting != null">IS_A3_CUTTING=#{isA3Cutting},</if>
			<if test="isA3Group != null">is_A3_Group=#{isA3Group},</if>
			<if test="isClmForm != null">is_Clm_Form=#{isClmForm},</if>
			<if test="isCoverSheet != null">is_Cover_Sheet=#{isCoverSheet},</if>
			<if test="isDocIntegrity != null">is_Doc_Integrity=#{isDocIntegrity},</if>
			<if test="isMajorClaim != null">is_Major_Claim=#{isMajorClaim},</if>
			<if test="isPosForm != null">is_Pos_Form=#{isPosForm},</if>
			<if test="isPosIlpForm != null">IS_POS_ILP_FORM=#{isPosIlpForm},</if>
			<if test="isSheetIntegrity != null">is_Sheet_Integrity=#{isSheetIntegrity},</if>
			<if test="isSignature != null">is_Signature=#{isSignature},</if>
			<if test="isUniForm != null">is_Uni_Form=#{isUniForm},</if>
			<if test="isValid != null">is_Valid=#{isValid},</if>
			<if test="mainlinkFormId != null">mainlink_Form_Id=#{mainlinkFormId},</if>
			<if test="posRequestCategory != null">pos_Request_Category=#{posRequestCategory},</if>
			<if test="printPage != null">print_Page=#{printPage},</if>
			<if test="reqType != null">req_Type=#{reqType},</if>
			<if test="retainType != null">retain_Type=#{retainType},</if>
			<if test="sRowid != null">s_Rowid=#{sRowid},</if>
			<if test="signConfig != null">sign_Config=#{signConfig},</if>
			<if test="totalPages != null">total_Pages=#{totalPages},</if>
			<if test="isTriggerForm != null">is_Trigger_Form=#{isTriggerForm},</if>
			<if test="zoneConfig != null">zone_Config=#{zoneConfig},</if>
			<if test="isEdocCust != null">is_Edoc_Cust=#{isEdocCust},</if>
			<if test="isEdocFsc != null">is_Edoc_Fsc=#{isEdocFsc},</if>
			<if test="isVisible != null">is_Visible=#{isVisible},</if>
			<if test="edocDocId != null">edoc_Doc_Id=#{edocDocId},</if>
			<if test="department != null" >department=#{department}</if>
			
    	</set>
    	WHERE form_Id=#{formId} AND (IS_DELETED is null or IS_DELETED = 0)
	</update>
	
	<update id="deleteFormDef" parameterType="com.aia.case360.web.pojo.FormDef">
		UPDATE FD_FORM_DEFINITION 
		SET IS_DELETED = 1
    	WHERE    1=1 and  ( form_Id=#{formId} or mainlink_Form_Id=#{formId} )  AND (IS_DELETED is null or IS_DELETED = 0)
	</update>
	
    <select id="findCustFormDef" resultMap="CustBaseResultMap" parameterType="String" >
		select   <include refid="CustBase_Column_List" />	FROM FD_CUST_FORM_DEF WITH(NOLOCK)  WHERE FORM_ID=#{FORM_ID} AND (IS_DELETED is null or IS_DELETED = 0)
	</select>
	
  <insert id="addCustFormDef" parameterType="com.aia.case360.web.pojo.CustFormDef">	
		INSERT INTO FD_CUST_FORM_DEF
		<trim prefix="(" suffix=")" suffixOverrides="," >
	      	<if test="acl != null" >acl,</if>
			<if test="categoryCode != null" >category_Code,</if>
			<if test="custEdocNm != null" >CUST_EDOC_NM,</if>
			<if test="expireTime != null" >EXPIRE_TIME,</if>
			<if test="formId != null" >FORM_ID,</if>
			<if test="isSurpressPrint != null" >IS_SURPRESS_PRINT,</if>
			<if test="isVoid != null" >IS_VOID,</if>
			<if test="lastUpdatedBy != null" >LAST_UPDATED_BY,</if>
			<if test="lastUpdatedTimestamp != null" >LAST_UPDATED_TIMESTAMP,</if>
			<if test="notificationType != null" >NOTIFICATION_TYPE,</if>
			<if test="sRowid != null" >S_ROWID,</if>
			<if test="systemNm != null" >SYSTEM_NM,</if>
			<if test="effectiveDt != null" >EFFECTIVE_DT,</if>
	    </trim>
	    <trim prefix="values (" suffix=")" suffixOverrides="," >
	      	<if test="acl != null" >#{acl},</if>
			<if test="categoryCode != null">#{categoryCode},</if>
			<if test="custEdocNm != null">#{custEdocNm},</if>
			<if test="expireTime != null">#{expireTime,jdbcType=TIMESTAMP},</if>
			<if test="formId != null">#{formId},</if>
			<if test="isSurpressPrint != null">#{isSurpressPrint},</if>
			<if test="isVoid != null">#{isVoid},</if>
			<if test="lastUpdatedBy != null">#{lastUpdatedBy},</if>
			<if test="lastUpdatedTimestamp != null">#{lastUpdatedTimestamp,jdbcType=TIMESTAMP},</if>
			<if test="notificationType != null">#{notificationType},</if>
			<if test="sRowid != null">#{sRowid},</if>
			<if test="systemNm != null">#{systemNm},</if>
			<if test="effectiveDt != null">#{effectiveDt},</if>
    	</trim>
	</insert>
	
	<update id="updateCustFormDef" parameterType="com.aia.case360.web.pojo.CustFormDef">
	
		 UPDATE FD_CUST_FORM_DEF 
		<set>
	      	 <if test="acl != null" >acl=#{acl},</if>
			<if test="categoryCode != null" >category_Code=#{categoryCode},</if>
			<if test="custEdocNm != null" >CUST_EDOC_NM=#{custEdocNm},</if>
			<if test="expireTime != null " >EXPIRE_TIME=#{expireTime,jdbcType=TIMESTAMP},</if>
			<if test="expireTime == null " >EXPIRE_TIME=null,</if>
			<if test="formId != null" >FORM_ID=#{formId},</if>
			<if test="isSurpressPrint != null" >IS_SURPRESS_PRINT=#{isSurpressPrint},</if>
			<if test="isVoid != null" >IS_VOID=#{isVoid},</if>
			<if test="lastUpdatedBy != null" >LAST_UPDATED_BY=#{lastUpdatedBy},</if>
			<if test="lastUpdatedTimestamp != null" >LAST_UPDATED_TIMESTAMP=#{lastUpdatedTimestamp,jdbcType=TIMESTAMP},</if>
			<if test="notificationType != null" >NOTIFICATION_TYPE=#{notificationType},</if>
			<if test="sRowid != null" >S_ROWID=#{sRowid},</if>
			<if test="systemNm != null" >SYSTEM_NM=#{systemNm},</if>
			<if test="effectiveDt != null" >EFFECTIVE_DT=#{effectiveDt},</if>
    	</set>
    	WHERE form_Id=#{formId} AND (IS_DELETED is null or IS_DELETED = 0) 
	</update>
	
	<update id="deleteCustFormDef" parameterType="com.aia.case360.web.pojo.CustFormDef">
		UPDATE FD_CUST_FORM_DEF 
		SET IS_DELETED = 1
    	WHERE form_Id=#{formId} AND (IS_DELETED is null or IS_DELETED = 0)
	</update>
	
	<update id="deleteCustForm" parameterType="String">
	   UPDATE FD_CUST_FORM_DEF 
		SET IS_DELETED = 1
    	WHERE form_Id=#{formId} AND (IS_DELETED is null or IS_DELETED = 0)
	</update>
	
	
	<update id="deleteFscForm" parameterType="String">
	   UPDATE FD_FSC_FORM_DEF 
		SET IS_DELETED = 1
    	WHERE form_Id=#{formId} AND (IS_DELETED is null or IS_DELETED = 0)
	</update>
	
    <select id="findFscFormDef" resultMap="FscBaseResultMap" parameterType="String" >
		select   <include refid="FscBase_Column_List" />	FROM FD_FSC_FORM_DEF WITH(NOLOCK)  WHERE FORM_ID=#{FORM_ID} AND (IS_DELETED is null or IS_DELETED = 0)
	</select>
	 
	<insert id="addFscFormDef" parameterType="com.aia.case360.web.pojo.FscFormDef">	
		INSERT INTO FD_FSC_FORM_DEF
		<trim prefix="(" suffix=")" suffixOverrides="," >
	      	<if test="acl != null" >acl,</if>
			<if test="formCategory != null" >FORM_CATEGORY,</if>
			<if test="edocActionFlag != null" >EDOC_ACTION_FLAG,</if>
			<if test="expireTime != null" >EXPIRE_TIME,</if>
			<if test="formId != null" >FORM_ID,</if>
			<if test="isVoid != null" >IS_VOID,</if>
			<if test="lastUpdatedBy != null" >LAST_UPDATED_BY,</if>
			<if test="lastUpdatedTimestamp != null" >LAST_UPDATED_TIMESTAMP,</if>
			<if test="notificationType != null" >NOTIFICATION_TYPE,</if>
			<if test="processType != null" >PROCESS_TYPE,</if>
			<if test="sRowid != null" >S_ROWID,</if>
			<if test="systemNm != null" >SYSTEM_NM</if>
	    </trim>
	    <trim prefix="values (" suffix=")" suffixOverrides="," >
	      	<if test="acl != null" >#{acl},</if>
			<if test="formCategory != null">#{formCategory},</if>
			<if test="edocActionFlag != null">#{edocActionFlag},</if>
			<if test="expireTime != null">#{expireTime,jdbcType=TIMESTAMP},</if>
			<if test="formId != null">#{formId},</if>
			<if test="isVoid != null">#{isVoid},</if>
			<if test="lastUpdatedBy != null">#{lastUpdatedBy},</if>
			<if test="lastUpdatedTimestamp != null">#{lastUpdatedTimestamp,jdbcType=TIMESTAMP},</if>
			<if test="notificationType != null">#{notificationType},</if>
			<if test="processType != null">#{processType},</if>
			<if test="sRowid != null">#{sRowid},</if>
			<if test="systemNm != null">#{systemNm}</if>
    	</trim>
	</insert>
	
	<update id="updateFscFormDef" parameterType="com.aia.case360.web.pojo.FscFormDef">
		UPDATE FD_FSC_FORM_DEF 
		<set>
	      	<if test="acl != null" >acl=#{acl},</if>
			<if test="formCategory != null" >FORM_CATEGORY=#{formCategory},</if>
			<if test="edocActionFlag != null" >EDOC_ACTION_FLAG=#{edocActionFlag},</if>			
		    <if test="expireTime != null " >EXPIRE_TIME=#{expireTime,jdbcType=TIMESTAMP},</if>
		    <if test="expireTime == null " >EXPIRE_TIME=null,</if> 
			<if test="formId != null" >FORM_ID=#{formId},</if>
			<if test="isVoid != null" >IS_VOID=#{isVoid},</if>
			<if test="lastUpdatedBy != null" >LAST_UPDATED_BY=#{lastUpdatedBy},</if>
			<if test="lastUpdatedTimestamp != null" >LAST_UPDATED_TIMESTAMP=#{lastUpdatedTimestamp,jdbcType=TIMESTAMP},</if>
			<if test="notificationType != null" >NOTIFICATION_TYPE=#{notificationType},</if>
			<if test="processType != null" >PROCESS_TYPE=#{processType},</if>
			<if test="sRowid != null" >S_ROWID=#{sRowid},</if>
			<if test="systemNm != null" >SYSTEM_NM=#{systemNm},</if>
    	</set>
    	WHERE form_Id=#{formId} AND (IS_DELETED is null or IS_DELETED = 0)
	</update>
	
	<update id="deleteFscFormDef" parameterType="com.aia.case360.web.pojo.FscFormDef">
		UPDATE FD_FSC_FORM_DEF 
		SET IS_DELETED = 1
    	WHERE form_Id=#{formId} AND (IS_DELETED is null or IS_DELETED = 0)
	</update>
	
    <select id="findCustCategoryList"  resultType="java.util.Map" >
		select   CATEGORY_CODE,FORM_CATEGORY 	FROM FD_CUST_EDOC_CATEGORY WITH(NOLOCK) WHERE IS_DELETED is null or IS_DELETED = 0
	</select>
	
    <select id="findFSCCategoryList"  resultType="java.util.Map" >
		select distinct S_ROWID,FORM_CATEGORY	FROM FD_FSC_EDOC_ECABINET WITH(NOLOCK) WHERE IS_DELETED is null or IS_DELETED = 0 order by FORM_CATEGORY
	</select>

    <select id="getMainLinkFormId"  resultType="string" parameterType="String" >
		SELECT MAINLINK_FORM_ID FROM fd_form_definition with (nolock) 
		WHERE form_id = #{formId} 
		AND ISNULL(IS_DELETED,0) = 0 
		AND CONTRACT_FORM_TYPE != 'L'  
	</select>
	
    <select id="getMainLinkFormIdById"  resultType="string" parameterType="String" >
		SELECT MAINLINK_FORM_ID FROM fd_form_definition WITH(NOLOCK) WHERE form_id = (SELECT FORM_ID FROM FD_DOC_LINK with (nolock) 
		WHERE S_ROWID = #{s_rowid})
		 AND ISNULL(IS_DELETED,0) = 0
		AND CONTRACT_FORM_TYPE != 'L'  
	</select>
	
	<select id="getMainLinkFormIdByFormId"  resultType="string" parameterType="String" >
		SELECT MAINLINK_FORM_ID FROM fd_form_definition with (nolock) 
		WHERE form_id = #{formId} 
		AND ISNULL(IS_DELETED,0) = 0 
	</select>
	
	<select id="getMainLinkFormIdByDocLinkId"  resultType="string" parameterType="String" >
		SELECT MAINLINK_FORM_ID FROM fd_form_definition WITH(NOLOCK) WHERE form_id = (SELECT FORM_ID FROM FD_DOC_LINK with (nolock) 
		WHERE S_ROWID = #{s_rowid})
		 AND ISNULL(IS_DELETED,0) = 0
	</select>

    <select id="generateLinkFormId"  resultType="string" >
		SELECT ISNULL((
					CASE LEN(MAX(MAINLINK_FORM_ID))
						WHEN 7
							THEN right('0000' + convert(VARCHAR, substring(max(MAINLINK_FORM_ID), 1, 4) + 1), 4) + substring(max(MAINLINK_FORM_ID), 5, 7)
						ELSE
							'0001' + SUBSTRING(#{formId}, 1, 3)
						END
					), '0001' + SUBSTRING(#{formId}, 1, 3))
		FROM FD_FORM_DEFINITION  WITH(NOLOCK)
		WHERE FORM_ID LIKE (SUBSTRING(#{formId}, 1, 3) + '%')
			AND ISNULL(CONTRACT_FORM_TYPE, '') IN (
				'M',
				''
				)
			AND ISNULL(IS_DELETED, 0) = 0
	</select>
	
    <select id="getLinkFormIdCount"  resultType="int" >
		SELECT COUNT(1)
		FROM FD_FORM_DEFINITION WITH(NOLOCK)
		WHERE MAINLINK_FORM_ID = #{mainlinkFormId}
	</select>
	
	<select id="verfyCount"  resultType="int" >
		SELECT COUNT(1)
		FROM FD_FORM_DEFINITION WITH(NOLOCK)
		WHERE FORM_ID = #{formId} AND ISNULL(IS_DELETED, 0) = 0
		union all
		SELECT COUNT(1)
		FROM FD_FORM_DEFINITION  WITH(NOLOCK)
		WHERE MAINLINK_FORM_ID = #{mainlinkFormId} AND ISNULL(IS_DELETED, 0) = 0 AND ISNULL(MAINLINK_FORM_ID, '') != ''
	</select>
	
	<insert id="addFormCategory">
		DECLARE @existNum int
		select @existNum = count(1) from FD_FORM_CATEGORY where FORM_CATEGORY = #{category}
		if @existNum = 0
		insert [FD_FORM_CATEGORY] (FORM_CATEGORY, CREATE_BY ,CREATED_DT) values (#{category}, #{userId}, getDate());
	</insert>
	
	<select id="getMaxCustCatCode" parameterType="String" resultType="int" >
		SELECT max(CATEGORY_CODE) FROM [FD_CUST_EDOC_CATEGORY]
	</select>
	
	<insert id="addCustCategory" parameterType="String">	
		insert [FD_CUST_EDOC_CATEGORY] (FORM_CATEGORY,CATEGORY_CODE) values (#{category},#{code});
	</insert>
	
	<select id="getPFHFormCount" resultType="int" parameterType="java.util.Map">
		SELECT COUNT(1) from FD_FORM_HIERARCHY  WITH(NOLOCK)
		<where>
			IS_DELETED = 0
		<if test="formId != null and formId != '' ">
			AND FORM_ID = #{formId}
		</if>			 
		</where>
	</select>
	
	<select id="searchFormDef" resultType="java.util.Map"  parameterType="java.util.Map" >
		SELECT S_ROWID, FORM_CATEGORY, FORM_ID, FORM_NM, REQ_TYPE, DEPARTMENT, FORM_LEVEL, IS_DOC_INTEGRITY, MAINLINK_FORM_ID, POS_REQUEST_CATEGORY
		 FROM  FD_FORM_DEFINITION  WITH(NOLOCK) 
		<where>
				ISNULL(IS_DELETED, 0) = 0 
				AND IS_VISIBLE = 1 
			<if test="FORM_ID != null and FORM_ID != '' ">
				AND FORM_ID like  #{FORM_ID}  
			</if>
			<if test="FORM_NM != null and FORM_NM != '' ">
				AND FORM_NM like  #{FORM_NM}  
			</if>
		</where>
	</select>
	
	
	
	<insert id="addFormDefAuditTrail" parameterType="com.aia.case360.web.pojo.FormDefAuditTrail">
		INSERT INTO FD_FORM_DEF_AUDITRAIL
		<trim prefix="(" suffix=")" suffixOverrides="," >
	      	<if test="acl != null" >acl,</if>
	      	<if test="sRowid != null">S_ROWID,</if>
			<if test="actionDesc != null" >ACTION_DESC,</if>
			<if test="category != null" >CATEGORY,</if>
			<if test="createdBy != null" >CREATED_BY,</if>
			<if test="createdTimestamp != null" >CREATED_TIMESTAMP,</if>
			<if test="formId != null" >FORM_ID,</if>	
	    </trim>
	    <trim prefix="values (" suffix=")" suffixOverrides="," >
	      	<if test="acl != null" >#{acl},</if>
	      	<if test="sRowid != null">#{sRowid},</if>
			<if test="actionDesc != null">#{actionDesc},</if>
			<if test="category != null">#{category},</if>
			<if test="createdBy != null">#{createdBy},</if>
			<if test="createdTimestamp != null">#{createdTimestamp},</if>
			<if test="formId != null">#{formId},</if>
    	</trim>
	</insert>
	
	<select id="queryAuditTrail" resultMap="FdAuditTrailBaseResultMap">
		SELECT ACTION_DESC,CATEGORY,CREATED_BY,CREATED_TIMESTAMP,FORM_ID
		FROM FD_FORM_DEF_AUDITRAIL WITH(NOLOCK)
		WHERE 1 = 1
		<if test="formId != null" >
			AND FORM_ID = #{formId}
		</if>
		order by CREATED_TIMESTAMP desc 
		
	</select>
	
</mapper>