<?xml version="1.0" encoding="UTF-8" ?>
<!DOCTYPE mapper PUBLIC "-//mybatis.org//DTD Mapper 3.0//EN" "http://mybatis.org/dtd/mybatis-3-mapper.dtd" >
<mapper namespace="com.aia.case360.web.dao.FRMManagementDao" >

<select id="isBoxExist" resultType="int" parameterType="java.util.Map">
	select ISNULL((
			SELECT TOP(1) 1 from FD_FRM_BOX WITH (NOLOCK)
		where 1=1		
		<if test="boxNo != null and boxNo != ''">
			AND NEW_BOX_NO = #{boxNo} 
		</if>
		union 
		SELECT TOP(1) 1 from FD_DOC_ATTR WITH (NOLOCK)
		where 1=1 
		<if test="boxNo != null and boxNo != ''">
			AND BOX_NO = #{boxNo}
		</if>
		union 
		SELECT TOP(1) 1 from FD_DOC_ATTRIBUTES WITH (NOLOCK)
		where 1=1 
		<if test="boxNo != null and boxNo != ''">
			AND BOX_NO = #{boxNo}
		</if>			 	 
	), 0)
</select>

<select id="isBoxBatchExist" resultType="int" parameterType="java.util.Map">
	select ISNULL((
			SELECT TOP(1) 1 from FD_DOC_ATTR WITH (NOLOCK)
		where 1=1
		<if test="policyNo != null and policyNo != ''">
			AND POLICY_NO = #{policyNo} 
		</if>
		<if test="srcBoxNo != null and srcBoxNo != ''">
			AND BOX_NO = #{srcBoxNo} 
		</if>
		<if test="srcBatchNo != null and srcBatchNo != ''">
			AND BATCH_NO = #{srcBatchNo} 
		</if>	
		union 
		SELECT TOP(1) 1 from FD_DOC_ATTRIBUTES WITH (NOLOCK)
		where 1=1
		<if test="policyNo != null and policyNo != ''">
			AND POLICY_NO = #{policyNo} 
		</if>
		<if test="srcBoxNo != null and srcBoxNo != ''">
			AND BOX_NO = #{srcBoxNo} 
		</if>
		<if test="srcBatchNo != null and srcBatchNo != ''">
			AND BATCH_NO = #{srcBatchNo} 
		</if>
	 
	), 0)
</select>

<insert id="addBoxNo"  parameterType="java.util.Map">
	INSERT INTO [FD_FRM_BOX]
         ([NEW_BOX_NO]
         ,[BOX_STATUS]
         ,[CREATED_BY]
         ,[CREATED_TIMESTAMP]
         ,[LAST_UPDATED_BY]
         ,[LAST_UPDATED_TIMESTAMP]
         ,[WH_ID])
     VALUES
          (
           #{boxNo}
          ,'N' 
          ,#{useId}
          ,getDate()
          ,#{useId}
          ,getDate()
          ,1)
		
</insert>

<update id="updateBoxNo" parameterType="java.util.Map" >
		UPDATE FD_DOC_ATTR 
		SET BOX_NO = #{targetBoxNo}
		WHERE BOX_NO = #{srcBoxNo}
		
		UPDATE FD_DOC_ATTRIBUTES 
		SET BOX_NO = #{targetBoxNo}
		WHERE BOX_NO = #{srcBoxNo}
</update>

<update id="updateBoxBatchNo" parameterType="java.util.Map" >
	UPDATE FD_DOC_ATTR 
			SET BOX_NO = #{targetBoxNo},
			  BATCH_NO = #{targetBatchNo}
			WHERE BOX_NO = #{srcBoxNo}
			AND BATCH_NO = #{srcBatchNo}
			AND POLICY_NO = #{policyNo}
		<if test="companyNo != null and companyNo != ''">
			AND COMPANY_NO = #{companyNo} 
		</if>
		
	UPDATE FD_DOC_ATTRIBUTES 
			SET BOX_NO = #{targetBoxNo},
			  BATCH_NO = #{targetBatchNo}
			WHERE BOX_NO = #{srcBoxNo}
			AND BATCH_NO = #{srcBatchNo}
			AND POLICY_NO = #{policyNo}
		<if test="companyNo != null and companyNo != ''">
			AND COMPANY_NO = #{companyNo} 
		</if>
</update>

<insert id="addBoxHistory"  parameterType="java.util.Map">

	INSERT INTO [FD_FRM_BOX_HISTORY]
           ([POL_NUM]
           ,[CREATED_BY]
           ,[CREATED_TIMESTAMP]
           ,[IS_DELETED]
           ,[LAST_UPDATED_BY]
           ,[LAST_UPDATED_TIMESTAMP]
           ,[BOX_STATUS]
           ,[COMPANY_NO]
           ,[NEW_BATCH_NO]
           ,[NEW_BOX_NO]
           ,[OLD_BATCH_NO]
           ,[OLD_BOX_NO])
     VALUES
           (#{policyNo}
           ,#{useId}
           ,getDate()
           ,0
           ,#{useId}
           ,getDate()
           ,'N'
           ,#{companyNo}
           ,#{targetBatchNo}
           ,#{targetBoxNo}
           ,#{srcBatchNo}
           ,#{srcBoxNo})
           	
</insert>

<select id="searchInvestigation" resultType="java.util.Map" parameterType="java.util.Map"> 
	select distinct POL_NUM,INVE_RESULT,INVE_DATE 
	from FD_FRM_PMR WITH (NOLOCK)
	<where>
			1=1
		<if test="companyNo != null and companyNo != ''">
			AND COMPANY_NO = #{companyNo} 
		</if>
		<if test="policyNo != null and policyNo != ''">
			AND POL_NUM = #{policyNo} 
		</if>			 
	</where>
</select>

<update id="updateInvestigation" parameterType="java.util.Map" >
		UPDATE FD_FRM_PMR 
		SET INVE_RESULT = #{inveResult},
			INVE_DATE = getDate(),
			INVE_BY = #{useId}
		<where>
			1=1
		<if test="companyNo != null and companyNo != ''">
			AND COMPANY_NO = #{companyNo} 
		</if>
		<!-- <if test="policyNo != null and policyNo != ''"> -->
			AND POL_NUM = #{policyNo} 
		<!-- </if>	-->		 
	</where>
		
</update>

<select id="searchInvestAuditTrail" resultType="java.util.Map" parameterType="java.util.Map"> 
	select a.CREATED_TIMESTAMP as timestamp,IsNull(a.FRM_USER_ACT,'') as action,IsNull(a.CREATED_BY,'') as userId, IsNull(b.DISPLAYNAME,'') as userName
	from FD_FRM_AUDIT_TRAIL a WITH (NOLOCK)
	left join SONORAUSERS b WITH (NOLOCK)
	on a.CREATED_BY = b.LOGINID
	where a.POL_NUM = #{policyNo}
	and a.FRM_USER_ACT like '%Investigate%'
	<if test="useId != null and useId != ''">
		AND a.CREATED_BY = #{useId} 
	</if>
	<if test="dateFrom != null and dateFrom != ''">
		AND a.CREATED_TIMESTAMP &gt;= #{dateFrom} 
	</if>
	<if test="dateTo != null and dateTo != ''">
		AND a.CREATED_TIMESTAMP &lt;= #{dateTo} 
	</if>
	order by CREATED_TIMESTAMP DESC
		
</select>

<insert id="addInvestAuditTrail"  parameterType="java.util.Map">
	INSERT INTO FD_FRM_AUDIT_TRAIL
           ([CREATED_BY]
           ,[CREATED_TIMESTAMP]
           ,[POL_NUM]
           ,[FRM_USER_ACT])
     VALUES
           (#{useId}
           ,getDate()
           ,#{policyNo}
           ,#{userAct})         	
</insert>

<select id="searchScannedDoc" resultType="java.util.Map" parameterType="java.util.Map">
	select distinct FDA.COMPANY_NO, FDA.POLICY_NO, FDA.BOX_NO, FDA.BATCH_NO, FDA.FORM_ID, FFD.FORM_NM
	from FD_DOC_ATTR FDA WITH (NOLOCK)
	join fs_documents fs WITH (NOLOCK) 
	on fs.object_id=FDA.object_id
	left join FD_FORM_DEFINITION FFD WITH (NOLOCK)
	on FDA.FORM_ID = FFD.FORM_ID
	left join FD_FRM_BOX FFB WITH (NOLOCK)
	on FDA.BOX_NO = FFB.NEW_BOX_NO
	<where>
			1=1
		<if test="warehouseId != null and warehouseId != '' and warehouseId != 0">
			AND FFB.WH_ID = #{warehouseId} 
		</if>
		<if test="boxNo != null and boxNo != ''">
			AND FDA.BOX_NO = #{boxNo} 
		</if>
		<if test="batchNo != null and batchNo != ''">
			AND FDA.BATCH_NO = #{batchNo} 
		</if>
		and FDA.SOURCE_SYSTEM_CODE='TrustedHub'	 
	</where>
	union 
	select distinct FDA.COMPANY_NO, FDA.POLICY_NO, FDA.BOX_NO, FDA.BATCH_NO, FDA.FORM_ID, FFD.FORM_NM
	from FD_DOC_ATTRIBUTES FDA WITH (NOLOCK)
	join fs_documents fs WITH (NOLOCK) 
	on fs.object_id=FDA.object_id
	left join FD_FORM_DEFINITION FFD WITH (NOLOCK)
	on FDA.FORM_ID = FFD.FORM_ID
	left join FD_FRM_BOX FFB WITH (NOLOCK)
	on FDA.BOX_NO = FFB.NEW_BOX_NO
	<where>
			1=1
		<if test="warehouseId != null and warehouseId != '' and warehouseId != 0">
			AND FFB.WH_ID = #{warehouseId} 
		</if>
		<if test="boxNo != null and boxNo != ''">
			AND FDA.BOX_NO = #{boxNo} 
		</if>
		<if test="batchNo != null and batchNo != ''">
			AND FDA.BATCH_NO = #{batchNo} 
		</if>
		and (FDA.BOX_NO is not null and FDA.BOX_NO <![CDATA[!= ]]> '' and FDA.BOX_NO <![CDATA[!= ]]> 'AI/00-000')
	</where>
		
</select>

<select id="searchSubmittedRequest" resultType="java.util.Map" parameterType="java.util.Map">
	select distinct CW.CASEFOLDERID as LINKCASEID, CW.REPOSITORY_KEY as REPOSITORYKEY, FWL.POL_NUM, CW.REQUEST_NUM,CW.COMPANY_NO,CW.CREATE_BY,CW.CREATE_TIMESTAMP,
		CW.REQ_TYPE, case when CW.CASE_STATUS = 'WIP' and IsNull(CW.IS_COMPLETED,0)=0 and IsNull(PW.IS_PENDING,0) = 0 then 'In progress' when CW.CASE_STATUS = 'WIP' and IsNull(CW.IS_COMPLETED,0)=0 and IsNull(PW.IS_PENDING,0) = 1 then 'Pending' when CW.CASE_STATUS = 'Closed' or CW.CASE_STATUS = 'Cancel' or CW.CASE_STATUS = 'Completed' then 'Closed' else CW.CASE_STATUS end as CASE_STATUS,
		ISNULL(ISNULL(FFRD.FORM_ID,FFRD.FORM_ID),FDAS.FORM_ID) as FORM_ID, ISNULL(ISNULL(FFRD.OBJECT_ID,FDA.OBJECT_ID),FDAS.OBJECT_ID) as OBJECT_ID,FD.DOCUMENTID,PW.PROCESSOR as CASE_OWNER,ISNULL(ISNULL(FFP.NEW_BOX_NO,FDA.BOX_NO),FDAS.BOX_NO) as BOX_NO
		,ISNULL(FDA.BATCH_NO,FDAS.BATCH_NO) AS BATCH_NO,STUFF((
					SELECT DISTINCT ',' + FCPR.PENDING_REASON
					FROM FD_CASE_PENDING_REASONS FCPR
					WHERE FCPR.LINKCASEID = CW.CASEFOLDERID
						AND FCPR.IS_RESOLVED = 0
						AND FCPR.IS_EXPIRED = 0
					FOR XML PATH('')
					), 1, 1, '') as PENDING_REASON,FAI.ACT_NM AS CURR_ACTIVITY
	from CF_WORK CW WITH (NOLOCK)
	inner join FD_WCF_LINK FWL WITH (NOLOCK)
	on CW.CASEFOLDERID = FWL.LINKCASEID
	and CW.REQ_TYPE LIKE 'FRM%'
	<if test="dateFrom != null and dateFrom != ''">
		and CW.CREATE_TIMESTAMP &gt;= #{dateFrom} 
	</if>
	<if test="dateTo != null and dateTo != ''">
		and CW.CREATE_TIMESTAMP &lt;= #{dateTo} 
	</if>
	<if test="companyNo != null and companyNo != ''">
		and FWL.COMPANY_NO = #{companyNo} 
	</if>
	<if test="policyNo != null and policyNo != ''">
		and FWL.POL_NUM = #{policyNo} 
	</if>
	<if test="useId != null and useId != ''">
		and CW.CREATE_BY = #{useId} 
	</if>
	<if test="reqType != null and reqType != ''">
		and CW.REQ_TYPE = #{reqType} 
	</if>	
	left join FD_FRM_RETRIEVE_DOC FFRD
	on FWL.LINKCASEID = FFRD.LINKCASEID
	left join FD_DOC_ATTR FDA WITH (NOLOCK)
	on ISNULL(FWL.COMPANY_NO,'011') = ISNULL(FDA.COMPANY_NO,'011')
	and FWL.POL_NUM = FDA.POLICY_NO
	and FFRD.POL_NUM = FDA.POLICY_NO
	and FFRD.OBJECT_ID = FDA.OBJECT_ID
	<if test="boxNo != null and boxNo != ''">
		and FDA.BOX_NO = #{boxNo} 
	</if>
	<if test="batchNo != null and batchNo != ''">
		and FDA.BATCH_NO = #{batchNo} 
	</if>
	left join FD_DOC_ATTRIBUTES FDAS WITH (NOLOCK)
	on ISNULL(FWL.COMPANY_NO,'011') = ISNULL(FDAS.COMPANY_NO,'011')
	and FWL.POL_NUM = FDAS.POLICY_NO
	and FFRD.POL_NUM = FDAS.POLICY_NO
	and FFRD.OBJECT_ID = FDAS.OBJECT_ID
	<if test="boxNo != null and boxNo != ''">
		and FDAS.BOX_NO = #{boxNo} 
	</if>
	<if test="batchNo != null and batchNo != ''">
		and FDAS.BATCH_NO = #{batchNo} 
	</if>
	left join FD_FRM_PMR FFP WITH (NOLOCK)
	on FWL.POL_NUM = FFP.POL_NUM
	and CW.REQ_TYPE in ('FRM_Backfile_Scanning','FRM_Unscanned_Hardcopy_Borrow')
	left join FS_DOCUMENTS FD WITH (NOLOCK)
	on FFRD.OBJECT_ID = FD.OBJECT_ID
	or FDA.OBJECT_ID = FD.OBJECT_ID
	or FDAS.OBJECT_ID = FD.OBJECT_ID
	left join PI_WORK PW WITH (NOLOCK)
	on CW.CASEFOLDERID = pw.LINKCASEID
	left join FD_ACT_INFO FAI WITH (NOLOCK)
	on CW.REQ_TYPE = FAI.REQ_TYPE
	and PW.WFWORKSTEPNAME = FAI.WORKSTEPNAME
	where 1 = 1
	<if test="caseStatus != null and caseStatus != ''">
		<choose><when test="caseStatus == 'Closed'">and CW.CASE_STATUS in ('Closed', 'Completed', 'Cancel')</when>
		<when test="caseStatus == 'WIP'">and CW.CASE_STATUS = 'WIP' and IsNull(CW.IS_COMPLETED,0)=0 and IsNull(PW.IS_PENDING,0) = 0</when>
		<when test="caseStatus == 'Pending'">and CW.CASE_STATUS = 'WIP' and IsNull(CW.IS_COMPLETED,0)=0 and IsNull(PW.IS_PENDING,0) = 1</when>
		<otherwise>and CW.CASE_STATUS = #{caseStatus}</otherwise>
		</choose>
	</if>
	
</select>


<select id="searchBorrowHistory" resultType="java.util.Map" parameterType="java.util.Map"> 
	select POL_NUM, RETURN_TIME, PRE_LOCATION, OUT_BY, OUT_TIME from FD_FRM_BORROW_HISTORY WITH (NOLOCK)
	 <if test="policyNo != null and policyNo != ''">
		Where POL_NUM = #{policyNo}
	</if>
	<!-- order by RETURN_TIME DESC  -->
		
</select>

<select id="getWarehouseList" resultType="java.util.Map" > 
	SELECT S_ROWID AS WH_ID,WH_DESC from FD_FRM_WAREHOUSE WITH (NOLOCK) ORDER BY S_ROWID		
</select>

</mapper>