<?xml version="1.0" encoding="UTF-8" ?>
<!DOCTYPE mapper PUBLIC "-//mybatis.org//DTD Mapper 3.0//EN" "http://mybatis.org/dtd/mybatis-3-mapper.dtd" >
<mapper namespace="com.aia.case360.web.dao.FRMRetrievedDao">

    <select id="createRetrievedRecord" 
		statementType="CALLABLE" 
		parameterType="com.aia.case360.web.pojo.FRMCreateRetrievedRecordParam"
		resultType="java.lang.Boolean">
	
		<![CDATA[
	       {CALL sp_frm_create_retrieved_record(
	       #{caseId,mode=IN,jdbcType=DECIMAL},
	       #{reqNum,mode=IN,jdbcType=VARCHAR},
	       #{polNum,mode=IN,jdbcType=VARCHAR},
	       #{reason,mode=IN,jdbcType=VARCHAR},
	       #{collector,mode=IN,jdbcType=VARCHAR},
	       #{office,mode=IN,jdbcType=VARCHAR},
	       #{currentUser,mode=IN,jdbcType=VARCHAR}
	       )}
	   	]]>
    
    </select>
    
    <select id="createRetrieveDocRecord" 
		statementType="CALLABLE"
		parameterType="com.aia.case360.web.pojo.FRMCreateRetrieveDocRecordParam"
		resultType="java.lang.Boolean">
	
		<![CDATA[
	       {CALL sp_frm_create_retrieve_doc_record(
	       #{caseId,mode=IN,jdbcType=DECIMAL},
	       #{reqNum,mode=IN,jdbcType=VARCHAR},
	       #{polNum,mode=IN,jdbcType=VARCHAR},
	       #{formId,mode=IN,jdbcType=VARCHAR},
	       #{objectId,mode=IN,jdbcType=VARCHAR},
	       #{page,mode=IN,jdbcType=VARCHAR},
	       #{remark,mode=IN,jdbcType=VARCHAR},
	       #{reason,mode=IN,jdbcType=VARCHAR},
	       #{collector,mode=IN,jdbcType=VARCHAR},
	       #{office,mode=IN,jdbcType=VARCHAR},
	       #{user,mode=IN,jdbcType=VARCHAR}
	       )}
	   	]]>
    
    </select>
    
    <select id="searchScannedPolicy" 
		statementType="CALLABLE" 
		parameterType="com.aia.case360.web.pojo.FRMSearchScannedPolicyParam"
		resultType="com.aia.case360.web.vo.FRMSearchScannedPolicyVo">
	
		<![CDATA[
	       {CALL sp_frm_get_scanned_policy(
	       #{polNums,mode=IN,jdbcType=VARCHAR}
	       ,#{reqType,mode=IN,jdbcType=VARCHAR}
	       ,#{companyNo,mode=IN,jdbcType=VARCHAR}
	       )}
	   	]]>
    
    </select>
    
    <select id="getSameRetrievedDocCase" 
		statementType="CALLABLE" 
		resultType="com.aia.case360.web.pojo.FRMCaseCheckRetrieveDocResult">
	
		<![CDATA[
	       {CALL sp_frm_get_same_retrieved_doc_case(
	       #{policyNum,mode=IN,jdbcType=VARCHAR},
	       #{objectId,mode=IN,jdbcType=VARCHAR},
	       #{page,mode=IN,jdbcType=VARCHAR},
	       #{reqType,mode=IN,jdbcType=VARCHAR},
	       #{companyNo,mode=IN,jdbcType=VARCHAR}
	       )}
	   	]]>
    
    </select>
    
    
    <select id="getReasons" 
		statementType="CALLABLE" resultType="com.aia.case360.web.vo.FRMReasonVo">
	
		<![CDATA[
	       {CALL sp_frm_get_reason(
	       #{user,mode=IN,jdbcType=VARCHAR},
	       #{type,mode=IN,jdbcType=INTEGER}
	       )}
	   	]]>
    
    </select>
    
    <select id="getOffices" 
		statementType="CALLABLE" 
		parameterType="java.lang.String" resultType="com.aia.case360.web.vo.FRMOfficeVo">
	
		<![CDATA[
	       {CALL sp_frm_get_office(
	       #{user,mode=IN,jdbcType=VARCHAR}
	       )}
	   	]]>
    
    </select>
    
    
    <select id="addReason" 
		statementType="CALLABLE" 
		resultType="java.lang.String">
	
		<![CDATA[
	       {CALL sp_frm_add_reason(
	       #{user,mode=IN,jdbcType=VARCHAR},
	       #{reason,mode=IN,jdbcType=VARCHAR}
	       )}
	   	]]>
    
    </select>
    
    <select id="addOffice" 
		statementType="CALLABLE" 
		resultType="java.lang.String">
	
		<![CDATA[
	       {CALL sp_frm_add_office(
	       #{user,mode=IN,jdbcType=VARCHAR},
	       #{office,mode=IN,jdbcType=VARCHAR}
	       )}
	   	]]>
    
    </select>
    
</mapper>