<?xml version="1.0" encoding="UTF-8" ?>
<!DOCTYPE mapper PUBLIC "-//mybatis.org//DTD Mapper 3.0//EN" "http://mybatis.org/dtd/mybatis-3-mapper.dtd" >
<mapper namespace="com.aia.case360.web.dao.FRMScanDao">

	<select id="searchBackfile" 
			parameterType="java.lang.String" 
			statementType="CALLABLE" 
			resultType="com.aia.case360.web.vo.FRMSearchBackfileVo">
    	
		<![CDATA[
           {CALL sp_frm_search_back_file(
           #{policyNums,mode=IN,jdbcType=VARCHAR},
           #{reqType,mode=IN,jdbcType=VARCHAR},
           #{companyNo,mode=IN,jdbcType=VARCHAR}
           )}
       	]]>
    
    </select>
    
    <select id="checkCase" 
		statementType="CALLABLE" 
		resultType="com.aia.case360.web.pojo.FRMCaseCheckResult">
	
		<![CDATA[
	       {CALL sp_frm_check_case(
	       #{policyNum,mode=IN,jdbcType=VARCHAR},
	       #{reqType,mode=IN,jdbcType=VARCHAR},
	       #{companyNo,mode=IN,jdbcType=VARCHAR},
	       #{reqTypeScope,mode=IN,jdbcType=VARCHAR},
	       #{currentUser,mode=IN,jdbcType=VARCHAR},
	       #{maxNum,mode=IN,jdbcType=INTEGER}
	       )}
	   	]]>
    
    </select>
    
    <select id="createInvestRecord" 
		statementType="CALLABLE" 
		resultType="java.lang.Boolean">
	
		<![CDATA[
	       {CALL sp_frm_create_invest_record(
	       #{policyNum,mode=IN,jdbcType=VARCHAR},
	       #{companyNo,mode=IN,jdbcType=VARCHAR},
	       #{currentUser,mode=IN,jdbcType=VARCHAR}
	       )}
	   	]]>
    
    </select>
    
    <select id="getReqTypeInfo" 
		statementType="CALLABLE" 
		resultType="com.aia.case360.web.pojo.FRMReqTypeInfo">
	
		<![CDATA[
	       {CALL sp_frm_get_req_type_info(
	       #{reqType,mode=IN,jdbcType=VARCHAR}
	       )}
	   	]]>
    
    </select>
    
    <select id="getFRMCaseDetailInfo" 
		statementType="CALLABLE" 
		resultType="com.aia.case360.web.vo.FRMCaseDetailInfoVo">
	
		<![CDATA[
	       {CALL sp_frm_get_case_detail_info(
	       #{caseId,mode=IN,jdbcType=DECIMAL}
	       )}
	   	]]>
    
    </select>
    
</mapper>