<?xml version="1.0" encoding="UTF-8" ?>
<!DOCTYPE mapper PUBLIC "-//mybatis.org//DTD Mapper 3.0//EN" "http://mybatis.org/dtd/mybatis-3-mapper.dtd" >
<mapper namespace="com.aia.case360.web.dao.MenuDao">
	
	<select id="findAllMenus"  resultType="com.aia.case360.uam.domain.Menu">
		SELECT C.MENU_ID as menuId, C.MENU_NM as menuNm, C.PARENT_MENUID as parentMenuId, C.MENU_LINK AS menuLink, C.IS_PUBLIC AS isPublic
		,C.MENU_TYPE as menuType from FD_UAM_MENU C with(nolock) where (C.DELETE_FLAG IS NULL or C.DELETE_FLAG != 1) AND C.MENU_TYPE = #{arg0} order by c.MENU_ID
	</select>




	<select id="findMenuByUserId" resultType="com.aia.case360.uam.domain.Menu" parameterType="java.util.Map">
		
		select distinct * from (SELECT DISTINCT C.MENU_ID as menuId, C.MENU_NM as menuNm, C.PARENT_MENUID as parentMenuId, C.MENU_LINK AS menuLink, C.IS_PUBLIC AS isPublic
		,C.MENU_TYPE as menuType
		FROM FD_UAM_MENU c with(nolock)
		where 
		C.IS_PUBLIC = 1 AND C.MENU_TYPE = #{menuType})  a

		union 
		
		(
		SELECT DISTINCT C.MENU_ID as menuId, C.MENU_NM as menuNm, C.PARENT_MENUID as parentMenuId, C.MENU_LINK AS menuLink, C.IS_PUBLIC AS isPublic
		,C.MENU_TYPE as menuType
		FROM FD_UAM_USERROLE_REF a with(nolock),
		FD_UAM_ROLEMENU_REF b with(nolock),
		FD_UAM_MENU c with(nolock),
		fd_uam_role r with(nolock)  
		where a.UAM_ROLE_ID=r.UAM_ROLE_ID and isnull(r.UAM_IS_ENABLE, 0) = 1 and isnull(a.UAM_DELETE_FLAG, 0) !=1 and
		A.UAM_ROLE_ID = b.UAM_ROLE_ID AND (B.MENU_ID = C.MENU_ID OR C.IS_PUBLIC = 1) and 
		(C.DELETE_FLAG IS NULL or C.DELETE_FLAG != 1)		
			and upper(a.UAM_USER_ID)=upper(#{userId}) AND C.MENU_TYPE = #{menuType}
		) 		
		ORDER BY menuId
		
		
	</select>
	<select id="queryUserButtons"  resultType="java.util.Map" parameterType="String">
		SELECT distinct mn.MENU_ID as BUTTONID, CASE WHEN (rm.MENU_ID is null)  THEN 0 ELSE 1 END as status
			FROM FD_UAM_MENU mn with(nolock) left join (select distinct role.MENU_ID from FD_UAM_ROLEMENU_REF role with(nolock) 
			left join FD_UAM_USERROLE_REF ur with(nolock) on role.UAM_ROLE_ID=ur.UAM_ROLE_ID and isnull(ur.UAM_DELETE_FLAG, 0) !=1
			left join fd_uam_role r with(nolock) on ur.UAM_ROLE_ID=r.UAM_ROLE_ID 
			where upper(ur.UAM_USER_ID)=upper(#{userId}) and isnull(r.UAM_IS_ENABLE, 0) = 1) rm on mn.MENU_ID=rm.MENU_ID  
			where menu_type=1
	</select>
	
	<select id="queryUserAutoAssignButtonStatus"  resultType="java.util.Map" parameterType="String">
		SELECT distinct mn.MENU_ID as BUTTONID, CASE WHEN (rm.MENU_ID is null)  THEN 0 ELSE 1 END as status
			FROM FD_UAM_MENU mn with(nolock) left join (select distinct role.MENU_ID from FD_UAM_ROLEMENU_REF role with(nolock) 
			left join FD_UAM_USERROLE_REF ur with(nolock) on role.UAM_ROLE_ID=ur.UAM_ROLE_ID and isnull(ur.UAM_DELETE_FLAG, 0) !=1
			where upper(ur.UAM_USER_ID)=upper(#{userId})) rm on mn.MENU_ID=rm.MENU_ID  
			where menu_type=1 and mn.MENU_ID = 'BNDAUTOAS'
	</select>
	
	<select id="querySONORAButtons"  resultType="java.util.Map">
		SELECT MENU_ID as BUTTONID, 1 as status
			FROM FD_UAM_MENU with(nolock) 
			where menu_type=1
	</select>
	
	<select id="queryRoleFormCategory"  resultType="java.util.Map" parameterType="Integer">
			select fc.FORM_CATEGORY from 
				FD_FORM_CATEGORY fc with(nolock) 
				left join FD_UAM_ROLEMENU_REF fur with(nolock) on fc.FORM_CATEGORY=fur.MENU_ID
				where fur.UAM_ROLE_ID=#{roleId};
	</select>
	
	<select id="queryAllFormCategory"  resultType="java.util.Map">
		select FORM_CATEGORY from FD_FORM_CATEGORY with(nolock) order by FORM_CATEGORY
	</select>
	
	<insert id="insertRoleFormCategory" parameterType="java.util.List">
		<foreach close="" collection="list" index="index" item="item"
			open="" separator=";">
			insert into FD_UAM_ROLEMENU_REF(MENU_ID,UAM_ROLE_ID) values(#{item.FORM_CATEGORY},#{item.roleId})
		</foreach>
	</insert>
	
	<delete id="deleteRoleFormCategory" parameterType="Integer">
		delete from FD_UAM_ROLEMENU_REF where UAM_ROLE_ID = #{roleId}
	</delete>
</mapper>