<?xml version="1.0" encoding="UTF-8" ?>
<!DOCTYPE mapper PUBLIC "-//mybatis.org//DTD Mapper 3.0//EN" "http://mybatis.org/dtd/mybatis-3-mapper.dtd" >
<mapper namespace="com.aia.case360.web.dao.NonAIACustomerDao">
	
	<resultMap id="customerMap" type="com.aia.case360.web.pojo.NonAIACustomerInfo" >
	    <result column="ACL" property="acl" jdbcType="NVARCHAR" />
		<result column="S_ROWID" property="sRowid" jdbcType="DECIMAL" />
		<result column="CITIZENSHIP" property="citizenShip" jdbcType="NVARCHAR" />
		<result column="DOB" property="dob" jdbcType="TIMESTAMP" />
		<result column="EMAIL" property="email" jdbcType="NVARCHAR" />
		<result column="GENDER" property="gender" jdbcType="NVARCHAR" />
		<result column="INCOME" property="income" jdbcType="NVARCHAR" />
		<result column="IS_MEDICATION" property="isMedication" jdbcType="SMALLINT" />
		<result column="IS_SMOKING" property="isSmoking" jdbcType="SMALLINT" />
		<result column="NM_ENCODED" property="name" jdbcType="NVARCHAR" />
		<result column="NRIC" property="nric" jdbcType="NVARCHAR" />
		<result column="OCCUPATION" property="occupation" jdbcType="NVARCHAR" />
		<result column="COMPANY" property="company" jdbcType="NVARCHAR" />
		<result column="PHONE_NUMBER" property="phoneNum" jdbcType="NVARCHAR" />
		<result column="POL_NUM" property="policyNum" jdbcType="NVARCHAR" />
		<result column="RESIDENCE_CITY" property="residenceCity" jdbcType="NVARCHAR" />
		<result column="USERADDRESS" property="address" jdbcType="NVARCHAR" />
		<result column="VISA_TYPE" property="visaType" jdbcType="NVARCHAR" /> 
		<result column="OTHER" property="other" jdbcType="NVARCHAR" />
		<result column="IS_NONAIA" property="isNonAIA" jdbcType="SMALLINT" /> 
		<result column="RETRIVE_METHOD" property="retrieveMethod" jdbcType="NVARCHAR" /> 
		<result column="HASHSTR" property="hashStr" jdbcType="NVARCHAR" /> 
		<result column="CREATED_BY" property="createdBy" jdbcType="NVARCHAR" />
		<result column="CREATED_TIMESTAMP" property="createdTimestamp" jdbcType="TIMESTAMP" />
		<result column="LAST_UPDATED_BY" property="lastUpdatedBy" jdbcType="NVARCHAR" />
		<result column="LAST_UPDATED_TIMESTAMP" property="lastUpdatedTimestamp" jdbcType="TIMESTAMP" />
	</resultMap>
	
	<resultMap id="auditTrail" type="com.aia.case360.web.pojo.NonAIACustomerAuditTrail" >
	    <result column="ACL" property="acl" jdbcType="NVARCHAR" />
		<result column="S_ROWID" property="sRowid" jdbcType="DECIMAL" />
		<result column="ID" property="id" jdbcType="DECIMAL" />
		<result column="ACTION_DESC" property="actDesc" jdbcType="NVARCHAR" />
		<result column="CATEGORY" property="category" jdbcType="NVARCHAR" />
		<result column="NRIC" property="nric" jdbcType="NVARCHAR" />
		<result column="CREATED_BY" property="createdBy" jdbcType="NVARCHAR" />
		<result column="CREATED_TIMESTAMP" property="createdTimestamp" jdbcType="TIMESTAMP" />
	</resultMap>
	
	<select id="queryNonAIACustomerList" parameterType="com.aia.case360.web.pojo.NonAIACustomerInfo" resultMap="customerMap">
		SELECT CONVERT(NVARCHAR, DecryptByKeyAutoAsymKey(AsymKey_ID('NRIC_AKey'), NULL, dbo.hexstr2varbin(NM_ENCODED))) NAME,
			DOB,
			CONVERT(NVARCHAR, DecryptByKeyAutoAsymKey(AsymKey_ID('NRIC_AKey'), NULL, dbo.hexstr2varbin(NRIC))) NRIC,
			CITIZENSHIP,
			GENDER,
			RESIDENCE_CITY,
			IS_SMOKING,
			IS_NONAIA,
			VISA_TYPE,
			OTHER,
			PHONE_NUMBER,
			EMAIL,
			OCCUPATION,
			COMPANY,
			INCOME,
			POL_NUM,
			IS_MEDICATION,
			USERADDRESS,
			CREATED_BY,
			CREATED_TIMESTAMP,
			LAST_UPDATED_BY,
			LAST_UPDATED_TIMESTAMP,
			S_ROWID
		FROM FD_NON_AIA_CUSTOMER WITH(NOLOCK)
		WHERE isnull(IS_NONAIA, 0) = 0
		<if test='nric!=null and nric!="" and retrieveMethod =="like"'>
			<bind name="nricPattern" value="'%' + nric + '%'" />
			AND CONVERT(NVARCHAR, DecryptByKeyAutoAsymKey(AsymKey_ID('NRIC_AKey'), NULL, dbo.hexstr2varbin(NRIC))) LIKE #{nricPattern}
		</if>
		
		<if test='nric!=null and nric!="" and retrieveMethod =="equals"'>
			AND HASHSTR = sys.fn_VarBinToHexStr(HashBytes('SHA2_256', CONVERT(nvarchar,upper(ltrim(rtrim(#{nric}))))))
		</if>
	</select>
	
	<select id="doesNonAIACustomerExists" parameterType="String" resultType="Integer">
		SELECT COUNT(1)
		FROM FD_NON_AIA_CUSTOMER WITH(NOLOCK)
		WHERE 1 = 1
		<if test="nric!=null and nric!=''">
			AND CONVERT(NVARCHAR, DecryptByKeyAutoAsymKey(AsymKey_ID('NRIC_AKey'), NULL, dbo.hexstr2varbin(NRIC))) = #{nric}
		</if>
	</select>
	
	<insert id="addNonAIACustomer" parameterType="com.aia.case360.web.pojo.NonAIACustomerInfo" useGeneratedKeys="true" keyProperty="sRowid">	
		INSERT INTO FD_NON_AIA_CUSTOMER 
		<trim prefix="(" suffix=")" suffixOverrides="," >
	      	<if test="acl != null" >acl,</if>
			<if test="citizenShip != null" >CITIZENSHIP,</if>
			<if test="dob != null" >DOB,</if>
			<if test="email != null" >EMAIL,</if>
			<if test="gender != null" >GENDER,</if>
			<if test="income != null" >INCOME,</if>
			<if test="isMedication != null" >IS_MEDICATION,</if>
			<if test="isSmoking != null" >IS_SMOKING,</if>
			<if test="name != null" >NM_ENCODED ,</if>
			<if test="nric != null" >NRIC,</if>
			<if test="hashStr != null" >HASHSTR,</if>
			<if test="occupation != null" >OCCUPATION,</if>
			<if test="company != null" >COMPANY,</if>
			<if test="phoneNum != null" >PHONE_NUMBER,</if>
			<if test="policyNum != null" >POL_NUM,</if>
			<if test="residenceCity != null" >RESIDENCE_CITY,</if>
			<if test="address != null" >USERADDRESS,</if>
			<if test="visaType != null" >VISA_TYPE,</if>
			<if test="other != null" >OTHER,</if>
			<if test="isNonAIA != null" >IS_NONAIA,</if>
			<if test="createdBy != null" >CREATED_BY,</if>
			<if test="createdTimestamp != null" >CREATED_TIMESTAMP,</if>
			<if test="lastUpdatedBy != null" >LAST_UPDATED_BY,</if>
			<if test="lastUpdatedTimestamp != null" >LAST_UPDATED_TIMESTAMP,</if>
	    </trim>
	    
	    <trim prefix="values (" suffix=")" suffixOverrides="," >
	      	<if test="acl != null" >#{acl},</if>
			<if test="citizenShip != null" >#{citizenShip},</if>
			<if test="dob != null" >#{dob},</if>
			<if test="email != null" >#{email},</if>
			<if test="gender != null" >#{gender},</if>
			<if test="income != null" >#{income},</if>
			<if test="isMedication != null" >#{isMedication},</if>
			<if test="isSmoking != null" >#{isSmoking},</if>
			<if test="name != null" >#{name},</if>
			<if test="nric != null" >#{nric},</if>
			<if test="hashStr != null" >#{hashStr},</if>
			<if test="occupation != null" >#{occupation},</if>
			<if test="company != null" >#{company},</if>
			<if test="phoneNum != null" >#{phoneNum},</if>
			<if test="policyNum != null" >#{policyNum},</if>
			<if test="residenceCity != null" >#{residenceCity},</if>
			<if test="address != null" >#{address},</if>
			<if test="visaType != null" >#{visaType},</if>
			<if test="other != null" >#{other},</if>
			<if test="isNonAIA != null" >#{isNonAIA},</if>
			<if test="createdBy != null" >#{createdBy},</if>
			<if test="createdTimestamp != null" >#{createdTimestamp},</if>
			<if test="lastUpdatedBy != null" >#{lastUpdatedBy},</if>
			<if test="lastUpdatedTimestamp != null" >#{lastUpdatedTimestamp},</if>
    	</trim>
	</insert>
    	
    <update id="updateNonAIACustomer" parameterType="com.aia.case360.web.pojo.NonAIACustomerInfo">
		UPDATE FD_NON_AIA_CUSTOMER 
		<set>
			<if test="acl != null" >ACL=#{acl},</if>
			<if test="citizenShip != null" >CITIZENSHIP=#{citizenShip},</if>
			<if test="dob != null" >DOB=#{dob},</if>
			<if test="email != null" >EMAIL=#{email},</if>
			<if test="gender != null" >GENDER=#{gender},</if>
			<if test="income != null" >INCOME=#{income},</if>
			<if test="isMedication != null" >IS_MEDICATION=#{isMedication},</if>
			<if test="isSmoking != null" >IS_SMOKING=#{isSmoking},</if>
			<if test="name != null" >NM_ENCODED =#{name},</if>
			<if test="occupation != null" >OCCUPATION=#{occupation},</if>
			<if test="company != null" >COMPANY=#{company},</if>
			<if test="phoneNum != null" >PHONE_NUMBER=#{phoneNum},</if>
			<if test="policyNum != null" >POL_NUM=#{policyNum},</if>
			<if test="residenceCity != null" >RESIDENCE_CITY=#{residenceCity},</if>
			<if test="address != null" >USERADDRESS=#{address},</if>
			<if test="visaType != null" >VISA_TYPE=#{visaType},</if>
			<if test="isNonAIA != null" >IS_NONAIA=#{isNonAIA},</if>
			<if test="other != null" >OTHER=#{other},</if>
			<if test="createdBy != null" >CREATED_BY=#{createdBy},</if>
			<if test="createdTimestamp != null" >CREATED_TIMESTAMP=#{createdTimestamp},</if>
			<if test="lastUpdatedBy != null" >LAST_UPDATED_BY=#{lastUpdatedBy},</if>
			<if test="lastUpdatedTimestamp != null" >LAST_UPDATED_TIMESTAMP=#{lastUpdatedTimestamp},</if>
    	</set>
    	WHERE S_ROWID = #{sRowid}
	</update>
	
	<select id="queryNonAIACustomerAuditTrail" parameterType="com.aia.case360.web.pojo.NonAIACustomerAuditTrail" resultMap="auditTrail">
		SELECT ACTION_DESC, 
			CATEGORY,
			CREATED_BY,
			CREATED_TIMESTAMP,
			S_ROWID,
			ID
		FROM FD_NONAIA_CUSTOMER_AUDIT_TRAIL WITH(NOLOCK)
		WHERE ID = #{id}
		ORDER BY CREATED_TIMESTAMP DESC
	</select>
	
	<insert id="addNonAIACustomerAuditTrail" parameterType="com.aia.case360.web.pojo.NonAIACustomerAuditTrail">	
		INSERT INTO FD_NONAIA_CUSTOMER_AUDIT_TRAIL 
		<trim prefix="(" suffix=")" suffixOverrides="," >
	      	<if test="acl != null" >acl,</if>
			<if test="category != null" >CATEGORY,</if>
			<if test="actDesc != null" >ACTION_DESC,</if>
			<if test="id != null" >ID,</if>
			<if test="createdBy != null" >CREATED_BY,</if>
			<if test="createdTimestamp != null" >CREATED_TIMESTAMP,</if>
	    </trim>
	    
	    <trim prefix="values (" suffix=")" suffixOverrides="," >
	      	<if test="acl != null" >#{acl},</if>
			<if test="category != null" >#{category},</if>
			<if test="actDesc != null" >#{actDesc},</if>
			<if test="id != null" >#{id},</if>
			<if test="createdBy != null" >#{createdBy},</if>
			<if test="createdTimestamp != null" >#{createdTimestamp},</if>
    	</trim>
	</insert>
</mapper>
