<?xml version="1.0" encoding="UTF-8" ?>
<!DOCTYPE mapper PUBLIC "-//mybatis.org//DTD Mapper 3.0//EN" "http://mybatis.org/dtd/mybatis-3-mapper.dtd" >
<mapper namespace="com.aia.case360.web.dao.OWSAuditTrailDao">


	<sql id='searchAuditTrailSql'>
        	a.S_ROWID as sRowid,
			isnull(a.OWS_COMPANY_CODE,'') as owsCompanyCode,
			isnull(a.OWS_DEPARTMENT_CODE,'') as owsDepartmentCode,
			isnull(a.OWS_REQUEST_NUMBER,'') as owsRequestNumber,
			isnull(a.OWS_CLAIM_NUMBER,'') as owsClaimNumber,
			isnull(a.CHILD_CLAIM_NO,'') as childClaimNumber,
			isnull(a.OWS_POLICY_NUMBER,'') as owsPolicyNumber,
			isnull(a.CREATED_BY,'') as createdBy,
			isnull(a.CREATED_TIMESTAMP,'') as createdTimestamp,
			isnull(a.OWS_ACTION,'') as owsAction,
			isnull(a.OWS_LINKED_POLICY_NUMBER,'') as owsLinkedPolicyNumber,
			isnull(a.OWS_AUDITTRAIL_REMARKS,'') as owsAudittrailRemarks
		from FD_OWS_AUDITTRAIL a WITH(NOLOCK)
		join FD_OWS_AUDITTRAIL_POLICY ap WITH(NOLOCK) on ap.OWS_LINK_ID=a.S_ROWID
        where 1=1 
	</sql>

	<select id="searchAuditTrail" resultType="com.aia.case360.web.vo.OWSAuditTrail">

 	 	<bind name="claimPattern" value="owsClaimNumber + '%'" />
 		
     <choose>
        <when test="searchType.equals('case') or searchType.equals('timestamp')">
        	select <include refid="searchAuditTrailSql"/>
        	<if test="requestNumber!=null  and !''.equals(requestNumber)">
        		 and a.OWS_REQUEST_NUMBER=#{requestNumber}
	        	<if test="policyNumbers!=null  and policyNumbers.size() > 0">
	        		union 
					select <include refid="searchAuditTrailSql"/>
					and 
	        		<foreach collection="policyNumbers" index="index" item="item" open="(" close=")" separator=" or ">
	        		 		ap.OWS_POLICY_NUMBER=#{item}
	        		</foreach>
	        	</if>
        	</if>
        	
        </when>
        <when test="searchType.equals('policyAndClaim')">
        	select distinct <include refid="searchAuditTrailSql"/>
    		 <if test="policyNumbers!=null  and policyNumbers.size() > 0  and policyNumbers[0] != null and policyNumbers[0].length()>0">
        		 and (
					<foreach collection="policyNumbers" index="index" item="item" open="" close="" separator=" or ">
	        				ap.OWS_POLICY_NUMBER=#{item}
	        		</foreach>
				)
	        	<if test="owsClaimNumber != null and owsClaimNumber.length() > 0">
					AND a.OWS_CLAIM_NUMBER like #{claimPattern}
				</if>
        	</if>
        	<if test="policyNumbers==null  or  policyNumbers.size() == 0  or policyNumbers[0] == null and policyNumbers[0].length()==0">
        		and 1=2
        	</if>
        	<if test="owsCompanyCode != null and !''.equals(owsCompanyCode)">
				AND a.OWS_COMPANY_CODE = #{owsCompanyCode}
			</if>
        </when>
        <otherwise>
        	select <include refid="searchAuditTrailSql"/>
        	and 1=2
        </otherwise>
 	</choose>
 	
        order by createdTimestamp desc
    
    </select>

	<insert id="insertAuditTrail" keyProperty="sRowid" keyColumn="S_ROWID" useGeneratedKeys="true" parameterType="com.aia.case360.web.vo.OWSAuditTrail">


			insert into FD_OWS_AUDITTRAIL (
				OWS_COMPANY_CODE,
				OWS_DEPARTMENT_CODE,
				OWS_REQUEST_NUMBER,
				OWS_CLAIM_NUMBER,
				OWS_POLICY_NUMBER,
				CREATED_BY,
				CREATED_TIMESTAMP,
				OWS_ACTION,
				OWS_LINKED_POLICY_NUMBER,
				OWS_AUDITTRAIL_REMARKS,
				DELETE_FLAG
			)
			values(
				#{owsCompanyCode},
				#{owsDepartmentCode},
				#{owsRequestNumber},
				#{owsClaimNumber},
				#{owsPolicyNumber},
				#{createdBy},
				getDate(),
				#{owsAction},
				#{owsLinkedPolicyNumber},
				#{owsAudittrailRemarks},
				#{deleteFlag}
			)
    </insert>
    
</mapper>