<?xml version="1.0" encoding="UTF-8" ?>
<!DOCTYPE mapper PUBLIC "-//mybatis.org//DTD Mapper 3.0//EN" "http://mybatis.org/dtd/mybatis-3-mapper.dtd" >
<mapper namespace="com.aia.case360.web.dao.OWSCommentCategoryDao">

	<select id="insertUpdateCommentCategory" parameterType="com.aia.case360.web.vo.OWSCommentCategory" statementType="CALLABLE" resultType="com.aia.case360.web.vo.OWSCommentCategory">

        <![CDATA[
           {CALL sp_insert_update_ows_comment_category(
           #{sRowid,mode=IN,jdbcType=DECIMAL},
           #{owsCompanyCode,mode=IN,jdbcType=VARCHAR},
           #{owsDepartmentCode,mode=IN,jdbcType=VARCHAR},
           #{owsCategoryName,mode=IN,jdbcType=VARCHAR},
           #{owsCategoryDesc,mode=IN,jdbcType=VARCHAR},
           #{createdBy,mode=IN,jdbcType=VARCHAR},
           #{createdTimestamp,mode=IN,jdbcType=VARCHAR},
           #{lastUpdatedBy,mode=IN,jdbcType=VARCHAR},
           #{lastUpdatedTimestamp,mode=IN,jdbcType=VARCHAR},
           #{owsCategorySort,mode=IN,jdbcType=VARCHAR},
           #{owsActiveCategoryFlag,mode=IN,jdbcType=VARCHAR},
           #{deleteFlag,mode=IN,jdbcType=VARCHAR}
           )}
       	]]>

    </select>

	<update id="batchUpdateCommentCategoryOrder" statementType="CALLABLE">

		<![CDATA[
           {CALL sp_ows_batch_update_category_order(
           #{tmpIds,mode=IN,jdbcType=VARCHAR},
           #{tmpSorts,mode=IN,jdbcType=VARCHAR},
           #{currentUser,mode=IN,jdbcType=VARCHAR}
           )}
       	]]>
		
    </update>
    
    <update id="batchDeleteCommentCategory"  statementType="CALLABLE">

		<![CDATA[
           {CALL sp_ows_batch_delete_category(
           #{tmpIds,mode=IN,jdbcType=VARCHAR},
           #{currentUser,mode=IN,jdbcType=VARCHAR}
           )}
       	]]>
		
    </update>
    
    <select id="searchCategory" parameterType="com.aia.case360.web.vo.OWSCommentCategory" resultType="com.aia.case360.web.vo.OWSCommentCategory">

        select 
        	[S_ROWID] as sRowid, 
			[OWS_CATEGORY_NAME] as owsCategoryName,
			[OWS_COMPANY_CODE]  as owsCompanyCode,
			[OWS_DEPARTMENT_CODE] as owsDepartmentCode,
			[OWS_CATEGORY_DESC] as owsCategoryDesc,
			[CREATED_BY] as createdBy,
			[CREATED_TIMESTAMP] as createdTimestamp,
			isnull([LAST_UPDATED_BY],'') as lastUpdatedBy,
			[LAST_UPDATED_TIMESTAMP] as lastUpdatedTimestamp,
			[OWS_CATEGORY_SORT] as owsCategorySort,
			[OWS_ACTIVE_CATEGORY_FLAG] as owsActiveCategoryFlag,
			[DELETE_FLAG] as deleteFlag
		from FD_OWS_COMMENT_CATEGORY WITH(NOLOCK INDEX(OWS_COMPANY_CODE,OWS_DEPARTMENT_CODE,OWS_CATEGORY_SORT))
        where 1=1
        <if test="sRowid!=null and sRowid != 0"> and S_ROWID=#{sRowid}</if>
        <if test="owsCompanyCode!=null"> and OWS_COMPANY_CODE=#{owsCompanyCode}</if>
        <if test="owsDepartmentCode!=null"> and OWS_DEPARTMENT_CODE=#{owsDepartmentCode}</if>
        <if test="owsCategoryName!=null"> and OWS_CATEGORY_NAME=#{owsCategoryName}</if>
        <if test="owsCategoryDesc!=null"> and OWS_CATEGORY_DESC=#{owsCategoryDesc}</if>
        <if test="createdBy!=null"> and CREATED_BY=#{createdBy}</if>
        <if test="createdTimestamp!=null"> and CREATED_TIMESTAMP=#{createdTimestamp}</if>
        <if test="lastUpdatedBy!=null"> and LAST_UPDATED_BY=#{lastUpdatedBy}</if>
        <if test="lastUpdatedTimestamp!=null"> and LAST_UPDATED_TIMESTAMP=#{lastUpdatedTimestamp}</if>
        <if test="owsCategorySort!=null"> and OWS_CATEGORY_SORT=#{owsCategorySort}</if>
        <if test="owsActiveCategoryFlag!=null"> and OWS_ACTIVE_CATEGORY_FLAG=#{owsActiveCategoryFlag}</if>
        <choose>
        	<when test="deleteFlag!=null">
        		 and DELETE_FLAG=#{deleteFlag}
        	</when>
        	<otherwise>
        		 and DELETE_FLAG='0'
            </otherwise>
        </choose>
        order by OWS_COMPANY_CODE,OWS_DEPARTMENT_CODE,OWS_CATEGORY_SORT

    </select>
    
    <select id="searchCategoryByID" parameterType="java.lang.Long" resultType="com.aia.case360.web.vo.OWSCommentCategory">

        select 
			[S_ROWID] as sRowid, 
			[OWS_CATEGORY_NAME] as owsCategoryName,
			[OWS_COMPANY_CODE]  as owsCompanyCode,
			[OWS_DEPARTMENT_CODE] as owsDepartmentCode,
			[OWS_CATEGORY_DESC] as owsCategoryDesc,
			[CREATED_BY] as createdBy,
			[CREATED_TIMESTAMP] as createdTimestamp,
			isnull([LAST_UPDATED_BY],'') as lastUpdatedBy,
			[LAST_UPDATED_TIMESTAMP] as lastUpdatedTimestamp,
			[OWS_CATEGORY_SORT] as owsCategorySort,
			[OWS_ACTIVE_CATEGORY_FLAG] as owsActiveCategoryFlag,
			[DELETE_FLAG] as deleteFlag
		from FD_OWS_COMMENT_CATEGORY WITH(NOLOCK)
        where S_ROWID=#{sRowid}

    </select>
    
</mapper>