<?xml version="1.0" encoding="UTF-8" ?>
<!DOCTYPE mapper PUBLIC "-//mybatis.org//DTD Mapper 3.0//EN" "http://mybatis.org/dtd/mybatis-3-mapper.dtd" >
<mapper namespace="com.aia.case360.web.dao.OWSCommentTemplateDao">

	<select id="insertUpdateCommentTemplate" parameterType="com.aia.case360.web.vo.OWSCommentTemplate" statementType="CALLABLE" resultType="com.aia.case360.web.vo.OWSCommentTemplate">

        <![CDATA[
           {CALL sp_insert_update_ows_comment_template(
           #{sRowid,mode=IN,jdbcType=DECIMAL},
           #{owsCompanyCode,mode=IN,jdbcType=VARCHAR},
           #{owsDepartmentCode,mode=IN,jdbcType=VARCHAR},
           #{owsCategoryId,mode=IN,jdbcType=DECIMAL},
           #{owsTemplateDocumentId,mode=IN,jdbcType=DECIMAL},
           #{owsTemplateName,mode=IN,jdbcType=VARCHAR},
           #{owsTemplateDesc,mode=IN,jdbcType=VARCHAR},
           #{createdBy,mode=IN,jdbcType=VARCHAR},
           #{createdTimestamp,mode=IN,jdbcType=VARCHAR},
           #{lastUpdatedBy,mode=IN,jdbcType=VARCHAR},
           #{lastUpdatedTimestamp,mode=IN,jdbcType=VARCHAR},
           #{owsTemplateSort,mode=IN,jdbcType=VARCHAR},
           #{owsTemplateMandatoryFlag,mode=IN,jdbcType=VARCHAR},
           #{owsActiveTemplateFlag,mode=IN,jdbcType=VARCHAR},
           #{deleteFlag,mode=IN,jdbcType=VARCHAR}
           )}
       	]]>

    </select>

	<update id="batchUpdateCommentTemplateOrder"  statementType="CALLABLE" >

		<![CDATA[
           {CALL sp_ows_batch_update_template_order(
           #{tmpIds,mode=IN,jdbcType=VARCHAR},
           #{tmpSorts,mode=IN,jdbcType=VARCHAR},
           #{currentUser,mode=IN,jdbcType=VARCHAR}
           )}
       	]]>
		
    </update>
    
    <update id="batchDeleteCommentTemplate"  statementType="CALLABLE" >

		<![CDATA[
           {CALL sp_ows_batch_delete_template(
           #{tmpIds,mode=IN,jdbcType=VARCHAR},
           #{currentUser,mode=IN,jdbcType=VARCHAR}
           )}
       	]]>
		
    </update>
    
    <select id="searchTemplate" parameterType="com.aia.case360.web.vo.OWSCommentTemplate" resultType="com.aia.case360.web.vo.OWSCommentTemplate">

        select 
        	t.[S_ROWID] as sRowid, 
        	t.[OWS_CATEGORY_ID] as owsCategoryId,
			c.[OWS_CATEGORY_NAME] as owsCategoryName,
			c.[OWS_CATEGORY_SORT] as owsCategorySort,
			c.[OWS_ACTIVE_CATEGORY_FLAG] as owsActiveCategoryFlag,
			c.[DELETE_FLAG] as owsCategoryDeleteFlag,
			t.[OWS_COMPANY_CODE]  as owsCompanyCode,
			t.[OWS_DEPARTMENT_CODE] as owsDepartmentCode,
			t.[OWS_TEMPLATE_NAME] as owsTemplateName,
			t.[OWS_TEMPLATE_DESC] as owsTemplateDesc,
			t.[OWS_TEMPLATE_DOCUMENT_ID] as owsTemplateDocumentId,
			t.[CREATED_BY] as createdBy,
			t.[CREATED_TIMESTAMP] as createdTimestamp,
			isnull(t.[LAST_UPDATED_BY],'') as lastUpdatedBy,
			t.[LAST_UPDATED_TIMESTAMP] as lastUpdatedTimestamp,
			t.[OWS_Template_SORT] as owsTemplateSort,
			t.[OWS_TEMPLATE_MANDATORY_FLAG] as owsTemplateMandatoryFlag,
			t.[OWS_ACTIVE_TEMPLATE_FLAG] as owsActiveTemplateFlag,
			t.[DELETE_FLAG] as deleteFlag
		from FD_OWS_COMMENT_CATEGORY c WITH(NOLOCK)
		join FD_OWS_COMMENT_TEMPLATE t WITH(NOLOCK index(OWS_COMPANY_CODE,OWS_DEPARTMENT_CODE,OWS_CATEGORY_ID)) on t.OWS_CATEGORY_ID = c.S_ROWID
        where 1=1
        <if test="sRowid!=null and sRowid != 0"> and t.S_ROWID=#{sRowid}</if>
        <if test="owsCompanyCode!=null"> and t.OWS_COMPANY_CODE=#{owsCompanyCode}</if>
        <if test="owsDepartmentCode!=null"> and t.OWS_DEPARTMENT_CODE=#{owsDepartmentCode}</if>
        <if test="owsCategoryId!=null and owsCategoryId!=0"> and t.OWS_CATEGORY_ID=#{owsCategoryId}</if>
        <if test="owsTemplateDesc!=null"> and t.OWS_TEMPLATE_DESC=#{owsTemplateDesc}</if>
        <if test="createdBy!=null"> and t.CREATED_BY=#{createdBy}</if>
        <if test="createdTimestamp!=null"> and t.CREATED_TIMESTAMP=#{createdTimestamp}</if>
        <if test="lastUpdatedBy!=null"> and t.LAST_UPDATED_BY=#{lastUpdatedBy}</if>
        <if test="lastUpdatedTimestamp!=null"> and t.LAST_UPDATED_TIMESTAMP=#{lastUpdatedTimestamp}</if>
        <if test="owsTemplateSort!=null and owsTemplateSort!=0"> and t.OWS_TEMPLATE_SORT=#{owsTemplateSort}</if>
        <if test="owsTemplateMandatoryFlag!=null"> and t.OWS_TEMPLATE_MANDATORY_FLAG=#{owsTemplateMandatoryFlag}</if>
        <if test="owsActiveTemplateFlag!=null"> and t.OWS_ACTIVE_TEMPLATE_FLAG=#{owsActiveTemplateFlag}</if>
        <choose>
        	<when test="deleteFlag!=null">
        		 and t.DELETE_FLAG=#{deleteFlag}
        	</when>
        	<otherwise>
        		 and t.DELETE_FLAG='0'
            </otherwise>
        </choose>
        and c.DELETE_FLAG = '0'
        and c.OWS_ACTIVE_CATEGORY_FLAG = '1'
        ORDER BY t.OWS_COMPANY_CODE,t.OWS_DEPARTMENT_CODE,c.OWS_CATEGORY_SORT,c.OWS_CATEGORY_NAME,t.OWS_TEMPLATE_SORT,t.OWS_TEMPLATE_NAME

    </select>
    
    <select id="searchTemplateByID" parameterType="java.lang.Long" resultType="com.aia.case360.web.vo.OWSCommentTemplate">

        select 
        	t.[S_ROWID] as sRowid, 
        	t.[OWS_CATEGORY_ID] as owsCategoryId,
			c.[OWS_CATEGORY_NAME] as owsCategoryName,
			c.[OWS_CATEGORY_SORT] as owsCategorySort,
			c.[OWS_ACTIVE_CATEGORY_FLAG] as owsActiveCategoryFlag,
			c.[DELETE_FLAG] as owsCategoryDeleteFlag,
			t.[OWS_COMPANY_CODE]  as owsCompanyCode,
			t.[OWS_DEPARTMENT_CODE] as owsDepartmentCode,
			t.[OWS_TEMPLATE_NAME] as owsTemplateName,
			t.[OWS_TEMPLATE_DESC] as owsTemplateDesc,
			t.[OWS_TEMPLATE_DOCUMENT_ID] as owsTemplateDocumentId,
			t.[CREATED_BY] as createdBy,
			t.[CREATED_TIMESTAMP] as createdTimestamp,
			isnull(t.[LAST_UPDATED_BY],'') as lastUpdatedBy,
			t.[LAST_UPDATED_TIMESTAMP] as lastUpdatedTimestamp,
			t.[OWS_Template_SORT] as owsTemplateSort,
			t.[OWS_TEMPLATE_MANDATORY_FLAG] as owsTemplateMandatoryFlag,
			t.[OWS_ACTIVE_TEMPLATE_FLAG] as owsActiveTemplateFlag,
			t.[DELETE_FLAG] as deleteFlag
		from FD_OWS_COMMENT_CATEGORY c  WITH(NOLOCK)
		join FD_OWS_COMMENT_TEMPLATE t  WITH(NOLOCK INDEX(OWS_CATEGORY_ID)) on t.OWS_CATEGORY_ID = c.S_ROWID
        where t.S_ROWID=#{sRowid}

    </select>
    
</mapper>