<?xml version="1.0" encoding="UTF-8" ?>
<!DOCTYPE mapper PUBLIC "-//mybatis.org//DTD Mapper 3.0//EN" "http://mybatis.org/dtd/mybatis-3-mapper.dtd" >
<mapper namespace="com.aia.case360.web.dao.PfhOperationDao">
	
	<select id="getForms" resultType="com.aia.case360.web.vo.FormHierarchy"  parameterType = "java.util.Map">
	
		SELECT distinct  a.FOLDER_ID as folderId,
	      a.FORM_ID as formId,
		  STUFF((SELECT ','+ CONDITION FROM FD_FORM_HIERARCHY WHERE FOLDER_ID= b.FOLDER_ID and FORM_ID = b.FORM_ID and IS_DELETED = 0 FOR XML PATH('')),1,1,'') as condition,
		  a.IS_DYNAMIC as isDynamic,
		  'FORM' as noteType,
	      a.FOLDER_ID + '|' + a.FORM_ID as uniqueInfo
		FROM FD_FORM_HIERARCHY a, (SELECT  distinct FOLDER_ID, FORM_ID from FD_FORM_HIERARCHY where IS_DELETED = 0) b
		WHERE a.FORM_ID = b.FORM_ID AND a.FOLDER_ID = b.FOLDER_ID AND a.IS_DELETED = 0
		ORDER BY a.FORM_ID
	</select>
		    
     <parameterMap type="java.util.Map" id="folderParamMap">
         <parameter property="opType" mode="IN" jdbcType="VARCHAR"/>
         <parameter property="folderId" mode="IN" jdbcType="VARCHAR"/>
         <parameter property="folderName" mode="IN" jdbcType="VARCHAR"/>
         <parameter property="folderLevel" mode="IN" jdbcType="SMALLINT"/>
         <parameter property="folderOrder" mode="IN" jdbcType="SMALLINT"/>
         <parameter property="retCode" mode="OUT" jdbcType="VARCHAR"/>
         <parameter property="retMsg" mode="OUT" jdbcType="VARCHAR"/>
     </parameterMap>
	
	 <insert id="addFolderHierarchy" statementType="CALLABLE" parameterMap="folderParamMap">	
	 	{call [dbo].[PO_PFH_FD_FOLDER_HIERARCHY](?,?,?,?,?,?,?)}
     </insert>
     
     <update id="editFolderHierarchy" statementType="CALLABLE" parameterMap="folderParamMap">
		{call [dbo].[PO_PFH_FD_FOLDER_HIERARCHY](?,?,?,?,?,?,?)}
     </update>
     
     <delete id="delFolderHierarchy" statementType="CALLABLE" parameterMap="folderParamMap">
		{call [dbo].[PO_PFH_FD_FOLDER_HIERARCHY](?,?,?,?,?,?,?)}
	 </delete>
      
  
	<!--checkIfIsDynamic-->
	<select id="checkIfIsDynamic" resultType="int" parameterType="java.util.Map">
		select ISNULL((
			SELECT TOP(1) 1 from FD_FOLDER_HIERARCHY 
		<where>
			 IS_DELETED = 0
			 AND FOLDER_NAME like '{%'
			 
			<if test="folderIdList != null and folderIdList.size>0">
				AND FOLDER_ID in
				<foreach collection="folderIdList" index="index" item="tmpId"
					open="(" separator="," close=")">
					#{tmpId}
				</foreach>
			</if>
			 
		</where>
	 
		), 0)
	</select>
	
	<!-- AddFormHierarchy -->
	<insert id="addFormHierarchy"  parameterType="java.util.Map">
		<if test="conditionList != null and conditionList.size>0">
			<foreach collection="conditionList" item="condition" index="index" separator=";">  		
			INSERT INTO [FD_FORM_HIERARCHY]
        	   ([CONDITION]
         	  ,[FOLDER_ID]
         	  ,[FORM_ID]
         	  ,[IS_DYNAMIC]
         	  ,[IS_DELETED])
    		 VALUES
          	 (
          	  #{condition} 
          	 ,#{folderId}
          	 ,#{formId}
          	 ,#{isDynamic}
          	 ,0)
          	 </foreach>
		</if>
		<if test="conditionList == null or conditionList.size==0">
			INSERT INTO [FD_FORM_HIERARCHY]
        	   ([CONDITION]
         	  ,[FOLDER_ID]
         	  ,[FORM_ID]
         	  ,[IS_DYNAMIC]
         	  ,[IS_DELETED])
    		 VALUES
          	 (
          	  NULL
          	 ,#{folderId}
          	 ,#{formId}
          	 ,#{isDynamic}
          	 ,0)
		</if>
		
	</insert>
	
	<!-- delFormHierarchy -->
	<delete id="delFormHierarchy" parameterType="java.util.Map">
		<!--delete from [dbo].[FD_FORM_HIERARCHY] 
		where 1=1-->
		
		UPDATE [dbo].[FD_FORM_HIERARCHY] 
		SET IS_DELETED = 1 
		WHERE IS_DELETED = 0
		
		<!--<if test="sRowId != null and sRowId != '' ">
			AND S_ROWID = #{sRowId}
		</if>-->
		<if test="folderId != null and folderId != '' ">
			AND FOLDER_ID = #{folderId}
		</if>
		<if test="formId != null and formId != '' ">
			AND FORM_ID = #{formId}
		</if>
		<if test="conditionList != null and conditionList.size>0">
				AND CONDITION in
				<foreach collection="conditionList" index="index" item="condition"
					open="(" separator="," close=")">
					#{condition}
				</foreach>
		</if>
		 	
	</delete>
	
	<!-- editFormHierarchy -->
	<update id="editFormHierarchy" parameterType="java.util.Map" >
		UPDATE [dbo].[FD_FORM_HIERARCHY] 	
		<set>		
			
			<if test="condition != null and condition != ''">
				CONDITION = #{condition}
			</if>
					
		</set>						
        
		<!-- WHERE 1=1 -->
		WHERE IS_DELETED = 0
		
		<!-- <if test="sRowId != null and sRowId != '' ">
			AND S_ROWID = #{sRowId}
		</if>-->
		<if test="folderId != null and folderId != '' ">
			 AND FOLDER_ID = #{folderId}
		</if>
		<if test="formId != null and formId != '' ">
			AND FORM_ID = #{formId}
		</if>
	 
	</update>
	
	<select id="getAllFolderIdList"  resultType="java.util.Map" >
		SELECT DISTINCT FOLDER_ID,FOLDER_LEVEL FROM FD_FOLDER_HIERARCHY WHERE IS_DELETED = 0 ORDER BY FOLDER_LEVEL 
	</select>
	
	<select id="getFormSRowIds"  resultType="java.util.Map"  parameterType = "java.util.Map">
		SELECT DISTINCT S_ROWID FROM FD_FORM_HIERARCHY 
		WHERE IS_DELETED = 0
		<if test="null != opType and 'D'.toString() == opType">
			<if test="folderId != null and folderId != '' ">
				 AND FOLDER_ID LIKE '${folderId}%'
			 </if>
		</if>
		<if test="opType == null or opType == ''">
			<if test="folderId != null and folderId != '' ">
				 AND FOLDER_ID = #{folderId}
			</if>
			<if test="formId != null and formId != '' ">
				AND FORM_ID = #{formId}
			</if>
		</if>
		
	</select>
	
	<select id="getFolderSRowIds"  resultType="java.util.Map" parameterType = "java.util.Map">
		SELECT DISTINCT S_ROWID FROM FD_FOLDER_HIERARCHY 
		WHERE IS_DELETED = 0
		<if test="null != opType and 'D'.toString() == opType">
			<if test="folderId != null and folderId != '' ">
				 AND FOLDER_ID LIKE '${folderId}%'
			 </if>
		</if>
		<if test="null != opType and 'D'.toString() != opType " >
			<if test="folderId != null and folderId != '' ">
			 	AND FOLDER_ID = #{folderId}
			</if>
		</if>
	</select>
	
	<select id="getFolderSRowIdOrders"  resultType="java.util.Map" parameterType = "java.util.Map">
		SELECT DISTINCT S_ROWID,FOLDER_ORDER FROM FD_FOLDER_HIERARCHY 
		WHERE IS_DELETED = 0
		<if test="null != opType and 'AA'.toString() == opType">
			<if test="folderLevel != null and folderLevel != '' ">
				 AND FOLDER_LEVEL = #{folderLevel}
			</if>
			<if test="folderOrder != null and folderOrder != '' ">
				 AND FOLDER_ORDER >= #{folderOrder}
			</if>
		</if>
		<if test="null != opType and 'AB'.toString() == opType">
			<if test="folderLevel != null and folderLevel != '' ">
				 AND FOLDER_LEVEL = #{folderLevel}
			</if>
			<if test="folderOrder != null and folderOrder != '' ">
				 AND FOLDER_ORDER >= #{folderOrder} + 1
			</if>
		</if>
	</select>
	
	<!--checkIfFolderExist-->
	<select id="checkIfFolderExist" resultType="int" parameterType="java.util.Map">
		select ISNULL((
			SELECT TOP(1) 1 from FD_FOLDER_HIERARCHY 
		<where>
			 IS_DELETED = 0
		<if test="folderId != null and folderId != '' ">
			AND FOLDER_ID = #{folderId}
		</if>			 
		</where>
	 
		), 0)
	</select>
	
	<select id="searchFolder" resultType="java.util.Map" parameterType="java.util.Map">
	
	select TOP(1) form_id  from FD_FORM_HIERARCHY 
		<where>
			 IS_DELETED = 0 
		<if test="folderId != null and folderId != '' ">
			AND FOLDER_ID  LIKE '${folderId}%'
		</if>			 
		</where>	 
		
	</select>
	

	
	<select id="getMaxFolderOrder"  resultType="java.util.Map" parameterType = "java.util.Map">
		SELECT isnull(max(folder_order)+1,0) as MaxFolderOrder FROM FD_FOLDER_HIERARCHY
		WHERE IS_DELETED = 0
		<if test="folderLevel != null and folderLevel != '' ">
			AND FOLDER_LEVEL = #{folderLevel}
		</if>
	</select>
	
</mapper>