<?xml version="1.0" encoding="UTF-8" ?>
<!DOCTYPE mapper PUBLIC "-//mybatis.org//DTD Mapper 3.0//EN" "http://mybatis.org/dtd/mybatis-3-mapper.dtd" >
<mapper namespace="com.aia.case360.web.dao.POSErrorReportDao">
	
	<select id="getDepReqType" resultType="String" parameterType="java.util.Map">

		SELECT REQ_TYPE FROM FD_REQTYPE WITH (NOLOCK) WHERE DEPARTMENT=#{DEPARTMENT} AND ISNULL(IS_DISABLE,0)=0 GROUP BY REQ_TYPE ORDER BY REQ_TYPE ASC;
	</select>

	<select id="getErrorReport" resultType="java.util.Map" parameterType="java.util.Map">

		SELECT DECISION,ERR_NOTIFY_SRC,IS_FIN_IMPACT,IS_PDPA_BREACH,ISSUES_TYPE,PENALTY_AMT,PREVENT_MEASURE,PROFIT_AMT,RECTIFY_STATUS,ROOT_CAUSE,SERV_VOU_ISSUED,REQ_TYPE,LINKCASEID,UAM_USER_ID,USERNAME FROM FD_POS_ERROR_RPT WHERE LINKCASEID=#{LINKCASEID};
	</select>
	
	
	<select id="getErrorReportDropdownList" resultType="java.util.Map" parameterType="java.util.Map">

		SELECT CONFIG_VALUE,DISPLAY_NAME,DISPLAY_FORMAT,REFERENCE_KEY1,REFERENCE_KEY2,VALUE_LIST FROM FD_SYS_CONFIG WHERE CONFIG_NAME='POS_ERROR_REPORT'
	</select>
	
	
	<insert id="insertErrorReport" parameterType="java.util.Map">
		
			INSERT INTO FD_POS_ERROR_RPT(
				REQ_TYPE,
				CREATED_BY,
				CREATED_TIMESTAMP,
				DECISION,
				ERR_NOTIFY_SRC,
				IS_FIN_IMPACT,
				IS_PDPA_BREACH,
				ISSUES_TYPE,
				PENALTY_AMT,
				PREVENT_MEASURE,
				PROFIT_AMT,
				RECTIFY_STATUS,
				ROOT_CAUSE,
				SERV_VOU_ISSUED,
				LINKCASEID,
				UAM_USER_ID,
				USERNAME)
			values(
				#{REQ_TYPE},
				#{USER_ID},
				GETDATE(),
				#{DECISION},
				#{ERR_NOTIFY_SRC},
			<choose>
			<when  test="IS_FIN_IMPACT!=null and IS_FIN_IMPACT!=''">
				convert(int,#{IS_FIN_IMPACT}),
			</when >
			<otherwise>
				null,
			</otherwise>
			</choose>
			<choose>
			<when  test="IS_PDPA_BREACH!=null and IS_PDPA_BREACH!=''">
				convert(int,#{IS_PDPA_BREACH}),
			</when >
			<otherwise>
				null,
			</otherwise>
			</choose>		
				
				#{ISSUES_TYPE},
			<choose>
			<when  test="PENALTY_AMT!=null and PENALTY_AMT!=''">
				CONVERT (decimal(18,2),#{PENALTY_AMT}),
			</when >
			<otherwise>
				null,
			</otherwise>
			</choose>	
				#{PREVENT_MEASURE},
			<choose>
			<when  test="PROFIT_AMT!=null and PROFIT_AMT!=''">
				CONVERT (decimal(18,2),#{PROFIT_AMT}),
			</when >
			<otherwise>
				null,
			</otherwise>
			</choose>	
				
				#{RECTIFY_STATUS},
				#{ROOT_CAUSE},
			<choose>
			<when  test="SERV_VOU_ISSUED!=null and SERV_VOU_ISSUED!=''">
				CONVERT (decimal(18,2),#{SERV_VOU_ISSUED}),
			</when >
			<otherwise>
				null,
			</otherwise>
			</choose>		
				
			CONVERT (decimal(18,0),#{LINKCASEID}),
			#{UAM_USER_ID},
			#{USERNAME})
	</insert>

	<update id="updateErrorReport" parameterType="java.util.Map">
		UPDATE FD_POS_ERROR_RPT SET 
		
		 <if test='UPDATEFLAG== "1"'>
 			 ERR_NOTIFY_SRC=#{ERR_NOTIFY_SRC},REQ_TYPE=#{REQ_TYPE},ISSUES_TYPE=#{ISSUES_TYPE} ,
 			 <choose>
			<when  test="IS_PDPA_BREACH!=null and IS_PDPA_BREACH!=''">
				IS_PDPA_BREACH=convert(int,#{IS_PDPA_BREACH}),
			</when >
			<otherwise>
				IS_PDPA_BREACH=null,
			</otherwise>
			</choose>	
 			 
 			 RECTIFY_STATUS=#{RECTIFY_STATUS} ,
 			 
 			 <choose>
			<when  test="IS_FIN_IMPACT!=null and IS_FIN_IMPACT!=''">
				IS_FIN_IMPACT=convert(int,#{IS_FIN_IMPACT}),
			</when >
			<otherwise>
				IS_FIN_IMPACT=null,
			</otherwise>
			</choose>
 			 
 			 <choose>
			<when  test="PENALTY_AMT!=null and PENALTY_AMT!=''">
				PENALTY_AMT=CONVERT (decimal(18,2),#{PENALTY_AMT}),
			</when >
			<otherwise>
				PENALTY_AMT=null,
			</otherwise>
			</choose>
			
			<choose>
			<when  test="PROFIT_AMT!=null and PROFIT_AMT!=''">
				 PROFIT_AMT=CONVERT (decimal(18,2),#{PROFIT_AMT}),
			</when >
			<otherwise>
				 PROFIT_AMT=null,
			</otherwise>
			</choose>
			
			<choose>
			<when  test="SERV_VOU_ISSUED!=null and SERV_VOU_ISSUED!=''">
				SERV_VOU_ISSUED=CONVERT (decimal(18,2),#{SERV_VOU_ISSUED}),
			</when >
			<otherwise>
				SERV_VOU_ISSUED=null,
			</otherwise>
			</choose>		
 		</if>
 		 <if test='UPDATEFLAG== "2"'>
 			 DECISION=#{DECISION},ROOT_CAUSE=#{ROOT_CAUSE},PREVENT_MEASURE=#{PREVENT_MEASURE},
 		</if>
 		
 		LAST_UPDATED_BY=#{USER_ID},LAST_UPDATED_TIMESTAMP=GETDATE() ,
 		UAM_USER_ID=#{UAM_USER_ID} ,USERNAME=#{USERNAME}
 		WHERE LINKCASEID=#{LINKCASEID}
 		
	</update>

</mapper>