<?xml version="1.0" encoding="UTF-8" ?>
<!DOCTYPE mapper PUBLIC "-//mybatis.org//DTD Mapper 3.0//EN" "http://mybatis.org/dtd/mybatis-3-mapper.dtd" >
<mapper namespace="com.aia.case360.web.dao.PrePrintContractDao">

 	<resultMap id="BaseResultMap" type="com.aia.case360.web.vo.PpcDefinition" >
    <result column="ACL" property="acl" />
	<result column="S_ROWID" property="sRowId" />
	<result column="CREATED_TIMESTAMP" property="createTime" />
	<result column="LAST_UPDATED_TIMESTAMP" property="lastUpdTime" />
	<result column="OBJECT_ID" property="objectId" />
	<result column="FORM_ID" property="formId" />
	<result column="TIME_FROM" property="timeFrom" />
	<result column="TIME_TO" property="timeTo" />
	<result column="IS_DELETED" property="isDeleted" />
  	</resultMap>

	<!-- listTemplates -->
	<select id="getAllTemplates" resultMap="BaseResultMap">
		SELECT ACL,S_ROWID,CREATED_TIMESTAMP,LAST_UPDATED_TIMESTAMP,OBJECT_ID,FORM_ID,TIME_FROM,TIME_TO,IS_DELETED
		 FROM [dbo].[FD_PPC_DEFINITION] WHERE IS_DELETED= 0 ORDER BY CREATED_TIMESTAMP		
	</select>
	
	<!-- newTemplate -->
	<insert id="newTemplate"  parameterType="java.util.Map">
		INSERT INTO [FD_PPC_DEFINITION]
           ([CREATED_TIMESTAMP]
           ,[LAST_UPDATED_TIMESTAMP]
           ,[OBJECT_ID]
           ,[FORM_ID]
           ,[TIME_FROM]
           ,[TIME_TO]
           ,[IS_DELETED])
    	 VALUES
           (getdate()
           ,getdate()
           ,#{objectId}
           ,#{formId}
           ,#{timeFrom}
           ,#{timeTo}
           ,0)
	</insert>
	
	<!-- editTemplate -->
	<update id="editTemplate" parameterType="java.util.Map" >
		UPDATE FD_PPC_DEFINITION 	
		<set>		
			LAST_UPDATED_TIMESTAMP = getdate()
			<if test="formId != null and formId != ''">
				,FORM_ID = #{formId}
			</if>
			<if test="objectId != null and objectId != ''">
				,OBJECT_ID = #{objectId}
			</if>
			<if test="timeFrom != null and timeFrom != ''">
				,TIME_FROM = #{timeFrom}
			</if>
			<if test="timeTo != null and timeTo != ''">
				,TIME_TO = #{timeTo}
			</if>
			<if test="createTime != null and createTime != ''">
				,CREATED_TIMESTAMP = #{createTime}
			</if>			
		</set>						
        
		WHERE IS_DELETED = 0
		
		<if test="sRowId != null and sRowId != '' ">
			AND S_ROWID = #{sRowId}
		</if>
		<!--<if test="contractCode != null and contractCode != '' ">
			AND CONTRACT_NO = #{contractCode}
		</if>
		<if test="formId != null and formId != '' ">
			AND FORM_ID = #{formId}
		</if>
		<if test="objectId != null and objectId != '' ">
			AND OBJECT_ID = #{objectId}
		</if>
		<if test="timeFrom != null and timeFrom != '' ">
			AND TIME_FROM = #{timeFrom}
		</if>
		<if test="timeTo != null and timeTo != '' ">
			AND TIME_TO = #{timeTo}
		</if>-->
	 
	</update>
	
	<!-- delTemplate -->
	<update id="delTemplate" parameterType="java.util.Map">
		UPDATE FD_PPC_DEFINITION 
		SET IS_DELETED = 1 
		WHERE IS_DELETED = 0
		
		<if test="sRowId != null and sRowId != '' ">
			AND S_ROWID = #{sRowId}
		</if>
		<!--<if test="contractCode != null and contractCode != '' ">
			AND CONTRACT_NO = #{contractCode}
		</if>
		<if test="formId != null and formId != '' ">
			AND FORM_ID = #{formId}
		</if>
		<if test="objectId != null and objectId != '' ">
			AND OBJECT_ID = #{objectId}
		</if>
		<if test="timeFrom != null and timeFrom != '' ">
			AND TIME_FROM = #{timeFrom}
		</if>
		<if test="timeTo != null and timeTo != '' ">
			AND TIME_TO = #{timeTo}
		</if>-->
		 	
	</update>
		
	<!-- updateFsDocuments -->
	<update id="updateFsDocuments" parameterType="java.util.Map" >
		UPDATE FS_DOCUMENTS SET
		OBJECT_ID = #{objectId},
		IS_VOID = #{isVoid},
		IS_SYS_VOID = #{isSysVoid},
		PAGE_INDICATOR = #{pageIndicator},
		FILE_EXTENSION = #{fileExtension},
		IS_DELETED = #{isDeleted},
		IS_MIGRATED = #{isMigrated},
		IS_MOVED = #{isMoved},
		LAST_UPDATED_BY = 'SONORA',
		LAST_UPDATED_TIMESTAMP = GETDATE(),
		SUBMIT_CHANNEL='Manually upload PPC',
		CREATE_DATE = GETDATE()
		WHERE DOCUMENTID = #{docId}	
		 
	</update>
		

</mapper>