<?xml version="1.0" encoding="UTF-8" ?>
<!DOCTYPE mapper PUBLIC "-//mybatis.org//DTD Mapper 3.0//EN" "http://mybatis.org/dtd/mybatis-3-mapper.dtd" >
<mapper namespace="com.aia.case360.web.dao.ReportDao" >

 <select id="queryReportSummary" resultType="com.aia.case360.web.pojo.ReportSummaryInfo" parameterType="com.aia.case360.web.pojo.ReportSummaryInfo">
 
	SELECT SUMM.[S_ROWID] sRowid
	,SUMM.[COUNT_ALL] countAll
	,SUMM.[CREATED_TIMESTAMP] createdTimeStamp
	,SUMM.[CREATED_USER] createdUser
	,SUMM.[FILE_NM] fileNm
	,SUMM.[FILE_UPDATE_TIMESTAMP] fileUpdateTimeStamp
	,SUMM.[LAST_UPDATED_TIMESTAMP] lastUpdateTimeStamp
	,SUMM.[LAST_UPDATED_USER] lastUpdateUser
	,SUMM.[REMARKS] remarks
	,SUMM.[EMAIL_SEND] emailSend
	,SUMM.[EMAIL_TIMESTAMP] emailTimeStamp
	,SUMM.[STATUS] STATUS
	,SUMM.[INTERFACE_REPORT_ID] interfaceReportId
	,(
		CASE 
			WHEN SUM((
						CASE 
							WHEN DETA.STATUS = 0
								OR SUMM.STATUS IS NULL
								THEN 1
							ELSE 0
							END
						)) = 0
				THEN 'Y'
			ELSE 'N'
			END
		) isCompleted
FROM [FD_BATCH_CREATION_SUMMARY] SUMM
LEFT JOIN [FD_BATCH_CREATION_DETAIL] DETA ON DETA.PARENT_FD_ID = SUMM.[S_ROWID]
WHERE 1=1
AND DELETE_FLAG != 1
GROUP BY SUMM.[S_ROWID]
	,SUMM.[COUNT_ALL]
	,SUMM.[CREATED_TIMESTAMP]
	,SUMM.[CREATED_USER]
	,SUMM.[DELETE_FLAG]
	,SUMM.[FILE_NM]
	,SUMM.[FILE_UPDATE_TIMESTAMP]
	,SUMM.[LAST_UPDATED_TIMESTAMP]
	,SUMM.[LAST_UPDATED_USER]
	,SUMM.[REMARKS]
	,SUMM.[EMAIL_SEND]
	,SUMM.[EMAIL_TIMESTAMP]
	,SUMM.[STATUS]
	,SUMM.[INTERFACE_REPORT_ID]
  
 </select>
 
 <select id="queryReportDetail" resultType="com.aia.case360.web.pojo.ReportDetail" parameterType="com.aia.case360.web.pojo.ReportDetail">
 
   SELECT [S_ROWID] sRowid
      ,[CREATED_TIMESTAMP] createdTimeStamp 
      ,[LAST_UPDATED_TIMESTAMP] lastUpdateTimeStamp
      ,[PARENT_FD_ID] parentFdId
      ,[POLICY_NO] policyNo
      ,(CASE WHEN [STATUS]= 1 THEN 'completed' ELSE 'uncompleted' END) status
      ,[COMMENTS] comments
      ,[CONTRACT_NO] contractNo
      ,[CREATION_CASE_ID] creationCaseId
      ,[LINE_INDEX] lineIndex
      ,[METADATA] metaData
  FROM [SONORA_UT].[dbo].[FD_BATCH_CREATION_DETAIL]
  WHERE 1=1
  <if test="parentFdId!=null">AND [PARENT_FD_ID] = #{parentFdId}</if>
 
 </select>
 
 <insert id="insertReport"  parameterType="com.aia.case360.web.pojo.FdRptRequestVO">
      INSERT INTO [FD_RPT_REQUEST]
		<trim prefix="(" suffix=")" suffixOverrides="," >	      
			<if test="createdBy != null" >CREATED_BY,</if>
			<if test="createdTimestamp != null" >CREATED_TIMESTAMP,</if>			
			<if test="reportName != null" >REPORT_NAME,</if>			
			<if test="reportParam != null" >REPORT_PARAM,</if>	
			<if test="reportSpName != null" >REPORT_SP_NAME,</if>
			<if test="reportStatus != null" >REPORT_STATUS</if>
	    </trim>
	    <trim prefix="values (" suffix=")" suffixOverrides="," >	      	
			<if test="createdBy != null">#{createdBy},</if>
			<if test="createdTimestamp != null">#{createdTimestamp},</if>		
			<if test="reportName != null">#{reportName},</if>			
			<if test="reportParam != null">#{reportParam},</if>
			<if test="reportSpName != null" >#{reportSpName},</if>	
			<if test="reportStatus != null" >#{reportStatus}</if>					
    	</trim>	
 
 </insert>
 
 <select id="selectRptBySrowid" resultType="String"  parameterType="Integer"  >
 
 select REPORT_PARAM from  FD_RPT_REQUEST WITH(NOLOCK) where S_ROWID=#{sRowid}
 
 </select>
 
 <select id="selectParam" resultType="string"  parameterType="java.util.Map">
     select REPORT_PARAM from FD_RPT_REQUEST WITH(NOLOCK) where CREATED_TIMESTAMP >=#{createdTimestamp} and CREATED_BY=#{createdBy}
 </select>

 
 <update id="updateRptStatus" > 
    
    UPDATE FD_RPT_REQUEST  set REPORT_STATUS=#{reportStatus},  LAST_UPDATED_TIMESTAMP = GETDATE()  WHERE S_ROWID=#{sRowid}
     
 </update>
 
 <select id="getStaffPrdReportData" resultType="java.util.Map">
 		exec sp_getStaffPrdReport #{teamId},#{startDT},#{endDT},#{mYear},#{userId}
</select>
 <select id="getPersonalDashboardReport" resultType="java.util.Map">
 		exec sp_get_personal_dashboard #{userId}
</select>
 
  <select id="executeSp" resultType="java.util.Map">
 		${spsql}
</select>
</mapper>