<?xml version="1.0" encoding="UTF-8" ?>
<!DOCTYPE mapper PUBLIC "-//mybatis.org//DTD Mapper 3.0//EN" "http://mybatis.org/dtd/mybatis-3-mapper.dtd" >
<mapper namespace="com.aia.case360.web.dao.ReqLookUpDao">

	
	<select id="getLookUpByCategAndGroup" resultType="com.aia.case360.web.pojo.ReqLookUp" parameterType="java.util.Map">
		  Select S_ROWID sRowid,CATEGORY category,CREATED_BY createdBy,CREATED_TIMESTAMP createdTimestamp,IS_ACTIVE isActive,
			LAST_UPDATED_BY lastUpdatedBy,LAST_UPDATED_TIMESTAMP lastUpdatedTimestamp,
			LOOK_UP_CODE lookUpCode,LOOK_UP_GROUP lookUpGroup,LOOK_UP_VALUE lookUpValue,REMARK remark
			FROM FD_REQ_LOOK_UP where 1=1
			<if test="lookUpGroup">
				and LOOK_UP_GROUP =#{lookUpGroup} 
			</if>
			<if test="category">
				and CATEGORY=#{category}
			</if>
	</select>
	<select id="getLookUpCodesByCategAndGroup" resultType="java.lang.String" parameterType="java.util.Map">
		  Select LOOK_UP_CODE
			FROM FD_REQ_LOOK_UP where 1=1
			<if test="lookUpGroup">
				and LOOK_UP_GROUP =#{lookUpGroup} 
			</if>
			<if test="category">
				and CATEGORY=#{category}
			</if>
	</select>
	
</mapper>