<?xml version="1.0" encoding="UTF-8" ?>
<!DOCTYPE mapper PUBLIC "-//mybatis.org//DTD Mapper 3.0//EN" "http://mybatis.org/dtd/mybatis-3-mapper.dtd" >
<mapper namespace="com.aia.case360.web.dao.ReqtypeDao">
	
	<resultMap id="ReqtypeMap" type="com.aia.case360.web.pojo.FdReqType" >
	    <result column="ACL" property="acl" jdbcType="NVARCHAR" />
		<result column="S_ROWID" property="sRowid" jdbcType="DECIMAL" />
		<result column="REQ_TYPE" property="reqType" jdbcType="NVARCHAR" />
		<result column="SLA_DAYS" property="slaDays" jdbcType="INTEGER" />
		<result column="DEPARTMENT" property="department" jdbcType="NVARCHAR" />
		<result column="EFFECTIVE_DATE" property="effectiveDate" jdbcType="NVARCHAR" />
		<result column="IS_DISABLE" property="isDisable" jdbcType="SMALLINT" />
		
		<result column="IS_URGENT" property="isUrgent" jdbcType="SMALLINT" />
		<result column="REQTYPE_STATUS" property="reqtypeStatus" jdbcType="NVARCHAR" />
		<result column="CREATED_BY" property="createdBy" jdbcType="NVARCHAR" />
		<result column="CREATED_TIMESTAMP" property="createdTimestamp" jdbcType="TIMESTAMP" />
		<result column="LAST_UPDATED_BY" property="lastUpdatedBy" jdbcType="NVARCHAR" />
		<result column="LAST_UPDATED_TIMESTAMP" property="lastUpdatedTimestamp" jdbcType="TIMESTAMP" />
	
		<result column="DISPLAY_NAME" property="displayName" jdbcType="NVARCHAR" />
		<result column="PROCESS_NM" property="processNm" jdbcType="NVARCHAR" />
		<result column="VERSION_NUM" property="versionNum" jdbcType="INTEGER" />
		<result column="REQ_TYPE_GRP" property="reqTypeGrp" jdbcType="NVARCHAR" />
		<result column="REQ_TYPE_DESC" property="reqTypeDesc" jdbcType="NVARCHAR" />
		
		<result column="CATEGORY" property="category" jdbcType="NVARCHAR" />
		<result column="REJECTGETJOB" property="rejectgetjob" jdbcType="NVARCHAR" />
		<result column="CUTOFFTIME" property="cutOffTime" jdbcType="NVARCHAR" />
		<result column="TRAFFIC_LIGHT_VALUE1" property="trafficLightValue1" jdbcType="INTEGER" />
		<result column="TRAFFIC_LIGHT_VALUE2" property="trafficLightValue2" jdbcType="INTEGER" />
		<result column="BUDDY_CHECK" property="buddyCheck" jdbcType="SMALLINT" />
		<result column="BUDDY_REQ_TYPE" property="buddyReqType" jdbcType="NVARCHAR" />
		<result column="SUB_REQTYPE_LIST" property="subReqtypeList" jdbcType="NVARCHAR" />
		<result column="BENCHMARK" property="benchmark" jdbcType="NVARCHAR" />
		<result column="QA_TYPE" property="qaType" jdbcType="NVARCHAR" />
		<result column="TARGET" property="target" jdbcType="NVARCHAR" />
		<result column="REQUEST_TYPE_CD" property="reqTypeCode" jdbcType="NVARCHAR" />
		
		<result column="VALUE_TYPE" property="valueType" jdbcType="NVARCHAR" />
		<result column="RISKTYPE" property="riskType" jdbcType="NVARCHAR" />
		<result column="SARGROUP" property="sarGroup" jdbcType="NVARCHAR" />
		<result column="PREMIUM_TYPE" property="premiumType" jdbcType="DECIMAL" />
		<result column="SUB_TEMPLATE" property="subTemplate" jdbcType="NVARCHAR" />
		
	</resultMap>
	
	<resultMap id="ActInfoMap" type="com.aia.case360.web.pojo.ActInfo" >
	    <result column="ACL" property="acl" jdbcType="NVARCHAR" />
		<result column="S_ROWID" property="sRowid" jdbcType="DECIMAL" />
		<result column="ACT_NM" property="actNm" jdbcType="NVARCHAR" />
		<result column="BATCH_SUBMISSION" property="batchSubmission" jdbcType="INTEGER" />
		<result column="CREATED_BY" property="createdBy" jdbcType="NVARCHAR" />
		<result column="CREATED_TIMESTAMP" property="createdTimestamp" jdbcType="TIMESTAMP" />
		<result column="IS_ENABLED" property="isEnabled" jdbcType="SMALLINT" />
		
		<result column="LAST_UPDATED_BY" property="lastUpdatedBy" jdbcType="NVARCHAR" />
		<result column="LAST_UPDATED_TIMESTAMP" property="lastUpdatedTimestamp" jdbcType="TIMESTAMP" />
		<result column="SEQUENCE_NUM" property="sequenceNum" jdbcType="INTEGER" />
		<result column="WORKSTEPNAME" property="workstepname" jdbcType="NVARCHAR" />
		<result column="SLA_HOUR" property="slaHour" jdbcType="DECIMAL" />
		<result column="REQ_TYPE" property="reqType" jdbcType="NVARCHAR" />
	
		<result column="VERSION_NUM" property="versionNum" jdbcType="INTEGER" />
		<result column="IS_TRAINER_REVIEW" property="isTrainerReview" jdbcType="SMALLINT" />
		<result column="ACTION_SIGNAL_VALUE" property="actionSignalValue" jdbcType="NVARCHAR" />
		<result column="PROCESSOR_TYPE" property="processorType" jdbcType="INTEGER" />
		<result column="ACTION_SIGNAL_TYPE" property="actionSignalType" jdbcType="INTEGER" />
		
		<result column="PROCESSOR_ACT" property="processorAct" jdbcType="NVARCHAR" />
		<result column="PROCESSOR_REQTYPE" property="processorReqtype" jdbcType="NVARCHAR" />
		<result column="EFFECTIVE_DATE" property="effectiveDate" jdbcType="NVARCHAR" />
	</resultMap>
	
	<resultMap id="MandatoryDocMap" type="com.aia.case360.web.pojo.MandatoryDoc" >
	    <result column="ACL" property="acl" jdbcType="NVARCHAR" />
		<result column="S_ROWID" property="sRowid" jdbcType="DECIMAL" />
		<result column="CREATED_BY" property="createdBy" jdbcType="NVARCHAR" />
		<result column="CREATED_TIMESTAMP" property="createdTimestamp" jdbcType="TIMESTAMP" />
		<result column="LAST_UPDATED_BY" property="lastUpdatedBy" jdbcType="NVARCHAR" />
		<result column="LAST_UPDATED_TIMESTAMP" property="lastUpdatedTimestamp" jdbcType="TIMESTAMP" />
		<result column="SEQUENCE_NUM" property="sequenceNum" jdbcType="INTEGER" />
		<result column="FORM_ID" property="formId" jdbcType="NVARCHAR" />
		<result column="REQ_TYPE" property="reqType" jdbcType="NVARCHAR" />
		<result column="VERSION_NUM" property="versionNum" jdbcType="INTEGER" />
		<result column="DOCUMENT_TYPE" property="documentType" jdbcType="NVARCHAR" />
		<result column="FORM_CATEGORY" property="formCategory" jdbcType="NVARCHAR" />
		<result column="EFFECTIVE_DATE" property="effectiveDate" jdbcType="NVARCHAR" />
	</resultMap>
	
	<resultMap id="CheckItemDocMap" type="com.aia.case360.web.pojo.ReqTypeCheckItem" >
	    <result column="ACL" property="acl" jdbcType="NVARCHAR" />
		<result column="S_ROWID" property="sRowid" jdbcType="DECIMAL" />
		<result column="CREATED_BY" property="createdBy" jdbcType="NVARCHAR" />
		<result column="CREATED_TIMESTAMP" property="createdTimestamp" jdbcType="TIMESTAMP" />
		<result column="LAST_UPDATED_BY" property="lastUpdatedBy" jdbcType="NVARCHAR" />
		<result column="LAST_UPDATED_TIMESTAMP" property="lastUpdatedTimestamp" jdbcType="TIMESTAMP" />
		<result column="SEQUENCE_NUM" property="sequenceNum" jdbcType="INTEGER" />
		<result column="CHECK_ITEM_NM" property="checkItemNm" jdbcType="NVARCHAR" />
		<result column="WORKSTEPNAME" property="workstepname" jdbcType="NVARCHAR" />
		<result column="HELP_TEXT" property="helpText" jdbcType="NVARCHAR" />
		<result column="IS_MANDATORY" property="isMandatory" jdbcType="SMALLINT" />
		<result column="REQ_TYPE" property="reqType" jdbcType="NVARCHAR" />
		<result column="VERSION_NUM" property="versionNum" jdbcType="INTEGER" />
		<result column="EFFECTIVE_DATE" property="effectiveDate" jdbcType="NVARCHAR" />
	</resultMap>
	
	<resultMap id="ReqtypeAuditTrailMap" type="com.aia.case360.web.pojo.FdReqTypeAuditTrail" >
	    <result column="ACL" property="acl" jdbcType="NVARCHAR" />
		<result column="S_ROWID" property="sRowid" jdbcType="DECIMAL" />
		<result column="CREATED_BY" property="created_by" jdbcType="NVARCHAR" />
		<result column="CREATED_TIMESTAMP" property="created_timestamp" jdbcType="TIMESTAMP" />
		<result column="ACTION_DESC" property="action_desc" jdbcType="LONGVARCHAR" />
		<result column="CATEGORY" property="category" jdbcType="NVARCHAR" />
		<result column="REQ_TYPE" property="req_type" jdbcType="NVARCHAR" />
		<result column="VERSION_NUM" property="version_number" jdbcType="INTEGER" />
	</resultMap>
	
		<resultMap id="ReqtypeCategoryAuditTrailMap" type="com.aia.case360.web.pojo.FdReqTypeCategoryAuditTrail" >
	    <result column="ACL" property="acl" jdbcType="NVARCHAR" />
		<result column="S_ROWID" property="sRowid" jdbcType="DECIMAL" />
		<result column="CREATED_BY" property="created_by" jdbcType="NVARCHAR" />
		<result column="CREATED_TIMESTAMP" property="created_timestamp" jdbcType="TIMESTAMP" />
		<result column="ACTION_DESC" property="action_desc" jdbcType="LONGVARCHAR" />
		<result column="CATEGORY" property="category" jdbcType="NVARCHAR" />
		<result column="REQUEST_TYPE_CATEGORY" property="req_type_category" jdbcType="NVARCHAR" />
	</resultMap>
	
	<sql id="ReqtypeList_Column_List">
		REQ_TYPE,DISPLAY_NAME,DEPARTMENT,CATEGORY,SLA_DAYS,IS_URGENT,IS_DISABLE,VERSION_NUM,REQTYPE_STATUS,EFFECTIVE_DATE
	</sql>
	
	<sql id="Reqtype_Column_List">
		ACL,S_ROWID,REQ_TYPE,SLA_DAYS,DEPARTMENT,EFFECTIVE_DATE,IS_DISABLE,IS_URGENT,REQTYPE_STATUS,CREATED_BY,CREATED_TIMESTAMP,LAST_UPDATED_BY,
		LAST_UPDATED_TIMESTAMP,DISPLAY_NAME,PROCESS_NM,VERSION_NUM,REQ_TYPE_GRP,REQ_TYPE_DESC,CATEGORY,REJECTGETJOB,CUTOFFTIME,TRAFFIC_LIGHT_VALUE1,
		TRAFFIC_LIGHT_VALUE2,BUDDY_CHECK,BUDDY_REQ_TYPE,SUB_REQTYPE_LIST,TARGET,BENCHMARK,QA_TYPE,REQUEST_TYPE_CD,
		VALUE_TYPE,RISKTYPE,SARGROUP,PREMIUM_TYPE,SUB_TEMPLATE
	</sql>
	
	<sql id="ActInfo_Column_List">
		ACL,S_ROWID,ACT_NM,BATCH_SUBMISSION,CREATED_BY,CREATED_TIMESTAMP,IS_ENABLED,LAST_UPDATED_BY,LAST_UPDATED_TIMESTAMP,SEQUENCE_NUM,WORKSTEPNAME,
		SLA_HOUR,REQ_TYPE,VERSION_NUM,IS_TRAINER_REVIEW,ACTION_SIGNAL_VALUE,PROCESSOR_TYPE,ACTION_SIGNAL_TYPE,PROCESSOR_ACT,PROCESSOR_REQTYPE
	</sql>
	
	<sql id="MandatoryDoc_Column_List">
		ACL,S_ROWID,CREATED_BY,CREATED_TIMESTAMP,LAST_UPDATED_BY,LAST_UPDATED_TIMESTAMP,SEQUENCE_NUM,FORM_ID,REQ_TYPE,VERSION_NUM
	</sql>
	
	<sql id="Checklist_Column_List">
		ACL,S_ROWID,WORKSTEPNAME,CREATED_BY,CREATED_TIMESTAMP,LAST_UPDATED_BY,LAST_UPDATED_TIMESTAMP,SEQUENCE_NUM,CHECK_ITEM_NM,HELP_TEXT,IS_MANDATORY,REQ_TYPE,VERSION_NUM
	</sql>
	
	<select id="queryActiveReqtype" resultType="java.util.Map" parameterType="String">
		SELECT REQ_TYPE_GRP,CATEGORY FROM FD_REQTYPE WHERE REQ_TYPE = #{Reqtype}
	</select>
	
	<select id="queryAllActiveReqtype" resultType="java.util.Map">
		SELECT REQ_TYPE FROM FD_REQTYPE WITH(NOLOCK) WHERE 1=1 and REQ_TYPE is not null
	</select>
	
	<select id="queryAllActivityByReqtype" resultType="java.util.Map" parameterType="String">
		SELECT ACT_NM,WORKSTEPNAME FROM FD_ACT_INFO act WITH(NOLOCK) 
		JOIN FD_REQTYPE req WITH(NOLOCK) ON act.REQ_TYPE = req.REQ_TYPE 
		WHERE req.REQ_TYPE = #{reqType} AND act.IS_ENABLED = '1'
		ORDER BY act.WORKSTEPNAME
	</select>
	
	<select id="queryPreActivityByThisReqtype" resultType="java.util.Map">
		<![CDATA[ 
		SELECT ACT_NM,WORKSTEPNAME FROM FD_ACT_INFO act WITH(NOLOCK) 
		LEFT JOIN FD_REQTYPE req WITH(NOLOCK) ON act.REQ_TYPE = req.REQ_TYPE AND act.VERSION_NUM = req.VERSION_NUM
		WHERE req.REQTYPE_STATUS='ACTIVE' AND req.REQ_TYPE = #{reqType} AND act.IS_ENABLED = '1'
		AND act.WORKSTEPNAME < #{workstepname} ORDER BY act.WORKSTEPNAME
		]]>
	</select>
	
	<select id="queryPreActivitySlaveByThisReqtype" resultType="java.util.Map">
		<![CDATA[ 
		SELECT ACT_NM,WORKSTEPNAME FROM FD_ACT_INFO_VERSION act WITH(NOLOCK) 
		LEFT JOIN FD_REQTYPE_VERSION req WITH(NOLOCK) ON act.REQ_TYPE = req.REQ_TYPE AND act.VERSION_NUM = req.VERSION_NUM
		WHERE req.REQTYPE_STATUS='ACTIVE' AND req.REQ_TYPE = #{reqType} AND act.IS_ENABLED = '1'
		AND act.WORKSTEPNAME < #{workstepname} ORDER BY act.WORKSTEPNAME
		]]>
	</select>
	<select id="queryActiveReqtypeList" parameterType="com.aia.case360.web.pojo.FdReqType" resultMap="ReqtypeMap">
		
		SELECT <include refid="ReqtypeList_Column_List" /> FROM FD_REQTYPE WHERE 1=1
		<if test="reqType!=null and reqType!=''">
			<bind name="reqTypePattern" value="'%' + reqType + '%'" />
       		and REQ_TYPE like #{reqTypePattern}
       	</if>
       	<if test="department!=null and department!=''">
       		and DEPARTMENT=#{department}
       	</if>
    	<if test="category!=null and category!=''">
       		and CATEGORY=#{category}
       	</if>
     	<if test="isDisable!=null and isDisable!=2">
       		and IS_DISABLE=#{isDisable}
       	</if>
	</select>
	
	<select id="queryActiveReqtypeListFromSlave" parameterType="com.aia.case360.web.pojo.FdReqType" resultMap="ReqtypeMap">
		SELECT <include refid="ReqtypeList_Column_List" /> FROM FD_REQTYPE_VERSION 
		WHERE ISNULL(IS_DELETED, 0) = 0 
			AND EFFECTIVE_DATE > GETDATE() 
			AND NOT EXISTS(SELECT 1 
							FROM FD_REQTYPE MASTER 
							WHERE MASTER.REQ_TYPE = FD_REQTYPE_VERSION.REQ_TYPE)
		<if test="reqType!=null and reqType!=''">
		   <bind name="reqTypePattern" value="'%' + reqType + '%'" />
       		and REQ_TYPE like #{reqTypePattern}
       	</if>
       	<if test="department!=null and department!=''">
       		and DEPARTMENT=#{department}
       	</if>
    	<if test="category!=null and category!=''">
       		and CATEGORY=#{category}
       	</if>
     	<if test="isDisable!=null and isDisable!=2">
       		and IS_DISABLE=#{isDisable}
       	</if>
	</select>

	<select id="queryActiveReqtypeCount" parameterType="com.aia.case360.web.pojo.FdReqType" resultType="int">
		SELECT count(1) FROM FD_REQTYPE WHERE 1=1
		<if test="reqType!=null and reqType!=''">
       		and REQ_TYPE=#{reqType}
       	</if>
       	<if test="department!=null and department!=''">
       		and DEPARTMENT=#{department}
       	</if>
    	<if test="category!=null and category!=''">
       		and CATEGORY=#{category}
       	</if>
     	<if test="isDisable!=null">
       		and IS_DISABLE=#{isDisable}
       	</if>
	</select>
	
	<select id="querySubReqtypeList" resultMap="ReqtypeMap">
		SELECT SUB_REQTYPE_LIST FROM FD_REQTYPE WHERE 1=1
		<if test="reqType!=null and reqType!=''">
       		and REQ_TYPE=#{reqType}
       	</if>
	</select>
	
	<insert id="addReqType" parameterType="com.aia.case360.web.pojo.FdReqType">	
		INSERT INTO FD_REQTYPE 
		<trim prefix="(" suffix=")" suffixOverrides="," >
	      	<if test="acl != null" >acl,</if>
			<if test="reqType != null" >REQ_TYPE,</if>
			<if test="slaDays != null" >SLA_DAYS,</if>
			<if test="department != null" >DEPARTMENT,</if>
			<if test="effectiveDate != null" >EFFECTIVE_DATE,</if>
			<if test="isDisable != null" >IS_DISABLE,</if>
			<if test="isUrgent != null" >IS_URGENT,</if>
			<if test="reqtypeStatus != null" >REQTYPE_STATUS,</if>
			<if test="createdBy != null" >CREATED_BY,</if>
			<if test="createdTimestamp != null" >CREATED_TIMESTAMP,</if>
			<if test="lastUpdatedBy != null" >LAST_UPDATED_BY,</if>
			<if test="lastUpdatedTimestamp != null" >LAST_UPDATED_TIMESTAMP,</if>
			<if test="displayName != null" >DISPLAY_NAME,</if>
			<if test="processNm != null" >PROCESS_NM,</if>
			<if test="versionNum != null" >VERSION_NUM,</if>
			<if test="reqTypeDesc != null" >REQ_TYPE_DESC,</if>
			<if test="category != null" >CATEGORY,</if>
			<if test="rejectgetjob != null" >REJECTGETJOB,</if>
			<if test="cutOffTime != null" >CUTOFFTIME,</if>
			<if test="trafficLightValue1 != null" >TRAFFIC_LIGHT_VALUE1,</if>
			<if test="trafficLightValue2 != null" >TRAFFIC_LIGHT_VALUE2,</if>
			<if test="buddyCheck != null" >BUDDY_CHECK,</if>
			<if test="buddyReqType != null" >BUDDY_REQ_TYPE,</if>
			<if test="subReqtypeList != null" >SUB_REQTYPE_LIST,</if>
			<if test="benchmark != null" >BENCHMARK,</if>
			<if test="qaType != null" >QA_TYPE,</if>
			<if test="target != null" >TARGET,</if>
			<if test="reqTypeCode != null" >REQUEST_TYPE_CD,</if>
			<if test="processNm != null" >REQ_TYPE_GRP,</if>
			
			<if test="valueType != null" >VALUE_TYPE,</if>
			<if test="riskType != null" >RISKTYPE,</if>
			<if test="sarGroup != null" >SARGROUP,</if>
			<if test="premiumType != null" >PREMIUM_TYPE,</if>
			<if test="subTemplate != null" >SUB_TEMPLATE,</if>
			
	    </trim>
	    <trim prefix="values (" suffix=")" suffixOverrides="," >
	      	<if test="acl != null" >#{acl},</if>
			<if test="reqType != null">#{reqType},</if>
			<if test="slaDays != null">#{slaDays},</if>
			<if test="department != null">#{department},</if>
			<if test="effectiveDate != null">#{effectiveDate},</if>
			<if test="isDisable != null">#{isDisable},</if>
			<if test="isUrgent != null">#{isUrgent},</if>
			<if test="reqtypeStatus != null">#{reqtypeStatus},</if>
			<if test="createdBy != null">#{createdBy},</if>
			<if test="createdTimestamp != null">#{createdTimestamp},</if>
			<if test="lastUpdatedBy != null">#{lastUpdatedBy},</if>
			<if test="lastUpdatedTimestamp != null">#{lastUpdatedTimestamp},</if>
			<if test="displayName != null">#{displayName},</if>
			<if test="processNm != null">#{processNm},</if>
			<if test="versionNum != null">#{versionNum},</if>
			<if test="reqTypeDesc != null">#{reqTypeDesc},</if>
			<if test="category != null">#{category},</if>
			<if test="rejectgetjob != null">#{rejectgetjob},</if>
			<if test="cutOffTime != null">#{cutOffTime},</if>
			<if test="trafficLightValue1 != null">#{trafficLightValue1},</if>
			<if test="trafficLightValue2 != null">#{trafficLightValue2},</if>
			<if test="buddyCheck != null">#{buddyCheck},</if>
			<if test="buddyReqType != null">#{buddyReqType},</if>
			<if test="subReqtypeList != null">#{subReqtypeList},</if>
			<if test="benchmark != null" >#{benchmark},</if>
			<if test="qaType != null" >#{qaType},</if>
			<if test="target != null" >#{target},</if>
			<if test="reqTypeCode != null" >#{reqTypeCode},</if>
			<if test="processNm != null" >#{processNm},</if>
			
			<if test="valueType != null" >#{valueType},</if>
			<if test="riskType != null" >#{riskType},</if>
			<if test="sarGroup != null" >#{sarGroup},</if>
			<if test="premiumType != null" >#{premiumType},</if>
			<if test="subTemplate != null" >#{subTemplate},</if>
			
    	</trim>
	</insert>
	
	<update id="updateReqType" parameterType="com.aia.case360.web.pojo.FdReqType">
		UPDATE FD_REQTYPE 
		<set>
	      	<if test="acl != null" >acl=#{acl},</if>
			<if test="reqType != null" >REQ_TYPE=#{reqType},</if>
			<if test="slaDays != null" >SLA_DAYS=#{slaDays},</if>
			<if test="department != null" >DEPARTMENT=#{department},</if>
			<if test="effectiveDate != null" >EFFECTIVE_DATE=#{effectiveDate},</if>
			<if test="isDisable != null" >IS_DISABLE=#{isDisable},</if>
			<if test="isUrgent != null" >IS_URGENT=#{isUrgent},</if>
			<if test="reqtypeStatus != null" >REQTYPE_STATUS=#{reqtypeStatus},</if>
			<if test="createdBy != null" >CREATED_BY=#{createdBy},</if>
			<if test="createdTimestamp != null" >CREATED_TIMESTAMP=#{createdTimestamp},</if>
			<if test="lastUpdatedBy != null" >LAST_UPDATED_BY=#{lastUpdatedBy},</if>
			<if test="lastUpdatedTimestamp != null" >LAST_UPDATED_TIMESTAMP=#{lastUpdatedTimestamp},</if>
			<if test="displayName != null" >DISPLAY_NAME=#{displayName},</if>
			<if test="processNm != null" >PROCESS_NM=#{processNm},</if>
			<if test="versionNum != null" >VERSION_NUM=#{versionNum},</if>
			<if test="reqTypeDesc != null" >REQ_TYPE_DESC=#{reqTypeDesc},</if>
			<if test="category != null" >CATEGORY=#{category},</if>
			<if test="rejectgetjob != null" >REJECTGETJOB=#{rejectgetjob},</if>
			<if test="cutOffTime != null" >CUTOFFTIME=#{cutOffTime},</if>
			<if test="trafficLightValue1 != null" >TRAFFIC_LIGHT_VALUE1=#{trafficLightValue1},</if>
			<if test="trafficLightValue2 != null" >TRAFFIC_LIGHT_VALUE2=#{trafficLightValue2},</if>
			<if test="buddyCheck != null" >BUDDY_CHECK=#{buddyCheck},</if>
			<if test="buddyReqType != null" >BUDDY_REQ_TYPE=#{buddyReqType},</if>
			<if test="subReqtypeList != null" >SUB_REQTYPE_LIST=#{subReqtypeList},</if>
			<if test="benchmark != null" >BENCHMARK=#{benchmark},</if>
			<if test="qaType != null" >QA_TYPE=#{qaType},</if>
			<if test="target != null" >TARGET=#{target},</if>
			<if test="reqTypeCode != null" >REQUEST_TYPE_CD=#{reqTypeCode},</if>
			<if test="valueType != null" >VALUE_TYPE=#{valueType},</if>
			<choose>
			<when test="'TSAR'.equals(valueType)" >
				RISKTYPE=#{riskType},
				SARGROUP=#{sarGroup},
				PREMIUM_TYPE='',
			</when>
			<when test="'PREMIUM'.equals(valueType)" >
				RISKTYPE='',
				SARGROUP='',
				PREMIUM_TYPE=#{premiumType},
			</when>
			<otherwise>
				RISKTYPE='',
				SARGROUP='',
				PREMIUM_TYPE='',
			</otherwise>
			</choose>
    	</set>
    	WHERE REQ_TYPE=#{reqType}
	</update>
	
	<update id="updateReqTypeSlave" parameterType="com.aia.case360.web.pojo.FdReqType">
		UPDATE FD_REQTYPE_VERSION 
		<set>
	      	<if test="acl != null" >acl=#{acl},</if>
			<if test="reqType != null" >REQ_TYPE=#{reqType},</if>
			<if test="slaDays != null" >SLA_DAYS=#{slaDays},</if>
			<if test="department != null" >DEPARTMENT=#{department},</if>
			<if test="effectiveDate != null" >EFFECTIVE_DATE=#{effectiveDate},</if>
			<if test="isDisable != null" >IS_DISABLE=#{isDisable},</if>
			<if test="isUrgent != null" >IS_URGENT=#{isUrgent},</if>
			<if test="reqtypeStatus != null" >REQTYPE_STATUS=#{reqtypeStatus},</if>
			<if test="createdBy != null" >CREATED_BY=#{createdBy},</if>
			<if test="createdTimestamp != null" >CREATED_TIMESTAMP=#{createdTimestamp},</if>
			<if test="lastUpdatedBy != null" >LAST_UPDATED_BY=#{lastUpdatedBy},</if>
			<if test="lastUpdatedTimestamp != null" >LAST_UPDATED_TIMESTAMP=#{lastUpdatedTimestamp},</if>
			<if test="displayName != null" >DISPLAY_NAME=#{displayName},</if>
			<if test="processNm != null" >PROCESS_NM=#{processNm},</if>
			<if test="versionNum != null" >VERSION_NUM=#{versionNum},</if>
			<if test="reqTypeGrp != null" >REQ_TYPE_GRP=#{reqTypeGrp},</if>
			<if test="reqTypeDesc != null" >REQ_TYPE_DESC=#{reqTypeDesc},</if>
			<if test="category != null" >CATEGORY=#{category},</if>
			<if test="rejectgetjob != null" >REJECTGETJOB=#{rejectgetjob},</if>
			<if test="cutOffTime != null" >CUTOFFTIME=#{cutOffTime},</if>
			<if test="trafficLightValue1 != null" >TRAFFIC_LIGHT_VALUE1=#{trafficLightValue1},</if>
			<if test="trafficLightValue2 != null" >TRAFFIC_LIGHT_VALUE2=#{trafficLightValue2},</if>
			<if test="buddyCheck != null" >BUDDY_CHECK=#{buddyCheck},</if>
			<if test="buddyReqType != null" >BUDDY_REQ_TYPE=#{buddyReqType},</if>
			<if test="subReqtypeList != null" >SUB_REQTYPE_LIST=#{subReqtypeList},</if>
			<if test="benchmark != null" >BENCHMARK=#{benchmark},</if>
			<if test="qaType != null" >QA_TYPE=#{qaType},</if>
			<if test="target != null" >TARGET=#{target},</if>
			<if test="reqTypeCode != null" >REQUEST_TYPE_CD=#{reqTypeCode},</if>
			<if test="valueType != null" >VALUE_TYPE=#{valueType},</if>
			<choose>
			<when test="'TSAR'.equals(valueType)" >
				RISKTYPE=#{riskType},
				SARGROUP=#{sarGroup},
				PREMIUM_TYPE='',
			</when>
			<when test="'PREMIUM'.equals(valueType)" >
				RISKTYPE='',
				SARGROUP='',
				PREMIUM_TYPE=#{premiumType},
			</when>
			<otherwise>
				RISKTYPE='',
				SARGROUP='',
				PREMIUM_TYPE='',
			</otherwise>
			</choose>
    	</set>
    	WHERE S_ROWID=#{sRowid} 
	</update>
	
	<insert id="batchAddActInfo" parameterType="java.util.List">
		<foreach collection="list" separator=";" item="act">
			INSERT INTO FD_ACT_INFO
			<trim prefix="(" suffix=")" suffixOverrides="," >
				<if test="act.acl != null" >acl,</if>
				<if test="act.actNm != null" >ACT_NM,</if>
				<if test="act.batchSubmission != null" >BATCH_SUBMISSION,</if>
				<if test="act.createdBy != null" >CREATED_BY,</if>
				<if test="act.createdTimestamp != null" >CREATED_TIMESTAMP,</if>
				<if test="act.isEnabled != null" >IS_ENABLED,</if>
				<if test="act.lastUpdatedBy != null" >LAST_UPDATED_BY,</if>
				<if test="act.lastUpdatedTimestamp != null" >LAST_UPDATED_TIMESTAMP,</if>
				<if test="act.sequenceNum != null" >SEQUENCE_NUM,</if>
				<if test="act.workstepname != null" >WORKSTEPNAME,</if>
				<if test="act.slaHour != null" >SLA_HOUR,</if>
				<if test="act.reqType != null" >REQ_TYPE,</if>
				<if test="act.versionNum != null" >VERSION_NUM,</if>
				<if test="act.isTrainerReview != null" >IS_TRAINER_REVIEW,</if>
				<if test="act.actionSignalValue != null" >ACTION_SIGNAL_VALUE,</if>
				<if test="act.processorType != null" >PROCESSOR_TYPE,</if>
				<if test="act.actionSignalType != null" >ACTION_SIGNAL_TYPE,</if>
				<if test="act.processorAct != null" >PROCESSOR_ACT,</if>
				<if test="act.processorReqtype != null" >PROCESSOR_REQTYPE,</if>
		    </trim>
		    <trim prefix="values (" suffix=")" suffixOverrides="," >
		      	<if test="act.acl != null" >#{act.acl},</if>
				<if test="act.actNm != null">#{act.actNm},</if>
				<if test="act.batchSubmission != null">#{act.batchSubmission},</if>
				<if test="act.createdBy != null">#{act.createdBy},</if>
				<if test="act.createdTimestamp != null">#{act.createdTimestamp},</if>
				<if test="act.isEnabled != null">#{act.isEnabled},</if>
				<if test="act.lastUpdatedBy != null">#{act.lastUpdatedBy},</if>
				<if test="act.lastUpdatedTimestamp != null">#{act.lastUpdatedTimestamp},</if>
				<if test="act.sequenceNum != null">#{act.sequenceNum},</if>
				<if test="act.workstepname != null">#{act.workstepname},</if>
				<if test="act.slaHour != null">#{act.slaHour},</if>
				<if test="act.reqType != null">#{act.reqType},</if>
				<if test="act.versionNum != null">#{act.versionNum},</if>
				<if test="act.isTrainerReview != null">#{act.isTrainerReview},</if>
				<if test="act.actionSignalValue != null">#{act.actionSignalValue},</if>
				<if test="act.processorType != null">#{act.processorType},</if>
				<if test="act.actionSignalType != null">#{act.actionSignalType},</if>
				<if test="act.processorAct != null">#{act.processorAct},</if>
				<if test="act.processorReqtype != null">#{act.processorReqtype},</if>
	    	</trim>
		</foreach>
	</insert>
	
	
	<insert id="addActInfo" parameterType="com.aia.case360.web.pojo.ActInfo">	
		INSERT INTO FD_ACT_INFO
		<trim prefix="(" suffix=")" suffixOverrides="," >
	      	<if test="acl != null" >acl,</if>
			<if test="actNm != null" >ACT_NM,</if>
			<if test="batchSubmission != null" >BATCH_SUBMISSION,</if>
			<if test="createdBy != null" >CREATED_BY,</if>
			<if test="createdTimestamp != null" >CREATED_TIMESTAMP,</if>
			<if test="isEnabled != null" >IS_ENABLED,</if>
			<if test="lastUpdatedBy != null" >LAST_UPDATED_BY,</if>
			<if test="lastUpdatedTimestamp != null" >LAST_UPDATED_TIMESTAMP,</if>
			<if test="sequenceNum != null" >SEQUENCE_NUM,</if>
			<if test="workstepname != null" >WORKSTEPNAME,</if>
			<if test="slaHour != null" >SLA_HOUR,</if>
			<if test="reqType != null" >REQ_TYPE,</if>
			<if test="versionNum != null" >VERSION_NUM,</if>
			<if test="isTrainerReview != null" >IS_TRAINER_REVIEW,</if>
			<if test="actionSignalValue != null" >ACTION_SIGNAL_VALUE,</if>
			<if test="processorType != null" >PROCESSOR_TYPE,</if>
			<if test="actionSignalType != null" >ACTION_SIGNAL_TYPE,</if>
			<if test="processorAct != null" >PROCESSOR_ACT,</if>
			<if test="processorReqtype != null" >PROCESSOR_REQTYPE,</if>
	    </trim>
	    <trim prefix="values (" suffix=")" suffixOverrides="," >
	      	<if test="acl != null" >#{acl},</if>
			<if test="actNm != null">#{actNm},</if>
			<if test="batchSubmission != null">#{batchSubmission},</if>
			<if test="createdBy != null">#{createdBy},</if>
			<if test="createdTimestamp != null">#{createdTimestamp},</if>
			<if test="isEnabled != null">#{isEnabled},</if>
			<if test="lastUpdatedBy != null">#{lastUpdatedBy},</if>
			<if test="lastUpdatedTimestamp != null">#{lastUpdatedTimestamp},</if>
			<if test="sequenceNum != null">#{sequenceNum},</if>
			<if test="workstepname != null">#{workstepname},</if>
			<if test="slaHour != null">#{slaHour},</if>
			<if test="reqType != null">#{reqType},</if>
			<if test="versionNum != null">#{versionNum},</if>
			<if test="isTrainerReview != null">#{isTrainerReview},</if>
			<if test="actionSignalValue != null">#{actionSignalValue},</if>
			<if test="processorType != null">#{processorType},</if>
			<if test="actionSignalType != null">#{actionSignalType},</if>
			<if test="processorAct != null">#{processorAct},</if>
			<if test="processorReqtype != null">#{processorReqtype},</if>
    	</trim>
	</insert>
	
	<update id="batchUpdateActInfo" parameterType="java.util.List">
		<foreach collection="list" separator=";" item="act">	
			UPDATE FD_ACT_INFO
			<set>
				<if test="act.acl != null" >acl=#{act.acl},</if>
				<if test="act.actNm != null" >ACT_NM=#{act.actNm},</if>
				<if test="act.batchSubmission != null" >BATCH_SUBMISSION=#{act.batchSubmission},</if>
				<if test="act.createdBy != null" >CREATED_BY=#{act.createdBy},</if>
				<if test="act.createdTimestamp != null" >CREATED_TIMESTAMP=#{act.createdTimestamp},</if>
				<if test="act.isEnabled != null" >IS_ENABLED=#{act.isEnabled},</if>
				<if test="act.lastUpdatedBy != null" >LAST_UPDATED_BY=#{act.lastUpdatedBy},</if>
				<if test="act.lastUpdatedTimestamp != null" >LAST_UPDATED_TIMESTAMP=#{act.lastUpdatedTimestamp},</if>
				<if test="act.sequenceNum != null" >SEQUENCE_NUM=#{act.sequenceNum},</if>
				<if test="act.workstepname != null" >WORKSTEPNAME=#{act.workstepname},</if>
				<if test="act.slaHour != null" >SLA_HOUR=#{act.slaHour},</if>
				<if test="act.reqType != null" >REQ_TYPE=#{act.reqType},</if>
				<if test="act.versionNum != null" >VERSION_NUM=#{act.versionNum},</if>
				<if test="act.isTrainerReview != null" >IS_TRAINER_REVIEW=#{act.isTrainerReview},</if>
				<if test="act.actionSignalValue != null" >ACTION_SIGNAL_VALUE=#{act.actionSignalValue},</if>
				<if test="act.processorType != null" >PROCESSOR_TYPE=#{act.processorType},</if>
				<if test="act.actionSignalType != null" >ACTION_SIGNAL_TYPE=#{act.actionSignalType},</if>
				<if test="act.processorAct != null" >PROCESSOR_ACT=#{act.processorAct},</if>
				<if test="act.processorReqtype != null" >PROCESSOR_REQTYPE=#{act.processorReqtype},</if>
			</set>
			WHERE VERSION_NUM=#{act.versionNum} AND REQ_TYPE=#{act.reqType} AND WORKSTEPNAME=#{act.workstepname}
		</foreach>
	</update>
	
	<update id="batchUpdateActInfoSlave" parameterType="java.util.List">
		<foreach collection="list" separator=";" item="act">	
			UPDATE FD_ACT_INFO_VERSION
			<set>
				<if test="act.acl != null" >acl=#{act.acl},</if>
				<if test="act.actNm != null" >ACT_NM=#{act.actNm},</if>
				<if test="act.batchSubmission != null" >BATCH_SUBMISSION=#{act.batchSubmission},</if>
				<if test="act.createdBy != null" >CREATED_BY=#{act.createdBy},</if>
				<if test="act.createdTimestamp != null" >CREATED_TIMESTAMP=#{act.createdTimestamp},</if>
				<if test="act.isEnabled != null" >IS_ENABLED=#{act.isEnabled},</if>
				<if test="act.lastUpdatedBy != null" >LAST_UPDATED_BY=#{act.lastUpdatedBy},</if>
				<if test="act.lastUpdatedTimestamp != null" >LAST_UPDATED_TIMESTAMP=#{act.lastUpdatedTimestamp},</if>
				<if test="act.sequenceNum != null" >SEQUENCE_NUM=#{act.sequenceNum},</if>
				<if test="act.workstepname != null" >WORKSTEPNAME=#{act.workstepname},</if>
				<if test="act.slaHour != null" >SLA_HOUR=#{act.slaHour},</if>
				<if test="act.reqType != null" >REQ_TYPE=#{act.reqType},</if>
				<if test="act.versionNum != null" >VERSION_NUM=#{act.versionNum},</if>
				<if test="act.isTrainerReview != null" >IS_TRAINER_REVIEW=#{act.isTrainerReview},</if>
				<if test="act.actionSignalValue != null" >ACTION_SIGNAL_VALUE=#{act.actionSignalValue},</if>
				<if test="act.processorType != null" >PROCESSOR_TYPE=#{act.processorType},</if>
				<if test="act.actionSignalType != null" >ACTION_SIGNAL_TYPE=#{act.actionSignalType},</if>
				<if test="act.processorAct != null" >PROCESSOR_ACT=#{act.processorAct},</if>
				<if test="act.processorReqtype != null" >PROCESSOR_REQTYPE=#{act.processorReqtype},</if>
			</set>
			WHERE VERSION_NUM=#{act.versionNum} AND REQ_TYPE=#{act.reqType} AND WORKSTEPNAME=#{act.workstepname}
		</foreach>
	</update>
	
	<insert id="updateActInfo" parameterType="com.aia.case360.web.pojo.ActInfo">	
		UPDATE FD_ACT_INFO
		<set>
			<if test="acl != null" >acl=#{acl},</if>
			<if test="actNm != null" >ACT_NM=#{actNm},</if>
			<if test="batchSubmission != null" >BATCH_SUBMISSION=#{batchSubmission},</if>
			<if test="createdBy != null" >CREATED_BY=#{createdBy},</if>
			<if test="createdTimestamp != null" >CREATED_TIMESTAMP=#{createdTimestamp},</if>
			<if test="isEnabled != null" >IS_ENABLED=#{isEnabled},</if>
			<if test="lastUpdatedBy != null" >LAST_UPDATED_BY=#{lastUpdatedBy},</if>
			<if test="lastUpdatedTimestamp != null" >LAST_UPDATED_TIMESTAMP=#{lastUpdatedTimestamp},</if>
			<if test="sequenceNum != null" >SEQUENCE_NUM=#{sequenceNum},</if>
			<if test="workstepname != null" >WORKSTEPNAME=#{workstepname},</if>
			<if test="slaHour != null" >SLA_HOUR=#{slaHour},</if>
			<if test="reqType != null" >REQ_TYPE=#{reqType},</if>
			<if test="versionNum != null" >VERSION_NUM=#{versionNum},</if>
			<if test="isTrainerReview != null" >IS_TRAINER_REVIEW=#{isTrainerReview},</if>
			<if test="actionSignalValue != null" >ACTION_SIGNAL_VALUE=#{actionSignalValue},</if>
			<if test="processorType != null" >PROCESSOR_TYPE=#{processorType},</if>
			<if test="actionSignalType != null" >ACTION_SIGNAL_TYPE=#{actionSignalType},</if>
			<if test="processorAct != null" >PROCESSOR_ACT=#{processorAct},</if>
			<if test="processorReqtype != null" >PROCESSOR_REQTYPE=#{processorReqtype},</if>
		</set>
		WHERE  REQ_TYPE=#{reqType} AND WORKSTEPNAME=#{workstepname}
	</insert>
	
	<update id="batchUpdateMandatoryDoc"  parameterType="java.util.List">	
	 <foreach collection="list" separator=";" item="item">
		UPDATE FD_MANDATORY_DOC_LINK set IS_DELETED=1,LAST_UPDATED_TIMESTAMP=getDate(),LAST_UPDATED_BY=#{item.lastUpdatedBy} WHERE S_ROWID=#{item.sRowid} 
	 </foreach>
	</update>
	
	<update id="batchUpdateMandatoryDocSlave"  parameterType="java.util.List">	
	 <foreach collection="list" separator=";" item="item">
		UPDATE FD_MANDATORY_DOC_LINK_VERSION set IS_DELETED=1,LAST_UPDATED_TIMESTAMP=getDate(),LAST_UPDATED_BY=#{item.lastUpdatedBy} WHERE S_ROWID=#{item.sRowid} 
	 </foreach>
	</update>
	
	<update id="batchUpdateReqTypeCheckItem" parameterType="java.util.List">
	 <foreach collection="list" separator=";" item="item">
		UPDATE FD_CHECKLIST_ITEM set IS_DELETED=1,LAST_UPDATED_TIMESTAMP=getDate(),LAST_UPDATED_BY=#{item.lastUpdatedBy} WHERE S_ROWID=#{item.sRowid} 
	 </foreach>
	</update>
	<!-- update req type check list sequence -->
	<update id="batchUpdateReqTypeCheckItemSequence" parameterType="java.util.List">
	 <foreach collection="list" separator=";" item="item">
		UPDATE FD_CHECKLIST_ITEM set SEQUENCE_NUM=#{item.sequenceNum},LAST_UPDATED_TIMESTAMP=getDate(),LAST_UPDATED_BY=#{item.lastUpdatedBy} WHERE S_ROWID=#{item.sRowid} 
	 </foreach>
	</update>
	
	<!-- update req type version check list sequence -->
	<update id="batchUpdateReqTypeCheckItemSequenceSlave" parameterType="java.util.List">
	 <foreach collection="list" separator=";" item="item">
		UPDATE FD_CHECKLIST_ITEM_VERSION set SEQUENCE_NUM=#{item.sequenceNum},LAST_UPDATED_TIMESTAMP=getDate(),LAST_UPDATED_BY=#{item.lastUpdatedBy} WHERE S_ROWID=#{item.sRowid} 
	 </foreach>
	</update>
	
	
	<update id="batchUpdateReqTypeCheckItemSlave" parameterType="java.util.List">
	 <foreach collection="list" separator=";" item="item">
		UPDATE FD_CHECKLIST_ITEM_VERSION set IS_DELETED=1,LAST_UPDATED_TIMESTAMP=getDate(),LAST_UPDATED_BY=#{item.lastUpdatedBy} WHERE S_ROWID=#{item.sRowid} 
	 </foreach>
	</update>
	
	<insert id="batchAddMandatoryDoc" parameterType="java.util.List">	
		<foreach collection="list" separator=";" item="doc">
			INSERT INTO FD_MANDATORY_DOC_LINK
			<trim prefix="(" suffix=")" suffixOverrides="," >
		      	<if test="doc.acl != null" >acl,</if>
				<if test="doc.createdBy != null" >CREATED_BY,</if>
				<if test="doc.createdTimestamp != null" >CREATED_TIMESTAMP,</if>
				<if test="doc.lastUpdatedBy != null" >LAST_UPDATED_BY,</if>
				<if test="doc.lastUpdatedTimestamp != null" >LAST_UPDATED_TIMESTAMP,</if>
				<if test="doc.sequenceNum != null" >SEQUENCE_NUM,</if>
				<if test="doc.formId != null" >FORM_ID,</if>
				<if test="doc.reqType != null" >REQ_TYPE,</if>
				<if test="doc.versionNum != null" >VERSION_NUM,</if>
				IS_DELETED,
		    </trim>
		    <trim prefix="values (" suffix=")" suffixOverrides="," >
		      	<if test="doc.acl != null" >#{doc.acl},</if>
				<if test="doc.createdBy != null">#{doc.createdBy},</if>
				<if test="doc.createdTimestamp != null">#{doc.createdTimestamp},</if>
				<if test="doc.lastUpdatedBy != null">#{doc.lastUpdatedBy},</if>
				<if test="doc.lastUpdatedTimestamp != null">#{doc.lastUpdatedTimestamp},</if>
				<if test="doc.sequenceNum != null">#{doc.sequenceNum},</if>
				<if test="doc.formId != null">#{doc.formId},</if>
				<if test="doc.reqType != null">#{doc.reqType},</if>
				<if test="doc.versionNum != null">#{doc.versionNum},</if>
				0,
	    	</trim>
	    </foreach>
	</insert>
	
	<insert id="batchAddReqTypeCheckItem" parameterType="java.util.List">
		<foreach collection="list" separator=";" item="item">	
			INSERT INTO FD_CHECKLIST_ITEM
			<trim prefix="(" suffix=")" suffixOverrides="," >
		      	<if test="item.acl != null" >acl,</if>
		      	<if test="item.workstepname != null" >WORKSTEPNAME,</if>
				<if test="item.createdBy != null" >CREATED_BY,</if>
				<if test="item.createdTimestamp != null" >CREATED_TIMESTAMP,</if>
				<if test="item.lastUpdatedBy != null" >LAST_UPDATED_BY,</if>
				<if test="item.lastUpdatedTimestamp != null" >LAST_UPDATED_TIMESTAMP,</if>
				<if test="item.sequenceNum != null" >SEQUENCE_NUM,</if>
				<if test="item.checkItemNm != null" >CHECK_ITEM_NM,</if>
				<if test="item.helpText != null" >HELP_TEXT,</if>
				<if test="item.isMandatory != null" >IS_MANDATORY,</if>
				<if test="item.reqType != null" >REQ_TYPE,</if>
				<if test="item.versionNum != null" >VERSION_NUM,</if>
				IS_DELETED,
		    </trim>
		    <trim prefix="values (" suffix=")" suffixOverrides="," >
		      	<if test="item.acl != null" >#{item.acl},</if>
		      	<if test="item.workstepname != null">#{item.workstepname},</if>
				<if test="item.createdBy != null">#{item.createdBy},</if>
				<if test="item.createdTimestamp != null">#{item.createdTimestamp},</if>
				<if test="item.lastUpdatedBy != null">#{item.lastUpdatedBy},</if>
				<if test="item.lastUpdatedTimestamp != null">#{item.lastUpdatedTimestamp},</if>
				<if test="item.sequenceNum != null">#{item.sequenceNum},</if>
				<if test="item.checkItemNm != null">#{item.checkItemNm},</if>
				<if test="item.helpText != null">#{item.helpText},</if>
				<if test="item.isMandatory != null">#{item.isMandatory},</if>
				<if test="item.reqType != null">#{item.reqType},</if>
				<if test="item.versionNum != null">#{item.versionNum},</if>
				0,
	    	</trim>
	    </foreach>
	</insert>
	
	<select id="getReqtypeDetail" resultMap="ReqtypeMap">
		SELECT <include refid="Reqtype_Column_List" /> FROM FD_REQTYPE WHERE REQ_TYPE=#{reqType} 
	</select>
	
   <select id="validateVersionExist"  resultType="java.lang.Integer">
		SELECT count(1) FROM FD_REQTYPE_VERSION WHERE REQ_TYPE=#{reqType} and isNull(IS_DELETED,0) != 1
   </select>

   <select id="getReqtypeDetailFromSlave" resultMap="ReqtypeMap">
		SELECT <include refid="Reqtype_Column_List" /> FROM FD_REQTYPE_VERSION WHERE REQ_TYPE=#{reqType}  and EFFECTIVE_DATE=#{effectiveDate} and isNull(IS_DELETED,0) != 1
   </select>


	<select id="getActList" resultMap="ActInfoMap">
		SELECT <include refid="ActInfo_Column_List" /> FROM FD_ACT_INFO WHERE REQ_TYPE=#{reqType}  order by SEQUENCE_NUM
	</select>
	
	
	<select id="getActListFromSlave" resultMap="ActInfoMap">
		SELECT <include refid="ActInfo_Column_List" /> FROM FD_ACT_INFO_VERSION WHERE REQ_TYPE=#{reqType} and EFFECTIVE_DATE=#{effectiveDate} AND ISNULL(IS_ACTIVED, 0) IN(0, 1) order by SEQUENCE_NUM
	</select>
	
	<select id="getMandatoryDocList" resultMap="MandatoryDocMap">
		SELECT dl.ACL,dl.S_ROWID,dl.CREATED_BY,dl.CREATED_TIMESTAMP,dl.LAST_UPDATED_BY,dl.LAST_UPDATED_TIMESTAMP,
		dl.SEQUENCE_NUM,dl.FORM_ID,dl.REQ_TYPE,dl.VERSION_NUM,fd.FORM_NM DOCUMENT_TYPE,fd.FORM_CATEGORY
	    FROM FD_MANDATORY_DOC_LINK dl
		LEFT JOIN FD_FORM_DEFINITION fd ON dl.FORM_ID = fd.FORM_ID
		WHERE dl.REQ_TYPE=#{reqType} AND dl.IS_DELETED = 0  order by SEQUENCE_NUM
	</select>
	
	<select id="getMandatoryDocListFromSlave" resultMap="MandatoryDocMap">
		SELECT dl.ACL,dl.S_ROWID,dl.CREATED_BY,dl.CREATED_TIMESTAMP,dl.LAST_UPDATED_BY,dl.LAST_UPDATED_TIMESTAMP,
		dl.SEQUENCE_NUM,dl.FORM_ID,dl.REQ_TYPE,dl.VERSION_NUM,fd.FORM_NM DOCUMENT_TYPE,fd.FORM_CATEGORY
		FROM FD_MANDATORY_DOC_LINK_VERSION dl
		LEFT JOIN FD_FORM_DEFINITION fd ON dl.FORM_ID = fd.FORM_ID
		WHERE dl.REQ_TYPE=#{reqType} and dl.EFFECTIVE_DATE=#{effectiveDate} AND ISNULL(dl.IS_ACTIVED, 0) IN(0, 1) order by dl.SEQUENCE_NUM
	</select>
	
	<select id="getChecklist" resultMap="CheckItemDocMap">
		SELECT <include refid="Checklist_Column_List" /> FROM FD_CHECKLIST_ITEM WHERE REQ_TYPE=#{reqType} 
		<if test="workstepname!=null and workstepname!=''">
       		AND WORKSTEPNAME=#{workstepname}
       	</if>	
       	   AND IS_DELETED=0
       	  order by SEQUENCE_NUM
	</select>
	
	<select id="getChecklistFromSlave" resultMap="CheckItemDocMap">
		SELECT <include refid="Checklist_Column_List" /> FROM FD_CHECKLIST_ITEM_VERSION WHERE REQ_TYPE=#{reqType}  and EFFECTIVE_DATE=#{effectiveDate}
		<if test="workstepname!=null and workstepname!=''">
       		AND WORKSTEPNAME=#{workstepname}
       	</if>
         AND IS_DELETED=0	
       	 AND ISNULL(IS_ACTIVED, 0) IN(0, 1)
       	 order by SEQUENCE_NUM	
	</select>
	
	<insert id="addAuditTrail" parameterType="com.aia.case360.web.pojo.FdReqTypeAuditTrail">	
		INSERT INTO FD_REQTYPE_AUDITTRAIL( ACL, ACTION_DESC, CATEGORY, CREATED_BY, CREATED_TIMESTAMP, REQ_TYPE, PARENT_ID)
		VALUES(#{acl}, #{action_desc}, #{category}, #{created_by}, #{created_timestamp}, #{req_type}, #{parent_id}) 
	</insert>
	
	<select id="queryAuditTrail" resultMap="ReqtypeAuditTrailMap">
		SELECT A.ACTION_DESC,
			A.CATEGORY,
			A.CREATED_BY,			
			A.CREATED_TIMESTAMP,
			A.REQ_TYPE
		FROM FD_REQTYPE_AUDITTRAIL A 
		WHERE 1 = 1
		<if test="reqType != null" >
			AND A.REQ_TYPE = #{reqType}
		</if>
		order by A.CREATED_TIMESTAMP desc 
		
	</select>
	
   <select id="queryCategoryAuditTrail" resultMap="ReqtypeCategoryAuditTrailMap">
		SELECT A.ACTION_DESC,
			A.CATEGORY,
			A.CREATED_BY,			
			A.CREATED_TIMESTAMP,
			A.REQUEST_TYPE_CATEGORY
		FROM FD_REQTYPE_CATEGORY_AUDITTRAIL A 
		WHERE 1 = 1
		<if test="reqTypeCategory != null" >
			AND A.REQUEST_TYPE_CATEGORY = #{reqTypeCategory}
		</if>
		order by A.CREATED_TIMESTAMP desc 
		
	</select>
	
	
	 <select id="queryClosedAuditTrail" resultMap="ReqtypeAuditTrailMap">
		 
          SELECT A.ACTION_DESC,
			A.CATEGORY,
			A.CREATED_BY,			
			A.CREATED_TIMESTAMP,
			A.REQ_TYPE
		FROM FD_REQTYPE_AUDITTRAIL A,
		     FD_REQTYPE_VERSION B
		WHERE A.REQ_TYPE=B.REQ_TYPE 
		<if test="reqType != null" >
			AND A.REQ_TYPE = #{reqType}
		</if>
		<if test="reqType != null" >
			AND B.EFFECTIVE_DATE = #{effectiveDate}
		</if>
		order by A.CREATED_TIMESTAMP desc 
	</select>
	
	
	
	<insert id="addReqTypeSlave" keyProperty="sRowid" useGeneratedKeys="true"  parameterType="com.aia.case360.web.pojo.FdReqType">	
		INSERT INTO FD_REQTYPE_VERSION 
		<trim prefix="(" suffix=")" suffixOverrides="," >
		    <if test="parentId != null" >PARENT_ID,</if>
	      	<if test="acl != null" >acl,</if>
			<if test="reqType != null" >REQ_TYPE,</if>
			<if test="slaDays != null" >SLA_DAYS,</if>
			<if test="department != null" >DEPARTMENT,</if>
			<if test="effectiveDate != null" >EFFECTIVE_DATE,</if>
			<if test="isDisable != null" >IS_DISABLE,</if>
			<if test="isUrgent != null" >IS_URGENT,</if>
			<if test="reqtypeStatus != null" >REQTYPE_STATUS,</if>
			<if test="createdBy != null" >CREATED_BY,</if>
			<if test="createdTimestamp != null" >CREATED_TIMESTAMP,</if>
			<if test="lastUpdatedBy != null" >LAST_UPDATED_BY,</if>
			<if test="lastUpdatedTimestamp != null" >LAST_UPDATED_TIMESTAMP,</if>
			<if test="displayName != null" >DISPLAY_NAME,</if>
			<if test="processNm != null" >PROCESS_NM,</if>
			<if test="versionNum != null" >VERSION_NUM,</if>
			<if test="reqTypeDesc != null" >REQ_TYPE_DESC,</if>
			<if test="category != null" >CATEGORY,</if>
			<if test="rejectgetjob != null" >REJECTGETJOB,</if>
			<if test="cutOffTime != null" >CUTOFFTIME,</if>
			<if test="trafficLightValue1 != null" >TRAFFIC_LIGHT_VALUE1,</if>
			<if test="trafficLightValue2 != null" >TRAFFIC_LIGHT_VALUE2,</if>
			<if test="buddyCheck != null" >BUDDY_CHECK,</if>
			<if test="buddyReqType != null" >BUDDY_REQ_TYPE,</if>
			<if test="subReqtypeList != null" >SUB_REQTYPE_LIST,</if>
			<if test="benchmark != null" >BENCHMARK,</if>
			<if test="qaType != null" >QA_TYPE,</if>
			<if test="target != null" >TARGET,</if>
			<if test="reqTypeCode != null" >REQUEST_TYPE_CD,</if>
			<if test="processNm != null" >REQ_TYPE_GRP,</if>
			
			<if test="valueType != null" >VALUE_TYPE,</if>
			<if test="riskType != null" >RISKTYPE,</if>
			<if test="sarGroup != null" >SARGROUP,</if>
			<if test="premiumType != null" >PREMIUM_TYPE,</if>
	    </trim>
	    <trim prefix="values (" suffix=")" suffixOverrides="," >
	        <if test="parentId != null" >#{parentId},</if>
	      	<if test="acl != null" >#{acl},</if>
			<if test="reqType != null">#{reqType},</if>
			<if test="slaDays != null">#{slaDays},</if>
			<if test="department != null">#{department},</if>
			<if test="effectiveDate != null">#{effectiveDate},</if>
			<if test="isDisable != null">#{isDisable},</if>
			<if test="isUrgent != null">#{isUrgent},</if>
			<if test="reqtypeStatus != null">#{reqtypeStatus},</if>
			<if test="createdBy != null">#{createdBy},</if>
			<if test="createdTimestamp != null">#{createdTimestamp},</if>
			<if test="lastUpdatedBy != null">#{lastUpdatedBy},</if>
			<if test="lastUpdatedTimestamp != null">#{lastUpdatedTimestamp},</if>
			<if test="displayName != null">#{displayName},</if>
			<if test="processNm != null">#{processNm},</if>
			<if test="versionNum != null">#{versionNum},</if>
			<if test="reqTypeDesc != null">#{reqTypeDesc},</if>
			<if test="category != null">#{category},</if>
			<if test="rejectgetjob != null">#{rejectgetjob},</if>
			<if test="cutOffTime != null">#{cutOffTime},</if>
			<if test="trafficLightValue1 != null">#{trafficLightValue1},</if>
			<if test="trafficLightValue2 != null">#{trafficLightValue2},</if>
			<if test="buddyCheck != null">#{buddyCheck},</if>
			<if test="buddyReqType != null">#{buddyReqType},</if>
			<if test="subReqtypeList != null">#{subReqtypeList},</if>
			<if test="benchmark != null" >#{benchmark},</if>
			<if test="qaType != null" >#{qaType},</if>
			<if test="target != null" >#{target},</if>
			<if test="reqTypeCode != null" >#{reqTypeCode},</if>
			<if test="processNm != null" >#{processNm},</if>
			
			<if test="valueType != null" >#{valueType},</if>
			<if test="riskType != null" >#{riskType},</if>
			<if test="sarGroup != null" >#{sarGroup},</if>
			<if test="premiumType != null" >#{premiumType},</if>
    	</trim>
	</insert>
	
	<insert id="batchAddActInfoSlave" parameterType="java.util.List">
		<foreach collection="list" separator=";" item="act">
			INSERT INTO FD_ACT_INFO_VERSION
			<trim prefix="(" suffix=")" suffixOverrides="," >
				<if test="act.acl != null" >acl,</if>
				<if test="act.actNm != null" >ACT_NM,</if>
				<if test="act.batchSubmission != null" >BATCH_SUBMISSION,</if>
				<if test="act.createdBy != null" >CREATED_BY,</if>
				<if test="act.createdTimestamp != null" >CREATED_TIMESTAMP,</if>
				<if test="act.isEnabled != null" >IS_ENABLED,</if>
				<if test="act.lastUpdatedBy != null" >LAST_UPDATED_BY,</if>
				<if test="act.lastUpdatedTimestamp != null" >LAST_UPDATED_TIMESTAMP,</if>
				<if test="act.sequenceNum != null" >SEQUENCE_NUM,</if>
				<if test="act.workstepname != null" >WORKSTEPNAME,</if>
				<if test="act.slaHour != null" >SLA_HOUR,</if>
				<if test="act.reqType != null" >REQ_TYPE,</if>
				<if test="act.versionNum != null" >VERSION_NUM,</if>
				<if test="act.isTrainerReview != null" >IS_TRAINER_REVIEW,</if>
				<if test="act.actionSignalValue != null" >ACTION_SIGNAL_VALUE,</if>
				<if test="act.processorType != null" >PROCESSOR_TYPE,</if>
				<if test="act.actionSignalType != null" >ACTION_SIGNAL_TYPE,</if>
				<if test="act.processorAct != null" >PROCESSOR_ACT,</if>
				<if test="act.processorReqtype != null" >PROCESSOR_REQTYPE,</if>
				<if test="act.effectiveDate != null" >EFFECTIVE_DATE,</if>
				<if test="act.sRowid != null" >PARENT_ID,</if>
				
		    </trim>
		    <trim prefix="values (" suffix=")" suffixOverrides="," >
		      	<if test="act.acl != null" >#{act.acl},</if>
				<if test="act.actNm != null">#{act.actNm},</if>
				<if test="act.batchSubmission != null">#{act.batchSubmission},</if>
				<if test="act.createdBy != null">#{act.createdBy},</if>
				<if test="act.createdTimestamp != null">#{act.createdTimestamp},</if>
				<if test="act.isEnabled != null">#{act.isEnabled},</if>
				<if test="act.lastUpdatedBy != null">#{act.lastUpdatedBy},</if>
				<if test="act.lastUpdatedTimestamp != null">#{act.lastUpdatedTimestamp},</if>
				<if test="act.sequenceNum != null">#{act.sequenceNum},</if>
				<if test="act.workstepname != null">#{act.workstepname},</if>
				<if test="act.slaHour != null">#{act.slaHour},</if>
				<if test="act.reqType != null">#{act.reqType},</if>
				<if test="act.versionNum != null">#{act.versionNum},</if>
				<if test="act.isTrainerReview != null">#{act.isTrainerReview},</if>
				<if test="act.actionSignalValue != null">#{act.actionSignalValue},</if>
				<if test="act.processorType != null">#{act.processorType},</if>
				<if test="act.actionSignalType != null">#{act.actionSignalType},</if>
				<if test="act.processorAct != null">#{act.processorAct},</if>
				<if test="act.processorReqtype != null" >#{act.processorReqtype},</if>
				<if test="act.effectiveDate != null">#{act.effectiveDate},</if>
				<if test="act.sRowid != null">#{act.sRowid},</if>
	    	</trim>
		</foreach>
	</insert>
	
	<insert id="batchAddMandatoryDocSlave" parameterType="java.util.List">	
		<foreach collection="list" separator=";" item="doc">
			INSERT INTO FD_MANDATORY_DOC_LINK_VERSION
			<trim prefix="(" suffix=")" suffixOverrides="," >
		      	<if test="doc.acl != null" >acl,</if>
				<if test="doc.createdBy != null" >CREATED_BY,</if>
				<if test="doc.createdTimestamp != null" >CREATED_TIMESTAMP,</if>
				<if test="doc.lastUpdatedBy != null" >LAST_UPDATED_BY,</if>
				<if test="doc.lastUpdatedTimestamp != null" >LAST_UPDATED_TIMESTAMP,</if>
				<if test="doc.sequenceNum != null" >SEQUENCE_NUM,</if>
				<if test="doc.formId != null" >FORM_ID,</if>
				<if test="doc.reqType != null" >REQ_TYPE,</if>
				<if test="doc.versionNum != null" >VERSION_NUM,</if>
				<if test="doc.effectiveDate != null">EFFECTIVE_DATE,</if>
				<if test="doc.sRowid != null" >PARENT_ID,</if>
				IS_DELETED,
		    </trim>
		    <trim prefix="values (" suffix=")" suffixOverrides="," >
		      	<if test="doc.acl != null" >#{doc.acl},</if>
				<if test="doc.createdBy != null">#{doc.createdBy},</if>
				<if test="doc.createdTimestamp != null">#{doc.createdTimestamp},</if>
				<if test="doc.lastUpdatedBy != null">#{doc.lastUpdatedBy},</if>
				<if test="doc.lastUpdatedTimestamp != null">#{doc.lastUpdatedTimestamp},</if>
				<if test="doc.sequenceNum != null">#{doc.sequenceNum},</if>
				<if test="doc.formId != null">#{doc.formId},</if>
				<if test="doc.reqType != null">#{doc.reqType},</if>
				<if test="doc.versionNum != null">#{doc.versionNum},</if>
				<if test="doc.effectiveDate != null">#{doc.effectiveDate},</if>
				<if test="doc.sRowid != null">#{doc.sRowid},</if>
				0,
	    	</trim>
	    </foreach>
	</insert>
	
	<insert id="batchAddReqTypeCheckItemSlave" parameterType="java.util.List">
		<foreach collection="list" separator=";" item="item">	
			INSERT INTO FD_CHECKLIST_ITEM_VERSION
			<trim prefix="(" suffix=")" suffixOverrides="," >
		      	<if test="item.acl != null" >acl,</if>
		      	<if test="item.workstepname != null" >WORKSTEPNAME,</if>
				<if test="item.createdBy != null" >CREATED_BY,</if>
				<if test="item.createdTimestamp != null" >CREATED_TIMESTAMP,</if>
				<if test="item.lastUpdatedBy != null" >LAST_UPDATED_BY,</if>
				<if test="item.lastUpdatedTimestamp != null" >LAST_UPDATED_TIMESTAMP,</if>
				<if test="item.sequenceNum != null" >SEQUENCE_NUM,</if>
				<if test="item.checkItemNm != null" >CHECK_ITEM_NM,</if>
				<if test="item.helpText != null" >HELP_TEXT,</if>
				<if test="item.isMandatory != null" >IS_MANDATORY,</if>
				<if test="item.reqType != null" >REQ_TYPE,</if>
				<if test="item.versionNum != null" >VERSION_NUM,</if>
				<if test="item.effectiveDate != null">EFFECTIVE_DATE,</if>
				<if test="item.sRowid != null" >PARENT_ID,</if>
				IS_DELETED,
		    </trim>
		    <trim prefix="values (" suffix=")" suffixOverrides="," >
		      	<if test="item.acl != null" >#{item.acl},</if>
		      	<if test="item.workstepname != null">#{item.workstepname},</if>
				<if test="item.createdBy != null">#{item.createdBy},</if>
				<if test="item.createdTimestamp != null">#{item.createdTimestamp},</if>
				<if test="item.lastUpdatedBy != null">#{item.lastUpdatedBy},</if>
				<if test="item.lastUpdatedTimestamp != null">#{item.lastUpdatedTimestamp},</if>
				<if test="item.sequenceNum != null">#{item.sequenceNum},</if>
				<if test="item.checkItemNm != null">#{item.checkItemNm},</if>
				<if test="item.helpText != null">#{item.helpText},</if>
				<if test="item.isMandatory != null">#{item.isMandatory},</if>
				<if test="item.reqType != null">#{item.reqType},</if>
				<if test="item.versionNum != null">#{item.versionNum},</if>
				<if test="item.effectiveDate != null">#{item.effectiveDate},</if>
				<if test="item.sRowid != null">#{item.sRowid},</if>
				0,
	    	</trim>
	    </foreach>
	</insert>
	
	<select id="getBuddyReqTypeList" resultType="java.lang.String">
	   select REQ_TYPE from FD_REQTYPE where QA_TYPE='BUDDY QA'
    </select>
	
	<select id="getMaxVersionNum" parameterType="com.aia.case360.web.pojo.FdReqType" resultType="java.lang.String">
	   select max(VERSION_NUM) from FD_REQTYPE where REQ_TYPE=#{reqType}
	</select>
	
	<select id="getMaxVersionNumSlave" parameterType="com.aia.case360.web.pojo.FdReqType" resultType="java.lang.String">
	   select max(VERSION_NUM) from FD_REQTYPE_VERSION where REQ_TYPE=#{reqType}
	</select>
	
	<select id="getVersionList" parameterType="com.aia.case360.web.pojo.FdReqType" resultType="com.aia.case360.web.pojo.ReqTypeVersion">
	   select VERSION_NUM as versionNum, EFFECTIVE_DATE as effectiveDate, REQTYPE_STATUS as reqtypeStatus from FD_REQTYPE where REQ_TYPE=#{reqType}
	</select>
	
	<select id="getVersionListFromSlave" parameterType="com.aia.case360.web.pojo.FdReqType" resultType="com.aia.case360.web.pojo.ReqTypeVersion">
	   select CONVERT (VARCHAR,EFFECTIVE_DATE, 112) as versionNum, EFFECTIVE_DATE as effectiveDate, REQTYPE_STATUS as reqtypeStatus from FD_REQTYPE_VERSION where REQ_TYPE=#{reqType} and isNull(IS_DELETED,0) != 1 ORDER BY EFFECTIVE_DATE DESC
	</select>
	
	
	
	<update id="deleteReqType" parameterType="com.aia.case360.web.pojo.FdReqType">
		UPDATE FD_REQTYP set IS_DELETED=1,LAST_UPDATED_TIMESTAMP=getDate(),LAST_UPDATED_BY=#{lastUpdatedBy} WHERE S_ROWID=#{sRowid} 
	</update>
	
	<update id="deleteReqTypeSlave" parameterType="com.aia.case360.web.pojo.FdReqType">
		UPDATE FD_REQTYP_VERSION set IS_DELETED=1,LAST_UPDATED_TIMESTAMP=getDate(),LAST_UPDATED_BY=#{lastUpdatedBy} WHERE S_ROWID=#{sRowid} 
	</update>
	
	<update id="closeVersion" parameterType="com.aia.case360.web.pojo.FdReqType">
		UPDATE FD_REQTYPE_VERSION set IS_DELETED=1,LAST_UPDATED_TIMESTAMP=getDate(),LAST_UPDATED_BY=#{lastUpdatedBy} WHERE REQ_TYPE = #{reqType} AND EFFECTIVE_DATE = #{effectiveDate};
		UPDATE FD_ACT_INFO_VERSION SET IS_ACTIVED = -1 WHERE REQ_TYPE = #{reqType} AND EFFECTIVE_DATE = #{effectiveDate};
		UPDATE FD_MANDATORY_DOC_LINK_VERSION SET IS_ACTIVED = -1 WHERE REQ_TYPE = #{reqType} AND EFFECTIVE_DATE = #{effectiveDate};
		UPDATE FD_CHECKLIST_ITEM_VERSION SET IS_ACTIVED = -1 WHERE REQ_TYPE = #{reqType} AND EFFECTIVE_DATE = #{effectiveDate};
	</update>
	
	<insert id="addReqtypeAuditTrail" keyProperty="sRowid" useGeneratedKeys="true"  parameterType="com.aia.case360.web.pojo.FdReqTypeAuditTrail">	
		INSERT INTO FD_REQTYPE_AUDITTRAIL
		<trim prefix="(" suffix=")" suffixOverrides="," >
	      	<if test="acl != null" >ACL,</if>
			<if test="action_desc != null" >ACTION_DESC,</if>
			<if test="category != null" >CATEGORY,</if>
			<if test="created_by != null" >CREATED_BY,</if>
			<if test="created_timestamp != null" >CREATED_TIMESTAMP,</if>
			<if test="req_type != null" >REQ_TYPE,</if>
			<if test="parent_id != null" >PARENT_ID,</if>
			
	    </trim>
	    <trim prefix="values (" suffix=")" suffixOverrides="," >
	        <if test="acl != null" >#{acl},</if>
			<if test="action_desc != null" >#{action_desc},</if>
			<if test="category != null" >#{category},</if>
			<if test="created_by != null" >#{created_by},</if>
			<if test="created_timestamp != null" >#{created_timestamp},</if>
			<if test="req_type != null" >#{req_type},</if>
			<if test="parent_id != null" >#{parent_id},</if>
    	</trim>
	</insert>
	
	
   <select id="getReqtypeCountByCategory"  resultType="java.lang.Integer">
        SELECT count(1) FROM FD_REQTYPE R,FD_REQTYPE_CATEGORY C WHERE R.CATEGORY=C.REQUEST_TYPE_CATEGORY AND C.S_ROWID=#{sRowid} AND isNull(R.IS_DISABLE,0) != 1
   </select>
   
   <select id="getReqtypeVersionCountByCategory"  resultType="java.lang.Integer">
        SELECT count(1) FROM FD_REQTYPE_VERSION R,FD_REQTYPE_CATEGORY C WHERE R.CATEGORY=C.REQUEST_TYPE_CATEGORY AND C.S_ROWID=#{sRowid}  AND isNull(R.IS_DELETED,0) != 1 AND isNull(R.IS_DISABLE,0) != 1
   </select>
	
	
	<insert id="addReqtypeCategoryAuditTrail" keyProperty="sRowid" useGeneratedKeys="true"  parameterType="com.aia.case360.web.pojo.FdReqTypeAuditTrail">	
		INSERT INTO FD_REQTYPE_CATEGORY_AUDITTRAIL
		<trim prefix="(" suffix=")" suffixOverrides="," >
	      	<if test="acl != null" >ACL,</if>
			<if test="action_desc != null" >ACTION_DESC,</if>
			<if test="req_type_category != null" >REQUEST_TYPE_CATEGORY,</if>
			<if test="created_by != null" >CREATED_BY,</if>
			<if test="created_timestamp != null" >CREATED_TIMESTAMP,</if>		
	    </trim>
	    <trim prefix="values (" suffix=")" suffixOverrides="," >
	        <if test="acl != null" >#{acl},</if>
			<if test="action_desc != null" >#{action_desc},</if>
			<if test="req_type_category != null" >#{req_type_category},</if>
			<if test="created_by != null" >#{created_by},</if>
			<if test="created_timestamp != null" >#{created_timestamp},</if>
    	</trim>
	</insert>
	
	
	<select id="getReqtypeCategoryDetail"  resultType="com.aia.case360.web.pojo.FdReqTypeCategory">
        select REQUEST_TYPE_CATEGORY as reqTypeCategory,DESCRIPTION as description,DEPARTMENT as department,IS_DISABLE as isDisable from FD_REQTYPE_CATEGORY where S_ROWID=#{sRowid}
   </select>
   
     <select id="copyReqType" parameterType="java.util.Map" resultType="com.aia.case360.web.pojo.FdReqType" >
      {call SP_CopyRequestType(
                 #{userId,mode=IN}, 
                 #{reqType,mode=IN},    
                 #{dept,mode=IN},
                 #{newCategory,mode=IN},
                 #{newReqType,mode=IN},   
                 #{copyAvailableStep,mode=IN},
                 #{copyAct,mode=IN},
                 #{copySubReq,mode=IN},
                 #{copyDoc,mode=IN},
                 #{copyChecklist,mode=IN},
                 #{effectiveDate,mode=IN}
            )}
	</select>
	
	<insert id="batchCopyReqtypeAvailableSteps"   parameterType="String">	
		INSERT INTO FD_REQTYPE_AVAILABLE_STEPS(CREATED_BY, CREATED_TIMESTAMP, IS_READONLY, LAST_UPDATED_BY, LAST_UPDATED_TIMESTAMP, REQ_TYPE, DISPLAY_CONDITION, DISPLAY_SEQUENCE, WORKSTEPNAME, AVAILABLE_STEP, PARMLIST, IMPACT_FIELD, FIELD_CONDITION)
		SELECT #{userid}, GETDATE(), IS_READONLY, #{userid}, GETDATE(), #{reqType} , DISPLAY_CONDITION, DISPLAY_SEQUENCE, WORKSTEPNAME, AVAILABLE_STEP, PARMLIST, IMPACT_FIELD, FIELD_CONDITION
		FROM FD_REQTYPE_AVAILABLE_STEPS WITH(NOLOCK)
		WHERE REQ_TYPE = #{subTemplate} 
	</insert>
	
</mapper>
