<?xml version="1.0" encoding="UTF-8" ?>
<!DOCTYPE mapper PUBLIC "-//mybatis.org//DTD Mapper 3.0//EN" "http://mybatis.org/dtd/mybatis-3-mapper.dtd" >
<mapper namespace="com.aia.case360.web.dao.ReqTypeMappingDao">

	<insert id="insertReqTypeMapping" parameterType="com.aia.case360.web.vo.ReqTypeMapping"  >
			INSERT INTO FD_WCF_UNI_REQ_MAP 
		<trim prefix="(" suffix=")" suffixOverrides="," >
	      	<if test="acl != null" >ACL,</if>
			<if test="reqType != null" >REQ_TYPE,</if>
			<if test="reqTypeCD != null" >REQUEST_TYPE_CD,</if>
			<if test="contractCode != null" >CONTRACT_CODE,</if>
			<if test="dmtmIndicator != null" >DMTM_INDICATOR,</if>
			<if test="magnumDecision != null" >MAGNUM_DECISION,</if>
			<if test="productType != null" >PRODUCT_TYPE,</if>
			<if test="paymentMod != null" >PAYMENT_MOD,</if>
			<if test="others != null" >OTHER,</if>
			<if test="srcOfBusiness != null" >SRC_OF_BUSINESS,</if>
			<if test="isDeleted != null" >IS_DELETED,</if>
			<if test="createdBy != null" >CREATED_BY,</if>
			<if test="createdTimestamp != null" >CREATED_TIMESTAMP,</if>
			<if test="lastUpdatedBy != null" >LAST_UPDATED_BY,</if>
			<if test="lastUpdatedTimestamp != null" >LAST_UPDATED_TIMESTAMP,</if>
	    </trim>
	    <trim prefix="values (" suffix=")" suffixOverrides="," >
	      	<if test="acl != null" >#{acl},</if>
			<if test="reqType != null">#{reqType},</if>
			<if test="reqTypeCD != null">#{reqTypeCD},</if>
			<if test="contractCode != null">#{contractCode},</if>
			<if test="dmtmIndicator != null">#{dmtmIndicator},</if>
			<if test="magnumDecision != null">#{magnumDecision},</if>
			<if test="productType != null">#{productType},</if>
			<if test="paymentMod != null">#{paymentMod},</if>
			<if test="others != null">#{others},</if>
			<if test="srcOfBusiness != null">#{srcOfBusiness},</if>
			<if test="isDeleted != null">#{isDeleted},</if>
			<if test="createdBy != null">#{createdBy},</if>
			<if test="createdTimestamp != null">#{createdTimestamp},</if>
			<if test="lastUpdatedBy != null">#{lastUpdatedBy},</if>
			<if test="lastUpdatedTimestamp != null">#{lastUpdatedTimestamp},</if>
			
    	</trim>
    </insert>
    
	<update id="deleteReqTypeMappingll"  parameterType="com.aia.case360.web.vo.ReqTypeMapping">
		UPDATE  FD_WCF_UNI_REQ_MAP SET  IS_DELETED=1,LAST_UPDATED_TIMESTAMP=getDate(),LAST_UPDATED_BY=#{lastUpdatedBy}  WHERE S_ROWID=#{sRowid}
    </update>
	<update id="deleteReqTypeMapping"  parameterType="java.lang.Long">
		UPDATE  FD_WCF_UNI_REQ_MAP SET  IS_DELETED=1,LAST_UPDATED_TIMESTAMP=getDate() WHERE S_ROWID=#{sRowid}
    </update>
     <update id="deleteReqTypeMappingList" parameterType="java.util.List">
	  <foreach collection="list" separator=";" item="item">	
	    UPDATE FD_WCF_UNI_REQ_MAP set IS_DELETED=1,LAST_UPDATED_TIMESTAMP=getDate(),LAST_UPDATED_BY=#{item.lastUpdateBy} WHERE S_ROWID=#{item.sRowId} 
	  </foreach>
	</update>
    
    <select id="searchReqTypeMapping" parameterType="com.aia.case360.web.vo.ReqTypeMapping" resultType="com.aia.case360.web.vo.ReqTypeMapping">

         select 
        	c.[S_ROWID] as sRowid, 
        	c.[REQ_TYPE] as reqType,
			c.[REQUEST_TYPE_CD] as reqTypeCD,
			c.[CONTRACT_CODE] as contractCode,
			c.[DMTM_INDICATOR] as dmtmIndicator,
			c.[MAGNUM_DECISION] as magnumDecision,
			c.[PRODUCT_TYPE]  as productType,
			c.[PAYMENT_MOD] as paymentMod,
			c.[OTHER] as others,
			c.[SRC_OF_BUSINESS] as srcOfBusiness,
			c.[IS_DELETED] as isDeleted,
			c.[CREATED_BY] as createdBy,
			c.[CREATED_TIMESTAMP] as createdTimestamp,
			isNull(c.[LAST_UPDATED_BY],'') as lastUpdatedBy,
			c.[LAST_UPDATED_TIMESTAMP] as lastUpdatedTimestamp
		from FD_WCF_UNI_REQ_MAP  c WITH(NOLOCK)
        where 1=1
        <if test="reqType!=null and  reqType!=''"> and c.REQ_TYPE like CONCAT(CONCAT('%', #{reqType}),'%') </if>
        <if test="sRowid!=null and sRowid != 0"> and c.S_ROWID=#{sRowid}</if>
        <if test="reqTypeCD!=null"> and c.REQUEST_TYPE_CD=#{reqTypeCD}</if>
        <if test="contractCode!=null"> and c.CONTRACT_CODE=#{contractCode}</if>
        <if test="dmtmIndicator!=null"> and c.DMTM_INDICATOR=#{dmtmIndicator}</if>
        <if test="magnumDecision!=null"> and c.MAGNUM_DECISION=#{magnumDecision}</if>
        <if test="productType!=null"> and c.PRODUCT_TYPE=#{productType}</if>
        <if test="paymentMod!=null"> and c.PAYMENT_MOD=#{paymentMod}</if>
        <if test="others!=null"> and c.OTHER=#{others}</if>
        <if test="srcOfBusiness!=null"> and c.SRC_OF_BUSINESS=#{srcOfBusiness}</if>
        <if test="createdBy!=null"> and c.CREATED_BY=#{createdBy}</if>
        <if test="createdTimestamp!=null"> and c.CREATED_TIMESTAMP=#{createdTimestamp}</if>
        <if test="lastUpdatedBy!=null"> and c.LAST_UPDATED_BY=#{lastUpdatedBy}</if>
        <if test="lastUpdatedTimestamp!=null"> and c.LAST_UPDATED_TIMESTAMP=#{lastUpdatedTimestamp}</if> 
        and isNull(c.IS_DELETED,0)=0
        ORDER BY c.REQ_TYPE
    </select>
    
     <select id="searchReqTypeMappingByID" parameterType="java.lang.Long" resultType="com.aia.case360.web.vo.ReqTypeMapping">

       select 
        	c.[S_ROWID] as sRowid, 
        	c.[REQ_TYPE] as reqType,
			c.[REQUEST_TYPE_CD] as reqTypeCD,
			c.[CONTRACT_CODE] as contractCode,
			c.[DMTM_INDICATOR] as dmtmIndicator,
			c.[MAGNUM_DECISION] as magnumDecision,
			c.[PRODUCT_TYPE]  as productType,
			c.[PAYMENT_MOD] as paymentMod,
			c.[OTHER] as others,
			c.[SRC_OF_BUSINESS] as srcOfBusiness,
			c.[IS_DELETED] as isDeleted,
			c.[CREATED_BY] as createdBy,
			c.[CREATED_TIMESTAMP] as createdTimestamp,
			isNull(c.[LAST_UPDATED_BY],'') as lastUpdatedBy,
			c.[LAST_UPDATED_TIMESTAMP] as lastUpdatedTimestamp
		from FD_WCF_UNI_REQ_MAP  c WITH(NOLOCK)
        where c.S_ROWID=#{sRowid}

    </select>
    <update id="updateReqTypeMapping" parameterType="com.aia.case360.web.vo.ReqTypeMapping" >
		UPDATE FD_WCF_UNI_REQ_MAP set 
			 <if test="reqType!=null and reqType!=''"> REQ_TYPE=#{reqType},</if>
			 <if test="contractCode!=null and contractCode!=''">CONTRACT_CODE=#{contractCode},</if>
			 <if test="dmtmIndicator!=null">DMTM_INDICATOR=#{dmtmIndicator},</if>
			 <if test="magnumDecision!=null"> MAGNUM_DECISION=#{magnumDecision},</if>
		     <if test="productType!=null"> PRODUCT_TYPE=#{productType},</if>
		     <if test="paymentMod!=null"> PAYMENT_MOD=#{paymentMod},</if>
		     <if test="others!=null"> OTHER=#{others},</if>
		     <if test="srcOfBusiness!=null">SRC_OF_BUSINESS=#{srcOfBusiness},</if>
		     <if test="createdBy!=null"> CREATED_BY=#{createdBy},</if>
		     <if test="createdTimestamp!=null">CREATED_TIMESTAMP=getDate(),</if>
		     <if test="lastUpdatedBy!=null">LAST_UPDATED_BY=#{lastUpdatedBy},</if>
		     <if test="lastUpdatedTimestamp!=null">LAST_UPDATED_TIMESTAMP=getDate(),</if>
			 <if test="reqTypeCD!=null and reqTypeCD!=''">REQUEST_TYPE_CD=#{reqTypeCD}</if>
		where S_ROWID=#{sRowid} 
    </update>
</mapper>