<?xml version="1.0" encoding="UTF-8" ?>
<!DOCTYPE mapper PUBLIC "-//mybatis.org//DTD Mapper 3.0//EN" "http://mybatis.org/dtd/mybatis-3-mapper.dtd" >
<mapper namespace="com.aia.case360.web.dao.GetJobRuleDao" >

	 <select id="queryPriorityRulesByDepartment" resultType="com.aia.case360.web.pojo.PriorityRuleVO"  parameterType="String" >
			SELECT r.RULE_CASE as ruleCase,r.IS_RANK as isRank,r.RULE_CASE_TYPE as ruleCaseType,r.SORT_DIRECTION as sortDirection,r.DEPARTMENT as department,r.DISPLAY_NAME as displayName,IS_ENABLED as isEnabled,
			r.PRIORITY_VALUES as priorityValues, r.SEQUENCE_NUM as sequenceNum, r.S_ROWID as sRowId,r.SYMBOL_VALUE as symbolValue,r.ANP as anp
			from FD_PRIORITY_RULE r with(nolock) 
			<if test="department!=null and ''.toString() != department" > 
			where r.DEPARTMENT=#{department} and r.IS_ENABLED = 1 order by r.SEQUENCE_NUM
			</if>
  	</select>
  	<select id="queryAllPriorityRulesByDepartment" resultType="com.aia.case360.web.pojo.PriorityRuleVO"  parameterType="String" >
			SELECT r.RULE_CASE as ruleCase,r.IS_RANK as isRank,r.RULE_CASE_TYPE as ruleCaseType,r.SORT_DIRECTION as sortDirection,r.DEPARTMENT as department,r.DISPLAY_NAME as displayName,IS_ENABLED as isEnabled,
			r.PRIORITY_VALUES as priorityValues, r.SEQUENCE_NUM as sequenceNum, r.S_ROWID as sRowId,r.SYMBOL_VALUE as symbolValue,r.ANP as anp
			from FD_PRIORITY_RULE r with(nolock) 
			<if test="department!=null and ''.toString() != department" > 
			where r.DEPARTMENT=#{department} order by r.SEQUENCE_NUM
			</if>
  	</select>
	<insert id="insertPriorityRule" parameterType="java.util.List">
		<foreach close="" collection="list" index="index" item="item"
			open="" separator=";">
			INSERT INTO FD_PRIORITY_RULE (DEPARTMENT,DISPLAY_NAME,IS_ENABLED,RULE_CASE,RULE_CASE_TYPE,SEQUENCE_NUM,SORT_DIRECTION,PRIORITY_VALUES,SYMBOL_VALUE,ANP)
			VALUES(#{item.department,jdbcType=VARCHAR},
			#{item.displayName,jdbcType=VARCHAR},#{item.isEnabled,jdbcType=INTEGER},
			#{item.ruleCase,jdbcType=VARCHAR},#{item.ruleCaseType,jdbcType=INTEGER},
			#{item.sequenceNum,jdbcType=INTEGER},#{item.sortDirection,jdbcType=INTEGER},
			#{item.priorityValues,jdbcType=VARCHAR},#{item.symbolValue,jdbcType=INTEGER},
			#{item.anp})
		</foreach>
   </insert> 
   	<update id="updatePriorityRule" parameterType="java.util.List">
		<foreach close="" collection="list" index="index" item="item"
			open="" separator=";">
			UPDATE FD_PRIORITY_RULE 
			set DEPARTMENT=#{item.department},DISPLAY_NAME=#{item.displayName},IS_ENABLED=#{item.isEnabled},
			RULE_CASE=#{item.ruleCase},RULE_CASE_TYPE=#{item.ruleCaseType},SEQUENCE_NUM=#{item.sequenceNum},
			SORT_DIRECTION=#{item.sortDirection},PRIORITY_VALUES=#{item.priorityValues},
			SYMBOL_VALUE=#{item.symbolValue},ANP=#{item.anp} where S_ROWID=#{item.sRowId}
		</foreach>
   </update> 
   <select id="queryConcurrentRulesByDepartment" resultType="com.aia.case360.web.pojo.ConcurrentCaseRuleVO"  parameterType="String" >
			SELECT DEPARTMENT as department,RULE_TYPE as ruleType,RULE_NAME as ruleName, S_ROWID as sRowId
			from FD_CONCURRENT_RULE with(nolock) 
			<if test="null != department and ''.toString() != department">
				where DEPARTMENT=#{department}
			</if>
  	</select>
  	<select id="queryConcurrentDatasByDepartment" resultType="com.aia.case360.web.pojo.ConcurrentCaseDataVO"  parameterType="String" >
			SELECT DEPARTMENT as department,RULE_NAME as ruleName, REQ_TYPE as reqType,WFWORKSTEPNAME as activityName, S_ROWID as sRowId, PARENT_ID as parentId,ACT_NM as activityDisplayName,CATEGORY as reqTypeCategory,CATEGORY_NAME as reqTypeCategoryNM,REQ_TYPE_DESC as reqTypeName
			from FD_CONCURRENT_DATA with(nolock)
			<if test="null != department and ''.toString() != department">
				where DEPARTMENT=#{department}
			</if>
  	</select>
  	<select id="validateRuleName" resultType="com.aia.case360.web.pojo.ConcurrentCaseRuleVO"  parameterType="String" >
			SELECT DEPARTMENT as department,RULE_TYPE as ruleType,RULE_NAME as ruleName, S_ROWID as sRowId
			from FD_CONCURRENT_RULE with(nolock) where DEPARTMENT=#{department} and RULE_NAME=#{ruleName}
  	</select>
  	<delete id = "deleteRules" parameterType="java.util.List">
  		<foreach close="" collection="list" index="index" item="item"
			open="" separator=";">
			DELETE FROM FD_PRIORITY_RULE  
			 where S_ROWID=#{item}
		</foreach>
  	</delete>
  	<insert id="insertConcurrentRule" parameterType="com.aia.case360.web.pojo.ConcurrentCaseRuleVO">
<!-- 		<foreach close="" collection="list" index="index" item="item" -->
<!-- 			open="" separator=";"> -->
			INSERT INTO FD_CONCURRENT_RULE (DEPARTMENT ,RULE_TYPE,RULE_NAME)
    		 VALUES(#{department},#{ruleType},#{ruleName})
<!-- 		</foreach> -->
   </insert> 
   	<insert id="insertConcurrentData" parameterType="java.util.List">
		<foreach close="" collection="list" index="index" item="item"
			open="" separator=";">
			INSERT INTO FD_CONCURRENT_DATA (PARENT_ID,DEPARTMENT ,RULE_NAME ,REQ_TYPE ,WFWORKSTEPNAME,ACT_NM,CATEGORY,CATEGORY_NAME,REQ_TYPE_DESC)
     		VALUES (#{item.parentId},#{item.department},#{item.ruleName},#{item.reqType},#{item.activityName},#{item.activityDisplayName},#{item.reqTypeCategory},#{item.reqTypeCategoryNM},#{item.reqTypeName})
		</foreach>
   </insert> 
   <delete id="deleteConcurrentRule" parameterType="Integer">
<!-- 		<foreach close="" collection="list" index="index" item="item" -->
<!-- 			open="" separator=";"> -->
			delete from FD_CONCURRENT_RULE where S_ROWID=#{item.sRowId}
<!-- 		</foreach> -->
   </delete> 
   	<delete id="deleteConcurrentData" parameterType="Integer">
<!-- 		<foreach close="" collection="list" index="index" item="item" -->
<!-- 			open="" separator=";"> -->
			delete from FD_CONCURRENT_DATA where PARENT_ID=#{item.parentId}
<!-- 		</foreach> -->
   </delete> 
   <update id="updateConcurrentRule" parameterType="com.aia.case360.web.pojo.ConcurrentCaseRuleVO">
<!-- 		<foreach close="" collection="list" index="index" item="item" -->
<!-- 			open="" separator=";"> -->
			UPDATE FD_CONCURRENT_RULE SET DEPARTMENT = #{department},RULE_TYPE = #{ruleType},RULE_NAME = #{ruleName}
			where S_ROWID=#{sRowId}
<!-- 		</foreach> -->
   </update> 
    <select id="queryPriorityDropDownList" resultType="java.util.Map">
		select DATA_TYPE as DATATYPE,CONFIG_VALUE as FIELDNM,DISPLAY_NAME as FIELDVALUE,REFERENCE_KEY1 as NEEDEDIT,DEFAULT_VALUE as DEFAULTVALUE 
		from fd_sys_config where CONFIG_NAME = #{configName}
  	</select>
  	<select id="validateReqAct" resultType="java.util.Map">
  		select * from fd_concurrent_data where DEPARTMENT = #{department}
  	    <foreach close=")" collection="reqActList" item="item" open="and ("
			separator="or">
			(REQ_TYPE + WFWORKSTEPNAME)=#{item}
		</foreach>
  	</select>
  	<update id="updateCaseToDoScoreCase">
  		update c set c.IS_CHANGED = 1 
  			FROM CF_WORK c join PI_WORK p on c.CASEFOLDERID = p.LINKCASEID 
  			where (p.wfstate = 200 or p.wfstate = 210) and isnull(p.PROCESSOR, '') = '' and isnull(p.is_pending, 0) != 1 and isnull(c.IS_CHANGED, 0) = 0
  	</update>
  	<select id="getDropDownList" resultType="java.util.Map">
  		  	select distinct CONFIG_VALUE as CODE,DISPLAY_NAME as NAME, CONFIG_NAME as CATEGORY
  		  	from fd_sys_config 
			where CONFIG_NAME in 
			<foreach close=") " collection="list" index="index" item="item" open="(" separator=",">
				#{item}
			</foreach>
			<if test="null != company and ''.toString() != company">
				and REFERENCE_KEY1 = #{company}
			</if>
  	</select>

</mapper>