<?xml version="1.0" encoding="UTF-8" ?>
<!DOCTYPE mapper PUBLIC "-//mybatis.org//DTD Mapper 3.0//EN" "http://mybatis.org/dtd/mybatis-3-mapper.dtd" >
<mapper namespace="com.aia.case360.web.dao.SearchCaseDao" >
 
<!--  Get case detail by policy no and case status, process name --> 
<select id="querySearchCases" resultType="com.aia.case360.web.pojo.SearchCaseDetailsInfo" parameterType="java.util.Map">
<![CDATA[ 
		{call [dbo].[sp_get_search_cases]( 
				#{companyNo,jdbcType =NVARCHAR,mode=IN},
				 #{policyNo,jdbcType =NVARCHAR,mode=IN},
                #{caseStatus,jdbcType=NVARCHAR,mode=IN},
                #{requestType,jdbcType=NVARCHAR,mode=IN},
                #{processName,jdbcType=NVARCHAR,mode=IN},
                #{callingSystem,jdbcType=NVARCHAR,mode=IN}
             )}
         ]]>
  </select>
<select id="getPendingComment" resultType="com.aia.case360.web.pojo.PendingComment" parameterType="java.util.Map">
<![CDATA[ 
		{call [dbo].[sp_search_case_pending_comment]( 
				#{companyNo,jdbcType =NVARCHAR,mode=IN},
				#{policyNo,jdbcType =NVARCHAR,mode=IN},
                #{caseStatus,jdbcType=NVARCHAR,mode=IN},
                #{requestType,jdbcType=NVARCHAR,mode=IN},
                #{processName,jdbcType=NVARCHAR,mode=IN},
                #{callingSystem,jdbcType=NVARCHAR,mode=IN}
             )}
         ]]>
  </select>
<select id="getTempCaseInfo" resultType="com.aia.case360.web.pojo.TempCaseInfo" parameterType="java.util.Map">
<![CDATA[ 
		{call [dbo].[sp_get_claimno_4_case]( 
				#{companyNo,jdbcType =NVARCHAR,mode=IN},
				 #{policyNo,jdbcType =NVARCHAR,mode=IN},
                #{caseStatus,jdbcType=NVARCHAR,mode=IN},
                #{requestType,jdbcType=NVARCHAR,mode=IN},
                #{processName,jdbcType=NVARCHAR,mode=IN},
                #{callingSystem,jdbcType=NVARCHAR,mode=IN}
             )}
         ]]>
  </select>
  
 <!-- Get form into list -->
<select id="queryFormInfo" resultType="com.aia.case360.web.pojo.GetFormInfo" parameterType="com.aia.case360.web.pojo.GetFormInfoParameter">
<![CDATA[ 
        {call [dbo].[sp_get_form_info](  
                 #{formCategory,jdbcType=NVARCHAR,mode=IN}   
             )}
         ]]>
</select>

<!-- Get case status by request no(For eCare CRS) -->
<select id="queryRequestStatusByRequestNo" resultType="com.aia.case360.web.pojo.GetRequestStatusDetailsInfo" parameterType="com.aia.case360.web.pojo.GetRequestStatusParameter">
<![CDATA[ 
        {call [dbo].[sp_get_request_status](  
                 #{requestNo,jdbcType=NVARCHAR,mode=IN}   
             )}
         ]]>
</select>


<!-- Get parent request no by policy no and process name -->
<select id="queryParentRequestNoByPolicyNo" resultType="com.aia.case360.web.pojo.GetParentRequestNoDetailsInfo" parameterType="com.aia.case360.web.pojo.GetParentRequestNoParameter">
<![CDATA[ 
		{call [dbo].[sp_get_parent_request_no_by_policy](  
                #{companyNo,jdbcType=NVARCHAR,mode=IN},
                #{policyNo,jdbcType=NVARCHAR,mode=IN},
                #{processName,jdbcType=NVARCHAR,mode=IN}
             )}
         ]]>
</select>



<!-- Get request type -->
<select id="queryRequestType" resultType="com.aia.case360.web.pojo.GetRequestTypeDetailsInfo" parameterType="com.aia.case360.web.pojo.GetRequestTypeParameter">
  <![CDATA[ 
		{call [dbo].[sp_get_request_type](  
                 #{processName,jdbcType=NVARCHAR,mode=IN}
             )}
         ]]>
  
</select>



<!-- Get case id/request no by policy no and process name -->
<select id="queryRequestNoByPolicyNo" resultType="com.aia.case360.web.pojo.RequestNoByPolicyNoDetailsInfo" parameterType="com.aia.case360.web.pojo.RequestNoByPolicyNoParameter">
<![CDATA[ 
		{call [dbo].[sp_get_request_no_by_policy](  
                 #{companyNo,jdbcType=NVARCHAR,mode=IN},   
                 #{policyNo,jdbcType=NVARCHAR,mode=IN},
                 #{formId,jdbcType=NVARCHAR,mode=IN},
                 #{caseStatus,jdbcType=NVARCHAR,mode=IN},
                 #{processName,jdbcType=NVARCHAR,mode=IN}
             )}
         ]]>
</select>


<!-- WEB_API_19 -->
<!-- Get suppress pending follow code list -->
<select id="querySuppressPendingFollowCode" resultType="com.aia.case360.web.pojo.GetSuppressPendingDetailsInfo" parameterType="com.aia.case360.web.pojo.GetSuppressPendingParameter">
<![CDATA[ 
        {call [dbo].[sp_get_suppress_code](  
                 #{codeCategory,jdbcType=NVARCHAR,mode=IN}   
             )}
         ]]>
</select>


<!-- WEB_API_20 -->
   <select id="startWorkflow" statementType="CALLABLE" resultType="com.aia.case360.web.pojo.StartWorkflowDetailsInfo" parameterType="com.aia.case360.web.pojo.StartWorkflowDetailsInfo">  
        <![CDATA[ 
        {#{retValue,mode=OUT,jdbcType=INTEGER}=call [sp_startWorkflow](  
                 #{callingsystem,jdbcType=NVARCHAR,mode=IN},   
                 #{requestNo,jdbcType=NVARCHAR,mode=IN},
                 #{note,jdbcType=NVARCHAR,mode=IN}
             )}
             ]]>
    </select>  
  <insert id="insertWcfLink" parameterType="java.util.List">
		<foreach close="" collection="list" index="index" item="item"
			open="" separator=";">
			INSERT INTO FD_WCF_LINK (CLM_NUM,POL_NUM,REQUEST_NUM,LINKCASEID,COMPANY_NO,DUMMY_POLICY_FLAG,IS_DELETED)
     		VALUES (#{item.clmNum},#{item.polNum},#{item.requestNum},#{item.linkcaseid},#{item.companyNo},#{item.dummyPolicyFlag},#{item.isDeleted})
		</foreach>
   </insert> 
   
   <update id="deletedWcfLink" parameterType="com.aia.case360.web.pojo.FdWcfLink">

			UPDATE  FD_WCF_LINK SET IS_DELETED='1' 
			where LINKCASEID=#{linkcaseid}  
			AND POL_NUM=#{polNum} 

   </update> 
  
	<select id="verifyWcfLink" resultType="int"
		parameterType="com.aia.case360.web.pojo.FdWcfLink">
		SELECT 1 FROM FD_WCF_LINK WHERE LINKCASEID=#{linkcaseid}  
		AND POL_NUM=#{polNum}  AND COMPANY_NO=#{companyNo};
	</select>
	
<select id="serachCaseDetail" resultType="com.aia.case360.web.pojo.CaseDetailsInfo" parameterType="com.aia.case360.web.pojo.CaseDetailsInfo">
SELECT 
CW.CASEFOLDERID as casefolderid, 
CW.REQUEST_NUM as requestNo,
CW.RECEIVE_DT as requestDate,
CW.REQ_TYPE as requestType,
CW.CASE_STATUS as requestStatus,
CW.CREATE_BY as createBy,
CW.CREATE_TIMESTAMP as createDate,
CW.UPDATE_BY as lastupdateBy,
CW.UPDATE_TIMESTAMP as updateDate,
CW.ASSIGNEE as assignee,
CW.COMPANY_NO AS companyNo,
CW.LOB AS lob,
CW.SUB_STATUS as subStatus,
cw.ROOT_CASE_ID as rootCaseId,
cw.SOURCE_SYSTEM as sourceSystem,
CW.CLAIM_NO AS claimNo
FROM 
CF_WORK CW   
where 1=1 
 
 <if test="casefolderid!= null">
 and CW.CASEFOLDERID=#{casefolderid}
 </if>
  <if test="requestNo!= null">
 and CW.REQUEST_NUM=#{requestNo}
 </if>
 
</select> 
	<insert id="insertDocLink" parameterType="com.aia.case360.web.pojo.FdWcfLink">
			INSERT INTO FD_DOC_LINK
			(LINKCASEID,OBJECT_ID,POL_NUM,FORM_ID,PROCESS_TYPE,CLAIM_NO,COMPANY_NO,IS_LOGICAL,IS_MIGRATED,RECEIVED_DT,IS_DELETED,REQUEST_NUM,CREATED_DT,IS_VOID,LAST_UPDATED_TIMESTAMP,LINK_STATUS)
			SELECT LINKCASEID,OBJECT_ID,POL_NUM,FORM_ID,PROCESS_TYPE,CLAIM_NO,COMPANY_NO,IS_LOGICAL,IS_MIGRATED,RECEIVED_DT,IS_DELETED,REQUEST_NUM,CREATED_DT,IS_VOID,GETDATE(),10 FROM
			(select LINKCASEID,
 			OBJECT_ID, 
 			#{polNum} AS POL_NUM,
 			FORM_ID,
 			PROCESS_TYPE,
 			CLAIM_NO,
 			#{companyNo} AS COMPANY_NO,
 			'1' AS IS_LOGICAL,
 			'0' AS IS_MIGRATED,
 			RECEIVED_DT,
 			'0' AS IS_DELETED,
 			REQUEST_NUM,
 			GETDATE() AS CREATED_DT,
 			'0' AS IS_VOID,
			ROW_NUMBER() over(PARTITION by linkcaseid,object_id,form_id order by isnull(LAST_UPDATED_TIMESTAMP,CREATED_DT) desc) as num from fd_doc_link where ISNULL(IS_DELETED,0)=0 AND LINKCASEID=#{linkcaseid})DOC 
			WHERE NUM=1
   	</insert> 
   		
   <insert id="insertWcfClient" parameterType="java.util.List">
		<foreach close="" collection="list" index="index" item="item"
			open="" separator=";">
			INSERT INTO FD_WCF_CLIENT(CLIENT_ID,POL_NUM,NRIC,IS_NONAIA,LINKCASEID,POL_ROLE,IS_DELETED,CREATED_BY,CREATED_TIMESTAMP,HASHSTR,CUST_NM)VALUES
			(#{item.clientId},#{item.polNum},#{item.nric},#{item.isNonaia},#{item.linkcaseId},#{item.polRole},#{item.isDeleted},#{item.createdBy},GETDATE(),#{item.Hashstr},#{item.Cust_nm});
     	</foreach>
   </insert>
   
   <update id="delClientLinkList" parameterType="java.util.List">
		<foreach close="" collection="list" index="index" item="item"
			open="" separator=";">
			UPDATE FD_WCF_CLIENT SET IS_DELETED = 1 WHERE S_ROWID = #{item.sRowId};
     	</foreach>
   </update>
   
   <update id="delClientLink" parameterType="com.aia.case360.web.pojo.FdWcfLink">

			UPDATE  FD_WCF_CLIENT SET IS_DELETED='1' 
			where POL_NUM=#{polNum} and LINKCASEID=#{linkcaseid}

   </update> 
   
   <update id="delDocLink" parameterType="com.aia.case360.web.pojo.FdWcfLink">

			UPDATE  FD_DOC_LINK SET IS_DELETED='1' ,LAST_UPDATED_TIMESTAMP=GETDATE(),LINK_STATUS=20
			WHERE POL_NUM=#{polNum} and LINKCASEID=#{linkcaseid}

   </update> 
   
   <select id = "getCaseByPolNum" resultType = "java.util.Map" parameterType = "java.util.Map">
   			 SELECT (
					CASE 
						WHEN (
								PW.PROCESSOR = #{currentUserId}
								OR CW.CASE_STATUS = 'Completed'
								)
							THEN '0'
						ELSE '1'
						END
					) AS SNATCH,
				CW.CASEFOLDERID,
				CW.REQ_TYPE,
				CW.REQUEST_NUM,
				CW.CASE_STATUS,
				FRT.CATEGORY,
				CW.LOB,
				PW.PROCESSOR,
				PW.WORKSTEP_LABEL,
				CW.SLA_DUE_DT,
				CW.CREATE_TIMESTAMP
			FROM CF_WORK CW
			LEFT JOIN PI_WORK PW
				ON CW.CASEFOLDERID = PW.LINKCASEID
			LEFT JOIN FD_REQTYPE FRT
				ON CW.REQ_TYPE = FRT.REQ_TYPE
			LEFT JOIN FD_UAM_USERS FUU
				ON upper(PW.PROCESSOR) = upper(FUU.UAM_USER_ID)
			LEFT JOIN SONORAUSERS
				ON PW.PROCESSOR = SONORAUSERS.LOGINID
			JOIN FD_WCF_LINK FWC
				ON CW.CASEFOLDERID = FWC.LINKCASEID
			AND FWC.POL_NUM = #{polNum}
	</select>
 <select id="getClientLink" resultType="com.aia.case360.web.pojo.FdWcfClient" parameterType="java.util.Map">
	 SELECT clientId,
		polNum,
		nric,
		linkcaseId,
		REPLACE(REPLACE(polRole, 'A\C', 'B'), 'C\A', 'B') AS polRole
	FROM (
		SELECT	CLIENT_ID AS clientId,
			POL_NUM AS polNum,
			NRIC AS nric,
			LINKCASEID AS linkcaseId,
			polRole = (
				stuff((
						SELECT '\' + POL_ROLE
						FROM FD_WCF_CLIENT FWC1 WITH (NOLOCK)
						WHERE FWC1.LINKCASEID = FWC.LINKCASEID
							AND FWC1.POL_NUM = FWC.POL_NUM
							AND FWC1.NRIC = FWC.NRIC
							AND FWC1.CLIENT_ID = FWC.CLIENT_ID
							AND ISNULL(FWC1.IS_DELETED, 0) = 0
						FOR XML path('')
						), 1, 1, '')
				)
		FROM FD_WCF_CLIENT FWC WITH (NOLOCK)
		JOIN CF_WORK CW WITH (NOLOCK)
			ON FWC.LINKCASEID = CW.ROOT_CASE_ID
		WHERE ISNULL(FWC.IS_DELETED, 0) = 0
			AND CW.CASEFOLDERID = #{LINKCASEID}
		GROUP BY CLIENT_ID,
			POL_NUM,
			NRIC,
			LINKCASEID
		) CLIENT
		
	</select>
	
 	<select id="getClientLinkSeprateRole" resultType="com.aia.case360.web.pojo.FdWcfClient" parameterType="java.util.Map">
		SELECT	CLIENT_ID AS clientId,
			POL_NUM AS polNum,
			UPPER(RTRIM(LTRIM(CONVERT(NVARCHAR, DecryptByKeyAutoAsymKey(AsymKey_ID('NRIC_AKey'), NULL, dbo.hexstr2varbin(NRIC)))))) AS nric,
			UPPER(RTRIM(LTRIM(CONVERT(NVARCHAR, DecryptByKeyAutoAsymKey(AsymKey_ID('NRIC_AKey'), NULL, dbo.hexstr2varbin(CUST_NM)))))) AS name,
			LINKCASEID AS linkcaseId,
			POL_ROLE AS polRole,
			'0' as isNonaia,
			S_ROWID AS sRowId,
			'' AS dob
		FROM FD_WCF_CLIENT FWC WITH (NOLOCK)
		JOIN CF_WORK CW WITH (NOLOCK)
			ON FWC.LINKCASEID = CW.ROOT_CASE_ID
		WHERE ISNULL(FWC.IS_DELETED, 0) = 0
			AND ISNULL(FWC.IS_NONAIA, 0) = 0
			AND CW.CASEFOLDERID = #{LINKCASEID}
		UNION ALL
		SELECT	CLIENT_ID AS clientId,
			FWC.POL_NUM AS polNum,
			UPPER(RTRIM(LTRIM(CONVERT(NVARCHAR, DecryptByKeyAutoAsymKey(AsymKey_ID('NRIC_AKey'), NULL, dbo.hexstr2varbin(FWC.NRIC)))))) AS nric,
			UPPER(RTRIM(LTRIM(CONVERT(NVARCHAR, DecryptByKeyAutoAsymKey(AsymKey_ID('NRIC_AKey'), NULL, dbo.hexstr2varbin(CUST_NM)))))) AS name,
			LINKCASEID AS linkcaseId,
			POL_ROLE AS polRole,
			'1' as isNonaia,
			FWC.S_ROWID AS sRowId,
			convert(NVARCHAR,NAIA.DOB,111) AS dob
		FROM FD_WCF_CLIENT FWC WITH (NOLOCK)
		JOIN CF_WORK CW WITH (NOLOCK)
			ON FWC.LINKCASEID = CW.ROOT_CASE_ID
		JOIN FD_NON_AIA_CUSTOMER NAIA
			ON FWC.NRIC = NAIA.NRIC
		WHERE ISNULL(FWC.IS_DELETED, 0) = 0
			AND ISNULL(FWC.IS_NONAIA, 0) = 1
			AND CW.CASEFOLDERID = #{LINKCASEID}
	</select>
	
	<select id="getWcfLink" resultType="com.aia.case360.web.pojo.FdWcfLink" parameterType="java.util.Map">
	SELECT 
CLM_NUM AS clmNum,
POL_NUM as polNum,
S_ROWID as sRowId,
LINKCASEID as linkcaseid,
WCF.COMPANY_NO as companyNo,
DUMMY_POLICY_FLAG as  dummyPolicyFlag,
IS_DELETED as isDeleted 
FROM FD_WCF_LINK  WCF JOIN CF_WORK CW ON WCF.LINKCASEID=CW.ROOT_CASE_ID   WHERE (WCF.IS_DELETED IS NULL OR WCF.IS_DELETED!=1) AND CW.CASEFOLDERID=#{LINKCASEID}
	</select>
	
	<select id="varifyDocLink" resultType="java.lang.Integer"
		parameterType="map">
		SELECT 1 FROM FD_DOC_LINK WHERE (IS_DELETED IS NULL OR IS_DELETED != 1) AND LINKCASEID=#{linkcaseId} AND POL_NUM=#{policyNo};

	</select>
	
	<select id="varifyWcf" resultType="java.lang.Integer"
		parameterType="map">
				SELECT 1 FROM FD_WCF_LINK WHERE (IS_DELETED IS NULL OR IS_DELETED != 1) AND  LINKCASEID=#{linkcaseId} AND POL_NUM=#{policyNo};
		
	</select>
	
	<select id="getCustomerByCase" resultType="java.util.Map"
		parameterType="com.aia.case360.web.pojo.CaseDetailsInfo">
	SELECT DISTINCT FWL.COMPANY_NO,FWL.POL_NUM,
		CONVERT(nvarchar, DecryptByKeyAutoAsymKey ( AsymKey_ID('NRIC_AKey') , NULL ,dbo.hexstr2varbin(FWCO.NRIC))) AS NRIC,
		CONVERT(nvarchar, DecryptByKeyAutoAsymKey ( AsymKey_ID('NRIC_AKey') , NULL ,dbo.hexstr2varbin(FWCI.NRIC))) AS INSURED_NRIC  
	FROM CF_WORK CW WITH (NOLOCK) 
		JOIN FD_WCF_LINK FWL WITH (NOLOCK) ON CW.ROOT_CASE_ID=FWL.LINKCASEID   AND ISNULL(FWL.IS_DELETED,0) = 0 
		LEFT JOIN FD_WCF_CLIENT FWCI WITH (NOLOCK) ON FWCI.LINKCASEID=FWL.LINKCASEID AND FWCI.POL_NUM=FWL.POL_NUM AND FWCI.POL_ROLE IN ('A','B','Y') 
		LEFT JOIN FD_WCF_CLIENT FWCO WITH (NOLOCK) ON FWCO.LINKCASEID=FWL.LINKCASEID AND FWCO.POL_NUM=FWL.POL_NUM AND FWCO.POL_ROLE IN ('B','C') 
	WHERE 1=1 
	
	<if test="casefolderid!= null">
 	and CW.CASEFOLDERID=#{casefolderid}
 	</if>
  	<if test="requestNo!= null">
 	and CW.REQUEST_NUM=#{requestNo}
 	</if>
		
	</select>
	
	<select id="getReqTypeInformation" resultType="com.aia.case360.web.pojo.FdReqType"
		parameterType="java.util.Map">
	SELECT REQ_TYPE as reqType,SLA_DAYS  as slaDays,DEPARTMENT as department,EFFECTIVE_DATE as effectiveDate,IS_URGENT as isUrgent,REQTYPE_STATUS as reqtypeStatus,
	PROCESS_NM as processNm,DISPLAY_NAME as displayName,VERSION_NUM as versionNum,REQ_TYPE_GRP as reqTypeGrp,CATEGORY as category,BUDDY_CHECK as buddyCheck,
	BUDDY_REQ_TYPE as buddyReqType FROM FD_REQTYPE FR with (nolock) where  ISNULL(IS_DISABLE,0)=0 
	AND EXISTS(SELECT 1 FROM (SELECT REQ_TYPE,MAX(VERSION_NUM) AS VERSION_NUM FROM FD_REQTYPE with (nolock) WHERE ISNULL(IS_DISABLE,0)=0  GROUP BY REQ_TYPE) FR1 
				WHERE FR.REQ_TYPE=FR1.REQ_TYPE AND FR.VERSION_NUM=FR1.VERSION_NUM)
	<if test="reqType!= null">
 	and FR.REQ_TYPE=#{reqType}
 	</if>
 	
	</select>
	
	
	<select id="getUserStatus" resultType="java.util.Map"
		parameterType="java.util.Map">
	SELECT ACTIVESTATUS,DISPLAYNAME FROM SONORAUSERS WITH(NOLOCK)
	WHERE 1=1
	<if test="userId!= null">
 	and LOGINID =#{userId}
 	</if>
 	</select>
 	
 	<select id="getTrainerStatus" resultType="java.util.Map"
		parameterType="java.util.Map">
	SELECT COMMENTS, LEAVE_TYPE, LEAVE_DATE, USERLANID, DATE_TYPE, LEAVE_FLAG,
	CASE WHEN CONVERT(varchar(5), getdate(), 24) &gt;
	   	(SELECT  REFERENCE_KEY2
	    FROM FD_SYS_CONFIG WITH(NOLOCK)
	    WHERE CONFIG_NAME = 'WORK_CALENDAR'
	    AND CONFIG_VALUE = 'AM_DURATION') THEN 'PM' ELSE 'AM' END AS CURRENT_TYPE
	FROM FD_LEAVE_MANAGEMENT
	WHERE isnull(DELETE_FLAG,0) = 0
	AND LEAVE_DATE &lt;= getdate()
	AND LEAVE_DATE &gt;= CONVERT(DATE, GETDATE())
	<if test="userId!= null">
 	AND USERLANID = #{userId}
 	</if>

	</select>
	
	<select id="verifyIsTrainee" resultType="java.util.Map"
		parameterType="java.util.Map">
	select PRIMARY_TRAINER_NM,BAK_TRAINER_NM,  isnull(IS_trainee,0) IS_TRAINEE from FD_UAM_USERTRAINING_REF  WITH(NOLOCK) 
	where isnull(IS_trainee,0)=1  AND ISNULL(IS_DELETED,0)=0 
	<if test="reqType!= null">
 	AND REQ_TYPE = #{reqType}
 	</if>
 	<if test="activityName!= null">
 	AND ACTIVITY_NAME = #{activityName}
 	</if>
 	<if test="userId!= null">
 	AND UAM_USER_ID = #{userId}
 	</if>

	</select>
	
	<select id="queryPolicyByNRIC" resultType="map" parameterType="java.util.Map">
		SELECT DISTINCT FWC.POL_NUM policyNo,
			FP.POL_STATUS_DES policyStatus,
			FP.SOURCE source,
			FP.INCEPTION_DT inceptionDate,
			FP.PRODUCT product,
			FP.POL_PTD AS ptd,
			FP.COMPANY companyCode
		FROM FD_WCF_CLIENT FWC
		LEFT JOIN FD_POLICY FP
			ON FWC.POL_NUM = FP.POL_NUM
		WHERE POL_ROLE IN ('A', 'B', 'C')
		<if test="nric != null and nric != '' ">
			AND ISNULL(FWC.NRIC, '') =  #{nric}
		</if>
	</select>
	
	<select id="queryPolicyByPolNum" resultType="map" parameterType="java.util.Map">
		SELECT FP.POL_NUM policyNo,
			FP.POL_STATUS_DES policyStatus,
			FP.SOURCE source,
			FP.INCEPTION_DT inceptionDate,
			FP.PRODUCT product,
			FP.POL_PTD ptd,
			FP.COMPANY companyCode	
		FROM FD_POLICY FP
		WHERE 1 = 1
		<if test="polNum != null and polNum != '' ">
			AND ISNULL(FP.POL_NUM, '') =  #{polNum}
		</if>
	</select>
	
	 <resultMap id="CfWorkMap" type="com.aia.case360.web.pojo.CfWork" >
    <result column="REQUEST_NUM" property="requestNum" jdbcType="NVARCHAR" />
	<result column="CASE_STATUS" property="caseStatus" jdbcType="NVARCHAR" />
   
  </resultMap>
	
	<select id="existCfWork" resultMap="CfWorkMap"  parameterType="String">
	     select * from cf_work where  request_num =  #{linkRequestNum}
		
	</select>
	
	 <resultMap id="LinkCaseMap" type="com.aia.case360.web.pojo.LinkCaseVO" >
    <result column="REQUEST_NUM" property="requestNum" jdbcType="NVARCHAR" />
	<result column="CREATED_BY" property="createdBy" jdbcType="NVARCHAR" />
   <result column="CREATED_TIMESTAMP" property="createdTimestamp" jdbcType="TIMESTAMP" />
   <result column="DELETE_FLAG" property="deleteFlag" jdbcType="NVARCHAR" />
   <result column="LAST_UPDATED_BY" property="lastUpdatedBy" jdbcType="NVARCHAR" />
   <result column="LAST_UPDATED_TIMESTAMP" property="lastUpdatedTimestamp" jdbcType="TIMESTAMP" />
   <result column="LINK_REQUEST_NUM" property="linkRequestNum" jdbcType="NVARCHAR" />
   <result column="CASE_STATUS" property="caseStatus" jdbcType="NVARCHAR" />
    
  </resultMap>
	
	
	<select id="existLinkCase" resultMap="LinkCaseMap" >
	  select count(1) from fd_link_case where 1=1	and  	   
	  (  request_num=#{linkRequestNum} and link_Request_Num=#{requestNum} )
	   or  
	  ( link_Request_Num=#{linkRequestNum} and request_num=#{requestNum}) 
	
	</select>
	
	<select id="basicQueryCaseList" resultType="java.util.Map" parameterType="String">
		<![CDATA[ 
			{call [dbo].[SP_CaseQuickSearchBasic](  
	                 #{requestNo,jdbcType=NVARCHAR,mode=IN},
	                 #{polNo,jdbcType=NVARCHAR,mode=IN},
	                 #{idNo,jdbcType=NVARCHAR,mode=IN},   
	                 #{curUserId,jdbcType=NVARCHAR,mode=IN}
	             )}
	         ]]>
	</select>
	
	<select id="isMimoRequest" resultType="int" parameterType="String">
		SELECT COUNT(1) FROM CF_WORK WITH(NOLOCK) WHERE SOURCE_SYSTEM='Migration File' AND DEPARTMENT='POS' AND REQUEST_NUM = #{requestNo}
	</select>
	
	<insert id="addNonAIACusToClientLink" parameterType="com.aia.case360.web.pojo.FdWcfClient">
		INSERT INTO FD_WCF_CLIENT (
			IS_NONAIA,
			LINKCASEID,
			NRIC,
			POL_ROLE,
			CREATED_BY,
			CREATED_TIMESTAMP,
			IS_DELETED,
			HASHSTR,
			CUST_NM
			)
		SELECT 1,
			#{linkcaseId},
			NRIC,
			'0',
			#{createdBy},
			getdate(),
			0,
			HASHSTR,
			NM_ENCODED
		FROM FD_NON_AIA_CUSTOMER
		WHERE HASHSTR = sys.fn_VarBinToHexStr(HashBytes('SHA2_256', CONVERT(NVARCHAR, upper(ltrim(rtrim(#{nric}))))))
   	</insert> 
	<select id="validUserFormIdAuth" resultType="java.util.Map" parameterType="String">
		exec validUserFormIdAuth #{userId}, #{formId}
	</select>
</mapper>
