<?xml version="1.0" encoding="UTF-8" ?>
<!DOCTYPE mapper PUBLIC "-//mybatis.org//DTD Mapper 3.0//EN" "http://mybatis.org/dtd/mybatis-3-mapper.dtd" >
<mapper namespace="com.aia.case360.web.dao.SearchLeaveTypeDao" >
	<select id="searchLeaveType" resultType="java.util.Map" parameterType="java.util.Map">   
		SELECT LEAVE_TYPE_NAME, LEAVE_TYPE_CODE FROM  FD_LEAVE_TYPE_MANAGER  with(nolock)   
	</select>
		<select id="searchAuditTaril" resultType="java.util.Map"   parameterType="java.util.Map">
		SELECT S_ROWID, CREATE_DT, CREATE_ID,NEW_LEAVE_DATE,NEW_LEAVE_TYPE,NEW_USER_ID,OLD_LEAVE_DATE,OLD_LEAVE_TYPE,OLD_USER_ID,
		ROW_ID,NEW_USERLANID,OLD_USERLANID,AUDIT_STATUS,NEW_CREATE_BY,AUDIT_DESC,OLD_CREATE_BY FROM FD_LEAVE_TYPE_AUDIT_TRAIL  where 1=1 order by CREATE_DT desc		
		
	</select>
	
	<select id="searchCurrentUser" resultType="java.util.Map"  parameterType="java.util.Map">
	    select  R.MENU_ID , U.UAM_USER_ID  from	FD_UAM_ROLEMENU_REF R ,FD_UAM_USERROLE_REF U 
	    WHERE R.UAM_ROLE_ID=U.UAM_ROLE_ID AND U.UAM_DELETE_FLAG is null and R.MENU_ID='BDLADDADM'  AND U.UAM_USER_ID=#{userId}	     <!-- and R.MENU_ID='BDLADDADM' -->
	</select>
	
	<select id="queryPublicHolidayAuditTrail" resultType="java.util.Map"  parameterType="java.util.Map">
	    SELECT COMMENTS,
			CREATED_BY,
			DISPLAYNAME AS USERNAME,
			CREATED_TIMESTAMP
		FROM FD_CALENDAR_AUDIT_TRAIL,
			SONORAUSERS
		WHERE CREATED_BY = LOGINID
		ORDER BY CREATED_TIMESTAMP DESC
	</select>
	
</mapper>


