<?xml version="1.0" encoding="UTF-8" ?>
<!DOCTYPE mapper PUBLIC "-//mybatis.org//DTD Mapper 3.0//EN" "http://mybatis.org/dtd/mybatis-3-mapper.dtd" >
<mapper namespace="com.aia.case360.web.dao.SowCategoryReqtypeDao">
	
	<resultMap id="ReqtypeMap" type="com.aia.case360.web.pojo.SowCategory" >
	    <result column="ACL" property="acl" jdbcType="NVARCHAR" />
		<result column="S_ROWID" property="sRowId" jdbcType="DECIMAL" />
		<result column="CREATED_BY" property="createdBy" jdbcType="NVARCHAR" />
		<result column="CREATED_TIMESTAMP" property="createdTimeStamp" jdbcType="TIMESTAMP" />
		<result column="IS_DELETED" property="isDeleted" jdbcType="SMALLINT" />
		<result column="LAST_UPDATED_BY" property="lastUpdateBy" jdbcType="NVARCHAR" />
		<result column="LAST_UPDATED_TIMESTAMP" property="lastUpdateTimeStamp" jdbcType="TIMESTAMP" />
		<result column="BENCHMARK" property="benchMark" jdbcType="NVARCHAR" />
		<result column="CATEGORY_DESC" property="categoryDesc" jdbcType="NVARCHAR" />
		<result column="SOW_CATEGORY" property="sowCategory" jdbcType="NVARCHAR" />
		<result column="REQ_TYPE" property="reqType" jdbcType="NVARCHAR" />
		<result column="HANDLE" property="handle" jdbcType="CHAR" />
		<result column="ACTION_DESC" property="actionDesc" jdbcType="NVARCHAR" />
		<result column="CATEGORY" property="category" jdbcType="NVARCHAR" />
	</resultMap>
	
	<resultMap id="AuditTrailReqtypeMap" type="com.aia.case360.web.pojo.SowCategoryAuditTrail" >
		<result column="CREATED_BY" property="createdBy" jdbcType="NVARCHAR" />
		<result column="CREATED_TIMESTAMP" property="createdTimeStamp" jdbcType="TIMESTAMP" />
		<result column="SOW_CATEGORY" property="sowCategory" jdbcType="NVARCHAR" />
		<result column="ACTION_DESC" property="actionDesc" jdbcType="NVARCHAR" />
		<result column="CATEGORY" property="category" jdbcType="NVARCHAR" />
	</resultMap>
	
	<select id="querySowCategory" parameterType="com.aia.case360.web.pojo.SowCategory" resultMap="ReqtypeMap">
		SELECT SOW_CATEGORY,
			CATEGORY_DESC,
			BENCHMARK,
			S_ROWID,
			CREATED_BY,
			CREATED_TIMESTAMP,
			LAST_UPDATED_BY,
			LAST_UPDATED_TIMESTAMP,
			'1' AS HANDLE
		FROM FD_SOW_CATEGORY
		WHERE ISNULL(IS_DELETED, 0) = 0
    	<if test="sowCategory!=null and sowCategory!=''">
			<bind name="sowCategoryPattern" value="'%' + sowCategory + '%'" />
       		and SOW_CATEGORY like #{sowCategoryPattern}
       	</if>
     	<if test="categoryDesc!=null and categoryDesc!=''">
			<bind name="categoryDescPattern" value="'%' + categoryDesc + '%'" />
       		and CATEGORY_DESC like #{categoryDescPattern}
       	</if>
		<if test="benchMark!=null and benchMark!=''">
			<bind name="benchMarkPattern" value="'%' + benchMark + '%'" />
       		and BENCHMARK like #{benchMarkPattern}
       	</if>
	</select>
	
	<select id="querySowCategoryReqType" parameterType="com.aia.case360.web.pojo.SowCategory" resultMap="ReqtypeMap">
		SELECT SOW_CATEGORY,
			REQ_TYPE,
			CREATED_BY,
			CREATED_TIMESTAMP,
			S_ROWID
		FROM FD_SOW_CATEGORY_REQTYPE_MAPPING
		WHERE ISNULL(IS_DELETED, 0) = 0
		<if test="reqType!=null and reqType!=''">
			<bind name="reqTypePattern" value="'%' + reqType + '%'" />
       		and REQ_TYPE like #{reqTypePattern}
       	</if>
    	<if test="sowCategory!=null and sowCategory!=''">
       		and SOW_CATEGORY = #{sowCategory}
       	</if>
	</select>
	
	<insert id="addSowCategory" parameterType="com.aia.case360.web.pojo.SowCategory">	
		INSERT INTO FD_SOW_CATEGORY 
		<trim prefix="(" suffix=")" suffixOverrides="," >
	      	<if test="acl != null" >acl,</if>
			<if test="createdBy != null" >CREATED_BY,</if>
			<if test="createdTimeStamp != null" >CREATED_TIMESTAMP,</if>
			<if test="lastUpdateBy != null" >LAST_UPDATED_BY,</if>
			<if test="lastUpdateTimeStamp != null" >LAST_UPDATED_TIMESTAMP,</if>
			<if test="benchMark != null" >BENCHMARK,</if>
			<if test="categoryDesc != null" >CATEGORY_DESC,</if>
			<if test="sowCategory != null" >SOW_CATEGORY,</if>
	    </trim>
		
	    <trim prefix="values (" suffix=")" suffixOverrides="," >
	      	<if test="acl != null" >#{acl},</if>
			<if test="createdBy != null">#{createdBy},</if>
			<if test="createdTimeStamp != null">#{createdTimeStamp},</if>
			<if test="lastUpdateBy != null">#{lastUpdateBy},</if>
			<if test="lastUpdateTimeStamp != null">#{lastUpdateTimeStamp},</if>
			<if test="benchMark != null">#{benchMark},</if>
			<if test="categoryDesc != null">#{categoryDesc},</if>
			<if test="sowCategory != null">#{sowCategory},</if>
    	</trim>
	</insert>
	
	<insert id="addSowReqType" parameterType="java.util.List">
		<foreach collection="list" separator=";" item="act">
			INSERT INTO FD_SOW_CATEGORY_REQTYPE_MAPPING 
			<trim prefix="(" suffix=")" suffixOverrides="," >
				<if test="act.createdBy != null" >CREATED_BY,</if>
				<if test="act.createdTimeStamp != null" >CREATED_TIMESTAMP,</if>
				<if test="act.sowCategory != null" >SOW_CATEGORY,</if>
				<if test="act.reqType != null" >REQ_TYPE,</if>
		    </trim>
			
		    <trim prefix="values (" suffix=")" suffixOverrides="," >
		      	<if test="act.acl != null" >#{act.acl},</if>
				<if test="act.createdBy != null">#{act.createdBy},</if>
				<if test="act.createdTimeStamp != null">#{act.createdTimeStamp},</if>
				<if test="act.sowCategory != null">#{act.sowCategory},</if>
				<if test="act.reqType != null">#{act.reqType},</if>
	    	</trim>
	    </foreach>
	</insert>
	
	<update id="updateSowCategory" parameterType="com.aia.case360.web.pojo.SowCategory">
		UPDATE FD_SOW_CATEGORY 
		<set>
			<if test="acl != null" >acl=#{acl},</if>
			<if test="createdBy != null" >CREATED_BY=#{createdBy},</if>
			<if test="createdTimeStamp != null" >CREATED_TIMESTAMP=#{createdTimeStamp},</if>
			<if test="lastUpdateBy != null" >LAST_UPDATED_BY=#{lastUpdateBy},</if>
			<if test="lastUpdateTimeStamp != null" >LAST_UPDATED_TIMESTAMP=#{lastUpdateTimeStamp},</if>
			<if test="benchMark != null" >BENCHMARK=#{benchMark},</if>
			<if test="categoryDesc != null" >CATEGORY_DESC=#{categoryDesc},</if>
			<if test="sowCategory != null" >SOW_CATEGORY=#{sowCategory},</if>
			<if test="isDeleted != null" >IS_DELETED=#{isDeleted},</if>
    	</set>
    	WHERE S_ROWID = #{sRowId}
	</update>
	
	<update id="delSowReqType" parameterType="java.util.List">
		<foreach collection="list" separator=";" item="item">
			UPDATE FD_SOW_CATEGORY_REQTYPE_MAPPING 
			<set>
				<if test="item.isDeleted != null" >IS_DELETED=#{item.isDeleted},</if>
	    	</set>
	    	WHERE S_ROWID = #{item.sRowId}
	    </foreach>
	</update>
	
	<select id="queryChoosedReqTypeList" parameterType="java.util.Map" resultType="java.util.Map">
		SELECT REQ_TYPE,
			DISPLAY_NAME,
			DEPARTMENT,
			CATEGORY,
			SLA_DAYS,
			IS_URGENT
		FROM FD_REQTYPE
		WHERE ISNULL(IS_DISABLE, 0) = 0
		<if test="reqType!=null and reqType!=''">
       		and REQ_TYPE like '%' + #{reqType} + '%'
       	</if>
       	
       	<if test="category!=null and category!=''">
       		and CATEGORY = #{category}
       	</if>
       	
    	<if test="department!=null and department!=''">
       		and DEPARTMENT = #{department}
       	</if>
	</select>
	
	<update id="delSowReqTypeByCategory" parameterType="com.aia.case360.web.pojo.SowCategory">
		UPDATE FD_SOW_CATEGORY_REQTYPE_MAPPING SET IS_DELETED = 1 WHERE SOW_CATEGORY = #{sowCategory}
	</update>
	
	<insert id="addAuditTrail" parameterType="com.aia.case360.web.pojo.SowCategoryAuditTrail">	
		INSERT INTO FD_SOW_CATEGORY_AUDIT_TRAIL 
		<trim prefix="(" suffix=")" suffixOverrides="," >
	      	<if test="acl != null" >acl,</if>
			<if test="createdBy != null" >CREATED_BY,</if>
			<if test="createdTimeStamp != null" >CREATED_TIMESTAMP,</if>
			<if test="actionDesc != null" >ACTION_DESC,</if>
			<if test="category != null" >CATEGORY,</if>
			<if test="sowCategory != null" >SOW_CATEGORY,</if>
	    </trim>
		
	    <trim prefix="values (" suffix=")" suffixOverrides="," >
	      	<if test="acl != null" >#{acl},</if>
			<if test="createdBy != null">#{createdBy},</if>
			<if test="createdTimeStamp != null">#{createdTimeStamp},</if>
			<if test="actionDesc != null">#{actionDesc},</if>
			<if test="category != null">#{category},</if>
			<if test="sowCategory != null">#{sowCategory},</if>
    	</trim>
	</insert>
	
	<select id="querySowCategoryAuditTrail" parameterType="String" resultMap="AuditTrailReqtypeMap">
		SELECT SOW_CATEGORY,
			CATEGORY,
			ACTION_DESC,
			S_ROWID,
			CREATED_BY,
			CREATED_TIMESTAMP
		FROM FD_SOW_CATEGORY_AUDIT_TRAIL
		WHERE SOW_CATEGORY = #{sowCategory}
		ORDER BY CREATED_TIMESTAMP DESC
	</select>
	
	<select id="querySowCategoryByCategory" parameterType="com.aia.case360.web.pojo.SowCategory" resultMap="ReqtypeMap">
		SELECT SOW_CATEGORY,
			CATEGORY_DESC,
			BENCHMARK
		FROM FD_SOW_CATEGORY
		WHERE ISNULL(IS_DELETED, 0) = 0
			AND SOW_CATEGORY = #{sowCategory}
	</select>
</mapper>
