<?xml version="1.0" encoding="UTF-8" ?>
<!DOCTYPE mapper PUBLIC "-//mybatis.org//DTD Mapper 3.0//EN" "http://mybatis.org/dtd/mybatis-3-mapper.dtd" >
<mapper namespace="com.aia.case360.web.dao.UAMAuditTrailDao">

	<select id="getUAMAuditTrail" resultType="com.aia.case360.uam.domain.UAMAuditTrail">
        select 
        	FD_UAM_AUDIT_TRAIL.S_ROWID as sRowid,
			isnull(FD_UAM_AUDIT_TRAIL.ACTION_DESC,'') as actionDesc,
			isnull(FD_UAM_AUDIT_TRAIL.CATEGORY,'') as category,
			isnull(FD_UAM_AUDIT_TRAIL.CREATE_TIMESTAMP,'') as createTimestamp,
			isnull(FD_UAM_AUDIT_TRAIL.UAM_COMPONENT_NAME,'') as uamComponentName,
			isnull(FD_UAM_AUDIT_TRAIL.UAM_USER_ID,'') as uamUserId,
			isnull(SONORAUSERS.DISPLAYNAME,'') as uamUserName
		from FD_UAM_AUDIT_TRAIL  WITH(NOLOCK)
		left join SONORAUSERS WITH(NOLOCK) on SONORAUSERS.LOGINID=FD_UAM_AUDIT_TRAIL.UAM_USER_ID
		where 1=1
		<if test="param.category != null and param.category.length() > 0">
			AND CATEGORY=#{param.category}
		</if>
		<if test="param.uamComponentName != null and param.uamComponentName.length() > 0">
			AND UAM_COMPONENT_NAME=#{param.uamComponentName}
		</if>
		<if test="param.userId != null and param.userId.length() > 0">
			AND upper(UAM_USER_ID)=upper(#{param.userId})
		</if>
		<if test="param.fromDate != null and param.fromDate.length() > 0">
			AND CREATE_TIMESTAMP &gt;='${param.fromDate} 00:00:00.000'
		</if>
		<if test="param.toDate != null and param.toDate.length() > 0">
			AND CREATE_TIMESTAMP &lt;='${param.toDate} 23:59:59.999'
		</if>
		
        order by CREATE_TIMESTAMP desc
    
    </select>
    
    <select id="getUAMOrganizationAuditTrail" resultType="com.aia.case360.uam.domain.UAMOrganizationAuditTrail">
        with teamslist as 
		(
	     select (cast(UAM_COMPONENT_NAME as VARCHAR(4000))) as UAM_COMPONENT_NAME ,UAM_COMPONENT_PARENTID,UAM_COMPONENT_ID from FD_UAM_COMPONENT with(nolock) where UAM_COMPONENT_ID  = #{param.uamComponentName}
	     <if test="'1'.toString()==param.withChild">
	     union all
	     select (cast((tl.UAM_COMPONENT_NAME + '_' + air.UAM_COMPONENT_NAME) as VARCHAR(4000))) as UAM_COMPONENT_NAME, air.UAM_COMPONENT_PARENTID, air.UAM_COMPONENT_ID 
		 from FD_UAM_COMPONENT  as air with(nolock) inner join teamslist tl on air.UAM_COMPONENT_PARENTID = tl.UAM_COMPONENT_ID
	     </if>
		)
		select 
			teamslist.UAM_COMPONENT_NAME as team,
        	FD_UAM_AUDIT_TRAIL.S_ROWID as sRowid,
			isnull(FD_UAM_AUDIT_TRAIL.ACTION_DESC,'') as actionDesc,
			isnull(FD_UAM_AUDIT_TRAIL.CATEGORY,'') as category,
			isnull(FD_UAM_AUDIT_TRAIL.CREATE_TIMESTAMP,'') as createTimestamp,
			isnull(FD_UAM_AUDIT_TRAIL.UAM_COMPONENT_NAME,'') as uamComponentName,
			isnull(FD_UAM_AUDIT_TRAIL.UAM_USER_ID,'') as uamUserId,
			isnull(SONORAUSERS.DISPLAYNAME,'') as uamUserName
		from FD_UAM_AUDIT_TRAIL  WITH(NOLOCK)
		left join SONORAUSERS WITH(NOLOCK) on SONORAUSERS.LOGINID=FD_UAM_AUDIT_TRAIL.UAM_USER_ID
		join teamslist on cast(teamslist.UAM_COMPONENT_ID as VARCHAR) = cast(FD_UAM_AUDIT_TRAIL.UAM_COMPONENT_NAME as VARCHAR)
		where 1=1
		<if test="param.category != null and param.category.length() > 0">
			AND CATEGORY=#{param.category}
		</if>
		<if test="param.userId != null and param.userId.length() > 0">
			AND upper(UAM_USER_ID)=upper(#{param.userId})
		</if>
		<if test="param.fromDate != null and param.fromDate.length() > 0">
			AND CREATE_TIMESTAMP &gt;='${param.fromDate} 00:00:00.000'
		</if>
		<if test="param.toDate != null and param.toDate.length() > 0">
			AND CREATE_TIMESTAMP &lt;='${param.toDate} 23:59:59.999'
		</if>
		
        order by 
        <!-- <if test="'1'.toString()==param.withChild">
        	teamslist.UAM_COMPONENT_NAME asc, 
        </if> -->
        FD_UAM_AUDIT_TRAIL.CREATE_TIMESTAMP desc
    </select>

	<insert id="addUAMAuditTrail" keyProperty="param.sRowid" keyColumn="S_ROWID" useGeneratedKeys="true" parameterType="com.aia.case360.uam.domain.UAMAuditTrail">

			insert into FD_UAM_AUDIT_TRAIL (
				[ACTION_DESC]
				,[CATEGORY]
				,[CREATE_TIMESTAMP]
				,[UAM_COMPONENT_NAME]
				,[UAM_USER_ID]
			)
			values(
				#{param.actionDesc},
				#{param.category},
				<choose>
					<when test="param.createTimestamp != null and param.createTimestamp.length() > 0">
						#{param.createTimestamp},
					</when>
					<otherwise>
						getDate(),
					</otherwise>
				</choose>
				#{param.uamComponentName},
				#{param.uamUserId}
			)

    </insert>
    
    <insert id="syncUAMUserAuditTrail" statementType="CALLABLE" >

        <![CDATA[
           {CALL sp_uam_synch_user_audittrail(
           #{param.uamUserPhoneNumber,mode=IN,jdbcType=VARCHAR},
           #{param.uamUserDepartment,mode=IN,jdbcType=VARCHAR},
           #{param.uamUserOfficeNumber,mode=IN,jdbcType=VARCHAR},
           #{param.userCompany,mode=IN,jdbcType=VARCHAR},
           #{param.uamUserId,mode=IN,jdbcType=VARCHAR},
           #{param.fromAD,mode=IN,jdbcType=VARCHAR},
           #{param.displayName,mode=IN,jdbcType=VARCHAR},
           #{param.activeStatus,mode=IN,jdbcType=VARCHAR},
           #{param.deliveryString,mode=IN,jdbcType=VARCHAR},
           #{param.curUser,mode=IN,jdbcType=VARCHAR},
           #{param.opFlag,mode=IN,jdbcType=INTEGER}
           )}
       	]]>

    </insert>
    
    <insert id="editUAMUserAuditTrail" statementType="CALLABLE" >

        <![CDATA[
           {CALL sp_uam_edit_user_audittrail(
           #{param.uamUserPhoneNumber,mode=IN,jdbcType=VARCHAR},
           #{param.department,mode=IN,jdbcType=VARCHAR},
           #{param.userCompany,mode=IN,jdbcType=VARCHAR},
           #{param.calCompany,mode=IN,jdbcType=VARCHAR},
           #{param.uamUserId,mode=IN,jdbcType=VARCHAR},
           #{param.displayName,mode=IN,jdbcType=VARCHAR},
           #{param.activeStatus,mode=IN,jdbcType=VARCHAR},
           #{param.deliveryString,mode=IN,jdbcType=VARCHAR},
           #{param.curUser,mode=IN,jdbcType=VARCHAR},
           #{param.teams,mode=IN,jdbcType=VARCHAR},
           #{param.roleIds,mode=IN,jdbcType=VARCHAR}
           )}
       	]]>

    </insert>
    
    <insert id="editUAMRoleAuditTrail" statementType="CALLABLE" >
 
        <![CDATA[
           {CALL sp_uam_edit_role_audittrail(
           #{param.roleType,mode=IN,jdbcType=INTEGER},
           #{param.roleId,mode=IN,jdbcType=DECIMAL},
           #{param.reqIds,mode=IN,jdbcType=VARCHAR},
           #{param.actIds,mode=IN,jdbcType=VARCHAR},
           #{param.menuIds,mode=IN,jdbcType=VARCHAR},
           #{param.roleName,mode=IN,jdbcType=VARCHAR},
           #{param.department,mode=IN,jdbcType=VARCHAR},
           #{param.enable,mode=IN,jdbcType=INTEGER},
           #{param.remark,mode=IN,jdbcType=VARCHAR},
           #{param.loginUser,mode=IN,jdbcType=VARCHAR}
           )}
       	]]>

    </insert>
    
    <insert id="deleteComponentAuditTrail" statementType="CALLABLE" >
 
        <![CDATA[
           {CALL sp_uam_delete_component_audittrail(
           #{componentId,mode=IN,jdbcType=DECIMAL},
           #{loginUser,mode=IN,jdbcType=VARCHAR}
           )}
       	]]>

    </insert>
    
    <insert id="editUAMTeamSettingAuditTrail" statementType="CALLABLE" >
 
        <![CDATA[
           {CALL sp_uam_edit_team_setting_audittrail(
           #{param.componentId,mode=IN,jdbcType=DECIMAL},
           #{param.reqIds,mode=IN,jdbcType=VARCHAR},
           #{param.actIds,mode=IN,jdbcType=VARCHAR},
           #{param.loginUser,mode=IN,jdbcType=VARCHAR}
           )}
       	]]>

    </insert>
    
    <insert id="updateComponentAuditTrail" statementType="CALLABLE" >
 
        <![CDATA[
           {CALL sp_uam_update_component_audittrail(
           #{param.componentId,mode=IN,jdbcType=DECIMAL},
           #{param.companyName,mode=IN,jdbcType=VARCHAR},
           #{param.companyType,mode=IN,jdbcType=VARCHAR},
           #{param.tmUserIds,mode=IN,jdbcType=VARCHAR},
           #{param.tmPositions,mode=IN,jdbcType=VARCHAR},
           #{param.loginUser,mode=IN,jdbcType=VARCHAR}
           )}
       	]]>

    </insert>
</mapper>