<?xml version="1.0" encoding="UTF-8"?>
<!DOCTYPE mapper PUBLIC "-//mybatis.org//DTD Mapper 3.0//EN" "http://mybatis.org/dtd/mybatis-3-mapper.dtd">
<mapper namespace="com.aia.case360.web.dao.UamMenuMapper">
  <resultMap id="BaseResultMap" type="com.aia.case360.web.dao.UamMenu">
    <!--
      WARNING - @mbggenerated
      This element is automatically generated by MyBatis Generator, do not modify.
      This element was generated on Fri Mar 30 17:24:00 GMT+08:00 2018.
    -->
    <id column="S_ROWID" jdbcType="DECIMAL" property="sRowid" />
    <result column="DELETE_FLAG" jdbcType="NVARCHAR" property="deleteFlag" />
    <result column="MENU_DESC" jdbcType="NVARCHAR" property="menuDesc" />
    <result column="MENU_LINK" jdbcType="NVARCHAR" property="menuLink" />
    <result column="MENU_NM" jdbcType="NVARCHAR" property="menuNm" />
    <result column="MENU_TYPE" jdbcType="SMALLINT" property="menuType" />
    <result column="CREATE_TIMESTAMP" jdbcType="TIMESTAMP" property="createTimestamp" />
    <result column="UPDATE_TIMESTAMP" jdbcType="TIMESTAMP" property="updateTimestamp" />
    <result column="UPDATED_BY" jdbcType="NVARCHAR" property="updatedBy" />
    <result column="IS_PUBLIC" jdbcType="SMALLINT" property="isPublic" />
    <result column="MENU_LEVEL" jdbcType="INTEGER" property="menuLevel" />
    <result column="MENU_ID" jdbcType="NVARCHAR" property="menuId" />
    <result column="PARENT_MENUID" jdbcType="NVARCHAR" property="parentMenuid" />
  </resultMap>
  <sql id="Example_Where_Clause">
    <!--
      WARNING - @mbggenerated
      This element is automatically generated by MyBatis Generator, do not modify.
      This element was generated on Fri Mar 30 17:24:00 GMT+08:00 2018.
    -->
    <where>
      <foreach collection="oredCriteria" item="criteria" separator="or">
        <if test="criteria.valid">
          <trim prefix="(" prefixOverrides="and" suffix=")">
            <foreach collection="criteria.criteria" item="criterion">
              <choose>
                <when test="criterion.noValue">
                  and ${criterion.condition}
                </when>
                <when test="criterion.singleValue">
                  and ${criterion.condition} #{criterion.value}
                </when>
                <when test="criterion.betweenValue">
                  and ${criterion.condition} #{criterion.value} and #{criterion.secondValue}
                </when>
                <when test="criterion.listValue">
                  and ${criterion.condition}
                  <foreach close=")" collection="criterion.value" item="listItem" open="(" separator=",">
                    #{listItem}
                  </foreach>
                </when>
              </choose>
            </foreach>
          </trim>
        </if>
      </foreach>
    </where>
  </sql>
  <sql id="Update_By_Example_Where_Clause">
    <!--
      WARNING - @mbggenerated
      This element is automatically generated by MyBatis Generator, do not modify.
      This element was generated on Fri Mar 30 17:24:00 GMT+08:00 2018.
    -->
    <where>
      <foreach collection="example.oredCriteria" item="criteria" separator="or">
        <if test="criteria.valid">
          <trim prefix="(" prefixOverrides="and" suffix=")">
            <foreach collection="criteria.criteria" item="criterion">
              <choose>
                <when test="criterion.noValue">
                  and ${criterion.condition}
                </when>
                <when test="criterion.singleValue">
                  and ${criterion.condition} #{criterion.value}
                </when>
                <when test="criterion.betweenValue">
                  and ${criterion.condition} #{criterion.value} and #{criterion.secondValue}
                </when>
                <when test="criterion.listValue">
                  and ${criterion.condition}
                  <foreach close=")" collection="criterion.value" item="listItem" open="(" separator=",">
                    #{listItem}
                  </foreach>
                </when>
              </choose>
            </foreach>
          </trim>
        </if>
      </foreach>
    </where>
  </sql>
  <sql id="Base_Column_List">
    <!--
      WARNING - @mbggenerated
      This element is automatically generated by MyBatis Generator, do not modify.
      This element was generated on Fri Mar 30 17:24:00 GMT+08:00 2018.
    -->
    S_ROWID, DELETE_FLAG, MENU_DESC, MENU_LINK, MENU_NM, MENU_TYPE, CREATE_TIMESTAMP, 
    UPDATE_TIMESTAMP, UPDATED_BY, IS_PUBLIC, MENU_LEVEL, MENU_ID, PARENT_MENUID
  </sql>
  <select id="selectByExample" parameterType="com.aia.case360.web.dao.UamMenuExample" resultMap="BaseResultMap">
    <!--
      WARNING - @mbggenerated
      This element is automatically generated by MyBatis Generator, do not modify.
      This element was generated on Fri Mar 30 17:24:00 GMT+08:00 2018.
    -->
    select
    <if test="distinct">
      distinct
    </if>
    <include refid="Base_Column_List" />
    from FD_UAM_MENU
    <if test="_parameter != null">
      <include refid="Example_Where_Clause" />
    </if>
    <if test="orderByClause != null">
      order by ${orderByClause}
    </if>
  </select>
  <select id="selectByPrimaryKey" parameterType="java.lang.Long" resultMap="BaseResultMap">
    <!--
      WARNING - @mbggenerated
      This element is automatically generated by MyBatis Generator, do not modify.
      This element was generated on Fri Mar 30 17:24:00 GMT+08:00 2018.
    -->
    select 
    <include refid="Base_Column_List" />
    from FD_UAM_MENU
    where S_ROWID = #{sRowid,jdbcType=DECIMAL}
  </select>
  <delete id="deleteByPrimaryKey" parameterType="java.lang.Long">
    <!--
      WARNING - @mbggenerated
      This element is automatically generated by MyBatis Generator, do not modify.
      This element was generated on Fri Mar 30 17:24:00 GMT+08:00 2018.
    -->
    delete from FD_UAM_MENU
    where S_ROWID = #{sRowid,jdbcType=DECIMAL}
  </delete>
  <delete id="deleteByExample" parameterType="com.aia.case360.web.dao.UamMenuExample">
    <!--
      WARNING - @mbggenerated
      This element is automatically generated by MyBatis Generator, do not modify.
      This element was generated on Fri Mar 30 17:24:00 GMT+08:00 2018.
    -->
    delete from FD_UAM_MENU
    <if test="_parameter != null">
      <include refid="Example_Where_Clause" />
    </if>
  </delete>
  <insert id="insert" parameterType="com.aia.case360.web.dao.UamMenu">
    <!--
      WARNING - @mbggenerated
      This element is automatically generated by MyBatis Generator, do not modify.
      This element was generated on Fri Mar 30 17:24:00 GMT+08:00 2018.
    -->
    insert into FD_UAM_MENU (S_ROWID, DELETE_FLAG, MENU_DESC, 
      MENU_LINK, MENU_NM, MENU_TYPE, 
      CREATE_TIMESTAMP, UPDATE_TIMESTAMP, UPDATED_BY, 
      IS_PUBLIC, MENU_LEVEL, MENU_ID, 
      PARENT_MENUID)
    values (#{sRowid,jdbcType=DECIMAL}, #{deleteFlag,jdbcType=NVARCHAR}, #{menuDesc,jdbcType=NVARCHAR}, 
      #{menuLink,jdbcType=NVARCHAR}, #{menuNm,jdbcType=NVARCHAR}, #{menuType,jdbcType=SMALLINT}, 
      #{createTimestamp,jdbcType=TIMESTAMP}, #{updateTimestamp,jdbcType=TIMESTAMP}, #{updatedBy,jdbcType=NVARCHAR}, 
      #{isPublic,jdbcType=SMALLINT}, #{menuLevel,jdbcType=INTEGER}, #{menuId,jdbcType=NVARCHAR}, 
      #{parentMenuid,jdbcType=NVARCHAR})
  </insert>
  <insert id="insertSelective" parameterType="com.aia.case360.web.dao.UamMenu">
    <!--
      WARNING - @mbggenerated
      This element is automatically generated by MyBatis Generator, do not modify.
      This element was generated on Fri Mar 30 17:24:00 GMT+08:00 2018.
    -->
    insert into FD_UAM_MENU
    <trim prefix="(" suffix=")" suffixOverrides=",">
      <if test="sRowid != null">
        S_ROWID,
      </if>
      <if test="deleteFlag != null">
        DELETE_FLAG,
      </if>
      <if test="menuDesc != null">
        MENU_DESC,
      </if>
      <if test="menuLink != null">
        MENU_LINK,
      </if>
      <if test="menuNm != null">
        MENU_NM,
      </if>
      <if test="menuType != null">
        MENU_TYPE,
      </if>
      <if test="createTimestamp != null">
        CREATE_TIMESTAMP,
      </if>
      <if test="updateTimestamp != null">
        UPDATE_TIMESTAMP,
      </if>
      <if test="updatedBy != null">
        UPDATED_BY,
      </if>
      <if test="isPublic != null">
        IS_PUBLIC,
      </if>
      <if test="menuLevel != null">
        MENU_LEVEL,
      </if>
      <if test="menuId != null">
        MENU_ID,
      </if>
      <if test="parentMenuid != null">
        PARENT_MENUID,
      </if>
    </trim>
    <trim prefix="values (" suffix=")" suffixOverrides=",">
      <if test="sRowid != null">
        #{sRowid,jdbcType=DECIMAL},
      </if>
      <if test="deleteFlag != null">
        #{deleteFlag,jdbcType=NVARCHAR},
      </if>
      <if test="menuDesc != null">
        #{menuDesc,jdbcType=NVARCHAR},
      </if>
      <if test="menuLink != null">
        #{menuLink,jdbcType=NVARCHAR},
      </if>
      <if test="menuNm != null">
        #{menuNm,jdbcType=NVARCHAR},
      </if>
      <if test="menuType != null">
        #{menuType,jdbcType=SMALLINT},
      </if>
      <if test="createTimestamp != null">
        #{createTimestamp,jdbcType=TIMESTAMP},
      </if>
      <if test="updateTimestamp != null">
        #{updateTimestamp,jdbcType=TIMESTAMP},
      </if>
      <if test="updatedBy != null">
        #{updatedBy,jdbcType=NVARCHAR},
      </if>
      <if test="isPublic != null">
        #{isPublic,jdbcType=SMALLINT},
      </if>
      <if test="menuLevel != null">
        #{menuLevel,jdbcType=INTEGER},
      </if>
      <if test="menuId != null">
        #{menuId,jdbcType=NVARCHAR},
      </if>
      <if test="parentMenuid != null">
        #{parentMenuid,jdbcType=NVARCHAR},
      </if>
    </trim>
  </insert>
  <select id="countByExample" parameterType="com.aia.case360.web.dao.UamMenuExample" resultType="java.lang.Integer">
    <!--
      WARNING - @mbggenerated
      This element is automatically generated by MyBatis Generator, do not modify.
      This element was generated on Fri Mar 30 17:24:00 GMT+08:00 2018.
    -->
    select count(*) from FD_UAM_MENU with(nolock) 
    <if test="_parameter != null">
      <include refid="Example_Where_Clause" />
    </if>
  </select>
  <update id="updateByExampleSelective" parameterType="map">
    <!--
      WARNING - @mbggenerated
      This element is automatically generated by MyBatis Generator, do not modify.
      This element was generated on Fri Mar 30 17:24:00 GMT+08:00 2018.
    -->
    update FD_UAM_MENU
    <set>
      <if test="record.sRowid != null">
        S_ROWID = #{record.sRowid,jdbcType=DECIMAL},
      </if>
      <if test="record.deleteFlag != null">
        DELETE_FLAG = #{record.deleteFlag,jdbcType=NVARCHAR},
      </if>
      <if test="record.menuDesc != null">
        MENU_DESC = #{record.menuDesc,jdbcType=NVARCHAR},
      </if>
      <if test="record.menuLink != null">
        MENU_LINK = #{record.menuLink,jdbcType=NVARCHAR},
      </if>
      <if test="record.menuNm != null">
        MENU_NM = #{record.menuNm,jdbcType=NVARCHAR},
      </if>
      <if test="record.menuType != null">
        MENU_TYPE = #{record.menuType,jdbcType=SMALLINT},
      </if>
      <if test="record.createTimestamp != null">
        CREATE_TIMESTAMP = #{record.createTimestamp,jdbcType=TIMESTAMP},
      </if>
      <if test="record.updateTimestamp != null">
        UPDATE_TIMESTAMP = #{record.updateTimestamp,jdbcType=TIMESTAMP},
      </if>
      <if test="record.updatedBy != null">
        UPDATED_BY = #{record.updatedBy,jdbcType=NVARCHAR},
      </if>
      <if test="record.isPublic != null">
        IS_PUBLIC = #{record.isPublic,jdbcType=SMALLINT},
      </if>
      <if test="record.menuLevel != null">
        MENU_LEVEL = #{record.menuLevel,jdbcType=INTEGER},
      </if>
      <if test="record.menuId != null">
        MENU_ID = #{record.menuId,jdbcType=NVARCHAR},
      </if>
      <if test="record.parentMenuid != null">
        PARENT_MENUID = #{record.parentMenuid,jdbcType=NVARCHAR},
      </if>
    </set>
    <if test="_parameter != null">
      <include refid="Update_By_Example_Where_Clause" />
    </if>
  </update>
  <update id="updateByExample" parameterType="map">
    <!--
      WARNING - @mbggenerated
      This element is automatically generated by MyBatis Generator, do not modify.
      This element was generated on Fri Mar 30 17:24:00 GMT+08:00 2018.
    -->
    update FD_UAM_MENU
    set S_ROWID = #{record.sRowid,jdbcType=DECIMAL},
      DELETE_FLAG = #{record.deleteFlag,jdbcType=NVARCHAR},
      MENU_DESC = #{record.menuDesc,jdbcType=NVARCHAR},
      MENU_LINK = #{record.menuLink,jdbcType=NVARCHAR},
      MENU_NM = #{record.menuNm,jdbcType=NVARCHAR},
      MENU_TYPE = #{record.menuType,jdbcType=SMALLINT},
      CREATE_TIMESTAMP = #{record.createTimestamp,jdbcType=TIMESTAMP},
      UPDATE_TIMESTAMP = #{record.updateTimestamp,jdbcType=TIMESTAMP},
      UPDATED_BY = #{record.updatedBy,jdbcType=NVARCHAR},
      IS_PUBLIC = #{record.isPublic,jdbcType=SMALLINT},
      MENU_LEVEL = #{record.menuLevel,jdbcType=INTEGER},
      MENU_ID = #{record.menuId,jdbcType=NVARCHAR},
      PARENT_MENUID = #{record.parentMenuid,jdbcType=NVARCHAR}
    <if test="_parameter != null">
      <include refid="Update_By_Example_Where_Clause" />
    </if>
  </update>
  <update id="updateByPrimaryKeySelective" parameterType="com.aia.case360.web.dao.UamMenu">
    <!--
      WARNING - @mbggenerated
      This element is automatically generated by MyBatis Generator, do not modify.
      This element was generated on Fri Mar 30 17:24:00 GMT+08:00 2018.
    -->
    update FD_UAM_MENU
    <set>
      <if test="deleteFlag != null">
        DELETE_FLAG = #{deleteFlag,jdbcType=NVARCHAR},
      </if>
      <if test="menuDesc != null">
        MENU_DESC = #{menuDesc,jdbcType=NVARCHAR},
      </if>
      <if test="menuLink != null">
        MENU_LINK = #{menuLink,jdbcType=NVARCHAR},
      </if>
      <if test="menuNm != null">
        MENU_NM = #{menuNm,jdbcType=NVARCHAR},
      </if>
      <if test="menuType != null">
        MENU_TYPE = #{menuType,jdbcType=SMALLINT},
      </if>
      <if test="createTimestamp != null">
        CREATE_TIMESTAMP = #{createTimestamp,jdbcType=TIMESTAMP},
      </if>
      <if test="updateTimestamp != null">
        UPDATE_TIMESTAMP = #{updateTimestamp,jdbcType=TIMESTAMP},
      </if>
      <if test="updatedBy != null">
        UPDATED_BY = #{updatedBy,jdbcType=NVARCHAR},
      </if>
      <if test="isPublic != null">
        IS_PUBLIC = #{isPublic,jdbcType=SMALLINT},
      </if>
      <if test="menuLevel != null">
        MENU_LEVEL = #{menuLevel,jdbcType=INTEGER},
      </if>
      <if test="menuId != null">
        MENU_ID = #{menuId,jdbcType=NVARCHAR},
      </if>
      <if test="parentMenuid != null">
        PARENT_MENUID = #{parentMenuid,jdbcType=NVARCHAR},
      </if>
    </set>
    where S_ROWID = #{sRowid,jdbcType=DECIMAL}
  </update>
  <update id="updateByPrimaryKey" parameterType="com.aia.case360.web.dao.UamMenu">
    <!--
      WARNING - @mbggenerated
      This element is automatically generated by MyBatis Generator, do not modify.
      This element was generated on Fri Mar 30 17:24:00 GMT+08:00 2018.
    -->
    update FD_UAM_MENU
    set DELETE_FLAG = #{deleteFlag,jdbcType=NVARCHAR},
      MENU_DESC = #{menuDesc,jdbcType=NVARCHAR},
      MENU_LINK = #{menuLink,jdbcType=NVARCHAR},
      MENU_NM = #{menuNm,jdbcType=NVARCHAR},
      MENU_TYPE = #{menuType,jdbcType=SMALLINT},
      CREATE_TIMESTAMP = #{createTimestamp,jdbcType=TIMESTAMP},
      UPDATE_TIMESTAMP = #{updateTimestamp,jdbcType=TIMESTAMP},
      UPDATED_BY = #{updatedBy,jdbcType=NVARCHAR},
      IS_PUBLIC = #{isPublic,jdbcType=SMALLINT},
      MENU_LEVEL = #{menuLevel,jdbcType=INTEGER},
      MENU_ID = #{menuId,jdbcType=NVARCHAR},
      PARENT_MENUID = #{parentMenuid,jdbcType=NVARCHAR}
    where S_ROWID = #{sRowid,jdbcType=DECIMAL}
  </update>
</mapper>