<?xml version="1.0" encoding="UTF-8"?>
<!DOCTYPE mapper PUBLIC "-//mybatis.org//DTD Mapper 3.0//EN" "http://mybatis.org/dtd/mybatis-3-mapper.dtd">
<mapper namespace="com.aia.case360.web.dao.UamRoleMapper">
  <resultMap id="BaseResultMap" type="com.aia.case360.web.dao.UamRole">
    <!--
      WARNING - @mbggenerated
      This element is automatically generated by MyBatis Generator, do not modify.
      This element was generated on Fri Mar 30 17:24:00 GMT+08:00 2018.
    -->
    <id column="S_ROWID" jdbcType="DECIMAL" property="sRowid" />
    <result column="ACL" jdbcType="NVARCHAR" property="acl" />
    <result column="UAM_DEP_NAME" jdbcType="NVARCHAR" property="uamDepName" />
    <result column="UAM_IS_ENABLE" jdbcType="SMALLINT" property="uamIsEnable" />
    <result column="UAM_REMARK" jdbcType="NVARCHAR" property="uamRemark" />
    <result column="UAM_ROLE_ID" jdbcType="DECIMAL" property="uamRoleId" />
    <result column="UAM_ROLE_NAME" jdbcType="NVARCHAR" property="uamRoleName" />
    <result column="UAM_ROLE_TYPE" jdbcType="NVARCHAR" property="uamRoleType" />
  </resultMap>
  <sql id="Example_Where_Clause">
    <!--
      WARNING - @mbggenerated
      This element is automatically generated by MyBatis Generator, do not modify.
      This element was generated on Fri Mar 30 17:24:00 GMT+08:00 2018.
    -->
    <where>
      <foreach collection="oredCriteria" item="criteria" separator="or">
        <if test="criteria.valid">
          <trim prefix="(" prefixOverrides="and" suffix=")">
            <foreach collection="criteria.criteria" item="criterion">
              <choose>
                <when test="criterion.noValue">
                  and ${criterion.condition}
                </when>
                <when test="criterion.singleValue">
                  and ${criterion.condition} #{criterion.value}
                </when>
                <when test="criterion.betweenValue">
                  and ${criterion.condition} #{criterion.value} and #{criterion.secondValue}
                </when>
                <when test="criterion.listValue">
                  and ${criterion.condition}
                  <foreach close=")" collection="criterion.value" item="listItem" open="(" separator=",">
                    #{listItem}
                  </foreach>
                </when>
              </choose>
            </foreach>
          </trim>
        </if>
      </foreach>
    </where>
  </sql>
  <sql id="Update_By_Example_Where_Clause">
    <!--
      WARNING - @mbggenerated
      This element is automatically generated by MyBatis Generator, do not modify.
      This element was generated on Fri Mar 30 17:24:00 GMT+08:00 2018.
    -->
    <where>
      <foreach collection="example.oredCriteria" item="criteria" separator="or">
        <if test="criteria.valid">
          <trim prefix="(" prefixOverrides="and" suffix=")">
            <foreach collection="criteria.criteria" item="criterion">
              <choose>
                <when test="criterion.noValue">
                  and ${criterion.condition}
                </when>
                <when test="criterion.singleValue">
                  and ${criterion.condition} #{criterion.value}
                </when>
                <when test="criterion.betweenValue">
                  and ${criterion.condition} #{criterion.value} and #{criterion.secondValue}
                </when>
                <when test="criterion.listValue">
                  and ${criterion.condition}
                  <foreach close=")" collection="criterion.value" item="listItem" open="(" separator=",">
                    #{listItem}
                  </foreach>
                </when>
              </choose>
            </foreach>
          </trim>
        </if>
      </foreach>
    </where>
  </sql>
  <sql id="Base_Column_List">
    <!--
      WARNING - @mbggenerated
      This element is automatically generated by MyBatis Generator, do not modify.
      This element was generated on Fri Mar 30 17:24:00 GMT+08:00 2018.
    -->
    S_ROWID, ACL, UAM_DEP_NAME, UAM_IS_ENABLE, UAM_REMARK, UAM_ROLE_ID, UAM_ROLE_NAME, 
    UAM_ROLE_TYPE
  </sql>
  <select id="selectByExample" parameterType="com.aia.case360.web.dao.UamRoleExample" resultMap="BaseResultMap">
    <!--
      WARNING - @mbggenerated
      This element is automatically generated by MyBatis Generator, do not modify.
      This element was generated on Fri Mar 30 17:24:00 GMT+08:00 2018.
    -->
    select
    <if test="distinct">
      distinct
    </if>
    <include refid="Base_Column_List" />
    from FD_UAM_ROLE with(nolock)  
    <if test="_parameter != null">
      <include refid="Example_Where_Clause" />
    </if>
    <if test="orderByClause != null">
      order by ${orderByClause}
    </if>
  </select>
  <select id="selectByPrimaryKey" parameterType="java.lang.Long" resultMap="BaseResultMap">
    <!--
      WARNING - @mbggenerated
      This element is automatically generated by MyBatis Generator, do not modify.
      This element was generated on Fri Mar 30 17:24:00 GMT+08:00 2018.
    -->
    select 
    <include refid="Base_Column_List" />
    from FD_UAM_ROLE with(nolock)
    where S_ROWID = #{sRowid,jdbcType=DECIMAL}
  </select>
  <delete id="deleteByPrimaryKey" parameterType="java.lang.Long">
    <!--
      WARNING - @mbggenerated
      This element is automatically generated by MyBatis Generator, do not modify.
      This element was generated on Fri Mar 30 17:24:00 GMT+08:00 2018.
    -->
    delete from FD_UAM_ROLE
    where S_ROWID = #{sRowid,jdbcType=DECIMAL}
  </delete>
  <delete id="deleteByExample" parameterType="com.aia.case360.web.dao.UamRoleExample">
    <!--
      WARNING - @mbggenerated
      This element is automatically generated by MyBatis Generator, do not modify.
      This element was generated on Fri Mar 30 17:24:00 GMT+08:00 2018.
    -->
    delete from FD_UAM_ROLE
    <if test="_parameter != null">
      <include refid="Example_Where_Clause" />
    </if>
  </delete>
  <insert id="insert" parameterType="com.aia.case360.web.dao.UamRole">
    <!--
      WARNING - @mbggenerated
      This element is automatically generated by MyBatis Generator, do not modify.
      This element was generated on Fri Mar 30 17:24:00 GMT+08:00 2018.
    -->
    insert into FD_UAM_ROLE (S_ROWID, ACL, UAM_DEP_NAME, 
      UAM_IS_ENABLE, UAM_REMARK, UAM_ROLE_ID, 
      UAM_ROLE_NAME, UAM_ROLE_TYPE)
    values (#{sRowid,jdbcType=DECIMAL}, #{acl,jdbcType=NVARCHAR}, #{uamDepName,jdbcType=NVARCHAR}, 
      #{uamIsEnable,jdbcType=SMALLINT}, #{uamRemark,jdbcType=NVARCHAR}, #{uamRoleId,jdbcType=DECIMAL}, 
      #{uamRoleName,jdbcType=NVARCHAR}, #{uamRoleType,jdbcType=NVARCHAR})
  </insert>
  <insert id="insertSelective" parameterType="com.aia.case360.web.dao.UamRole">
    <!--
      WARNING - @mbggenerated
      This element is automatically generated by MyBatis Generator, do not modify.
      This element was generated on Fri Mar 30 17:24:00 GMT+08:00 2018.
    -->
    insert into FD_UAM_ROLE
    <trim prefix="(" suffix=")" suffixOverrides=",">
      <if test="sRowid != null">
        S_ROWID,
      </if>
      <if test="acl != null">
        ACL,
      </if>
      <if test="uamDepName != null">
        UAM_DEP_NAME,
      </if>
      <if test="uamIsEnable != null">
        UAM_IS_ENABLE,
      </if>
      <if test="uamRemark != null">
        UAM_REMARK,
      </if>
      <if test="uamRoleId != null">
        UAM_ROLE_ID,
      </if>
      <if test="uamRoleName != null">
        UAM_ROLE_NAME,
      </if>
      <if test="uamRoleType != null">
        UAM_ROLE_TYPE,
      </if>
    </trim>
    <trim prefix="values (" suffix=")" suffixOverrides=",">
      <if test="sRowid != null">
        #{sRowid,jdbcType=DECIMAL},
      </if>
      <if test="acl != null">
        #{acl,jdbcType=NVARCHAR},
      </if>
      <if test="uamDepName != null">
        #{uamDepName,jdbcType=NVARCHAR},
      </if>
      <if test="uamIsEnable != null">
        #{uamIsEnable,jdbcType=SMALLINT},
      </if>
      <if test="uamRemark != null">
        #{uamRemark,jdbcType=NVARCHAR},
      </if>
      <if test="uamRoleId != null">
        #{uamRoleId,jdbcType=DECIMAL},
      </if>
      <if test="uamRoleName != null">
        #{uamRoleName,jdbcType=NVARCHAR},
      </if>
      <if test="uamRoleType != null">
        #{uamRoleType,jdbcType=NVARCHAR},
      </if>
    </trim>
  </insert>
  <select id="countByExample" parameterType="com.aia.case360.web.dao.UamRoleExample" resultType="java.lang.Integer">
    <!--
      WARNING - @mbggenerated
      This element is automatically generated by MyBatis Generator, do not modify.
      This element was generated on Fri Mar 30 17:24:00 GMT+08:00 2018.
    -->
    select count(*) from FD_UAM_ROLE with(nolock) 
    <if test="_parameter != null">
      <include refid="Example_Where_Clause" />
    </if>
  </select>
  <update id="updateByExampleSelective" parameterType="map">
    <!--
      WARNING - @mbggenerated
      This element is automatically generated by MyBatis Generator, do not modify.
      This element was generated on Fri Mar 30 17:24:00 GMT+08:00 2018.
    -->
    update FD_UAM_ROLE
    <set>
      <if test="record.sRowid != null">
        S_ROWID = #{record.sRowid,jdbcType=DECIMAL},
      </if>
      <if test="record.acl != null">
        ACL = #{record.acl,jdbcType=NVARCHAR},
      </if>
      <if test="record.uamDepName != null">
        UAM_DEP_NAME = #{record.uamDepName,jdbcType=NVARCHAR},
      </if>
      <if test="record.uamIsEnable != null">
        UAM_IS_ENABLE = #{record.uamIsEnable,jdbcType=SMALLINT},
      </if>
      <if test="record.uamRemark != null">
        UAM_REMARK = #{record.uamRemark,jdbcType=NVARCHAR},
      </if>
      <if test="record.uamRoleId != null">
        UAM_ROLE_ID = #{record.uamRoleId,jdbcType=DECIMAL},
      </if>
      <if test="record.uamRoleName != null">
        UAM_ROLE_NAME = #{record.uamRoleName,jdbcType=NVARCHAR},
      </if>
      <if test="record.uamRoleType != null">
        UAM_ROLE_TYPE = #{record.uamRoleType,jdbcType=NVARCHAR},
      </if>
    </set>
    <if test="_parameter != null">
      <include refid="Update_By_Example_Where_Clause" />
    </if>
  </update>
  <update id="updateByExample" parameterType="map">
    <!--
      WARNING - @mbggenerated
      This element is automatically generated by MyBatis Generator, do not modify.
      This element was generated on Fri Mar 30 17:24:00 GMT+08:00 2018.
    -->
    update FD_UAM_ROLE
    set S_ROWID = #{record.sRowid,jdbcType=DECIMAL},
      ACL = #{record.acl,jdbcType=NVARCHAR},
      UAM_DEP_NAME = #{record.uamDepName,jdbcType=NVARCHAR},
      UAM_IS_ENABLE = #{record.uamIsEnable,jdbcType=SMALLINT},
      UAM_REMARK = #{record.uamRemark,jdbcType=NVARCHAR},
      UAM_ROLE_ID = #{record.uamRoleId,jdbcType=DECIMAL},
      UAM_ROLE_NAME = #{record.uamRoleName,jdbcType=NVARCHAR},
      UAM_ROLE_TYPE = #{record.uamRoleType,jdbcType=NVARCHAR}
    <if test="_parameter != null">
      <include refid="Update_By_Example_Where_Clause" />
    </if>
  </update>
  <update id="updateByPrimaryKeySelective" parameterType="com.aia.case360.web.dao.UamRole">
    <!--
      WARNING - @mbggenerated
      This element is automatically generated by MyBatis Generator, do not modify.
      This element was generated on Fri Mar 30 17:24:00 GMT+08:00 2018.
    -->
    update FD_UAM_ROLE
    <set>
      <if test="acl != null">
        ACL = #{acl,jdbcType=NVARCHAR},
      </if>
      <if test="uamDepName != null">
        UAM_DEP_NAME = #{uamDepName,jdbcType=NVARCHAR},
      </if>
      <if test="uamIsEnable != null">
        UAM_IS_ENABLE = #{uamIsEnable,jdbcType=SMALLINT},
      </if>
      <if test="uamRemark != null">
        UAM_REMARK = #{uamRemark,jdbcType=NVARCHAR},
      </if>
      <if test="uamRoleId != null">
        UAM_ROLE_ID = #{uamRoleId,jdbcType=DECIMAL},
      </if>
      <if test="uamRoleName != null">
        UAM_ROLE_NAME = #{uamRoleName,jdbcType=NVARCHAR},
      </if>
      <if test="uamRoleType != null">
        UAM_ROLE_TYPE = #{uamRoleType,jdbcType=NVARCHAR},
      </if>
    </set>
    where S_ROWID = #{sRowid,jdbcType=DECIMAL}
  </update>
  <update id="updateByPrimaryKey" parameterType="com.aia.case360.web.dao.UamRole">
    <!--
      WARNING - @mbggenerated
      This element is automatically generated by MyBatis Generator, do not modify.
      This element was generated on Fri Mar 30 17:24:00 GMT+08:00 2018.
    -->
    update FD_UAM_ROLE
    set ACL = #{acl,jdbcType=NVARCHAR},
      UAM_DEP_NAME = #{uamDepName,jdbcType=NVARCHAR},
      UAM_IS_ENABLE = #{uamIsEnable,jdbcType=SMALLINT},
      UAM_REMARK = #{uamRemark,jdbcType=NVARCHAR},
      UAM_ROLE_ID = #{uamRoleId,jdbcType=DECIMAL},
      UAM_ROLE_NAME = #{uamRoleName,jdbcType=NVARCHAR},
      UAM_ROLE_TYPE = #{uamRoleType,jdbcType=NVARCHAR}
    where S_ROWID = #{sRowid,jdbcType=DECIMAL}
  </update>
</mapper>