<?xml version="1.0" encoding="UTF-8" ?>
<!DOCTYPE mapper PUBLIC "-//mybatis.org//DTD Mapper 3.0//EN" "http://mybatis.org/dtd/mybatis-3-mapper.dtd" >
<mapper namespace="com.aia.case360.web.dao.UniBuddyCheckAdminDao" >

  <resultMap id="BaseResultMap" type="com.aia.case360.web.pojo.FdUniBuddyCheck" >
    <result column="ACL" property="acl" jdbcType="NVARCHAR" />
	<result column="S_ROWID" property="sRowid" jdbcType="DECIMAL" />
	<result column="UNI_USER" property="uniUser" jdbcType="NVARCHAR" />
	<result column="PRIMARY_BACKUP" property="primaryBackup" jdbcType="NVARCHAR" />
	<result column="SECOND_BACKUP" property="secondBackup" jdbcType="NVARCHAR" />
	<result column="IS_DELETED" property="isDeleted" jdbcType="SMALLINT" />
  </resultMap>
  
  <sql id="Base_Column_List">
		ACL,S_ROWID,PRIMARY_BACKUP,SECOND_BACKUP,UNI_USER,IS_DELETED
  </sql>
	
    <select id="findBuddyCheckList" resultMap="BaseResultMap" >
		select    <include refid="Base_Column_List" />	FROM FD_UNI_BUDDY_CHECK where (IS_DELETED is null or IS_DELETED = 0)
		<if test="sRowid!=null and sRowid!=''">
       		and S_ROWID=#{sRowid}
       	</if>
       	<if test="uniUser!=null and uniUser!=''">
       		and UNI_USER=#{uniUser}
       	</if>
       	<if test="primaryBackup!=null and primaryBackup!=''">
       		and PRIMARY_BACKUP=#{primaryBackup}
       	</if>
    	<if test="secondBackup!=null and secondBackup!=''">
       		and SECOND_BACKUP=#{secondBackup}
       	</if>
	</select>
	
    <select id="findBuddyCheck" resultMap="BaseResultMap" parameterType="String">
		select   <include refid="Base_Column_List" />	FROM FD_UNI_BUDDY_CHECK  WHERE S_ROWID=#{sRowid} AND (IS_DELETED is null or IS_DELETED = 0)
	</select>
	
	<insert id="addBuddyCheck" parameterType="com.aia.case360.web.pojo.FdUniBuddyCheck">	
		INSERT INTO FD_UNI_BUDDY_CHECK
		<trim prefix="(" suffix=")" suffixOverrides="," >
	      	<if test="acl != null" >acl,</if>
			<if test="sRowid != null" >s_Rowid,</if>
			<if test="uniUser != null" >UNI_USER,</if>
			<if test="primaryBackup != null" >PRIMARY_BACKUP,</if>
			<if test="secondBackup != null" >SECOND_BACKUP,</if>
			<if test="isDeleted != null" >IS_DELETED,</if>
	    </trim>
	    <trim prefix="values (" suffix=")" suffixOverrides="," >
	      	<if test="acl != null" >#{acl},</if>
			<if test="sRowid != null">#{sRowid},</if>
			<if test="uniUser != null">#{uniUser},</if>
			<if test="primaryBackup != null">#{primaryBackup},</if>
			<if test="secondBackup != null">#{secondBackup},</if>
			<if test="isDeleted != null">#{isDeleted},</if>
    	</trim>
	</insert>
	
	<update id="updateBuddyCheck" parameterType="com.aia.case360.web.pojo.FdUniBuddyCheck">
		UPDATE FD_UNI_BUDDY_CHECK 
		<set >
	      	<if test="acl != null" >acl=#{acl},</if>
			<if test="uniUser != null">UNI_USER=#{uniUser},</if>
			<if test="primaryBackup != null">PRIMARY_BACKUP=#{primaryBackup},</if>
			<if test="secondBackup != null">SECOND_BACKUP=#{secondBackup},</if>
			<if test="isDeleted != null">IS_DELETED=#{isDeleted},</if>
    	</set>
    	WHERE s_Rowid=#{sRowid} AND (IS_DELETED is null or IS_DELETED = 0)
	</update>
	
	<update id="deleteBuddyCheck" parameterType="com.aia.case360.web.pojo.FdUniBuddyCheck">
		UPDATE FD_UNI_BUDDY_CHECK 
		SET IS_DELETED = 1
    	WHERE s_Rowid=#{sRowid} AND (IS_DELETED is null or IS_DELETED = 0)
	</update>
	
</mapper>