<?xml version="1.0" encoding="UTF-8" ?>
<!DOCTYPE mapper PUBLIC "-//mybatis.org//DTD Mapper 3.0//EN" "http://mybatis.org/dtd/mybatis-3-mapper.dtd" >
<mapper namespace="com.aia.case360.web.dao.UserAccountDao">
	
	<select id="findAllUsers"  resultType="com.aia.case360.uam.domain.UamUser">
		select S.LOGINID,S.DISPLAYNAME,S.DELIVERYSTRING,S.ACTIVESTATUS,S.DISPLAYNAME AS userName,U.*
		from [dbo].[SONORAUSERS] S with(nolock)  left join [dbo].[FD_UAM_USERS] U with(nolock) on upper(S.LOGINID)=upper(U.UAM_USER_ID) where 1=1
	</select>
	<select id="findUserByUserId"  resultType="com.aia.case360.uam.domain.UamUser" parameterType="String">
		select S.LOGINID,S.DISPLAYNAME,S.DELIVERYSTRING,S.ACTIVESTATUS,S.DISPLAYNAME AS userName,U.*
		from [dbo].[SONORAUSERS] S with(nolock)  left join [dbo].[FD_UAM_USERS] U with(nolock) on upper(S.LOGINID)=upper(U.UAM_USER_ID) where 1=1
		AND upper(S.LOGINID)=upper(#{userId})
	</select>
		<select id="findUserNameById"  resultType="String" parameterType="String">
		select DISPLAYNAME
		from [dbo].[SONORAUSERS] with(nolock)  where upper(LOGINID)=upper(#{userId}) 
	</select>
	<select id="queryAuthorityByUserId" resultType="com.aia.case360.uam.domain.UserAuthorityVO"
		parameterType="String">
		SELECT ACT_NM as actName,AUTH_RANGE_MAX as rangeMax,AUTH_RANGE_MIN as rangeMin,
			AUTH_TYPE as authType,AMOUNT_FIELD as amountField,REQ_ID as reqId
			,UAM_USER_ID as userId 
		FROM FD_UAM_USERAUTH_REF with(nolock) 
		WHERE upper(UAM_USER_ID)=upper(#{userId})
	</select>
	
	<select id="queryLeaderUsers"  resultType="java.util.Map" parameterType="String">
		SELECT LOGINID as USERID,DISPLAYNAME as USERNAME FROM SONORAUSERS with(nolock) 
		WHERE 1 = 1
		<if test="null != userName and ''.toString() != userName">
			and (LOGINID like #{userId} or DISPLAYNAME like #{userName})
		</if>
	</select>
	
	<select id="queryTeamLeaders"  resultType="java.util.Map" parameterType="Integer">	
		select fu.UAM_COMPONENT_ID as componentId,fu.UAM_USER_ID as userId,isnull(su.DISPLAYNAME, '') as userName,fu.UAM_USER_POSITION as position 
		from FD_UAM_USERCOMPONENT_REF fu with(nolock) left join SONORAUSERS su with(nolock) on fu.UAM_USER_ID=su.LOGINID
		where fu.UAM_COMPONENT_ID=#{componentId} and fu.UAM_USER_POSITION != 'MEMBER' and isnull(UAM_DELETE_FLAG, 0) != 1
		and su.LOGINID is not null and su.ACTIVESTATUS != 'Terminate' and su.ACTIVESTATUS != 'Terminated'
	</select>
	<!--add  by bsnpc65 2018-9-19  -->
	<select id="queryAllUsers"  resultType="java.util.Map" parameterType="Integer">	
		if exists(select * from tempdb..sysobjects where id=object_id(N'tempdb..#TEAMMEMBER1',N'U'))
		drop table #TEAMMEMBER1;  
		if exists(select * from tempdb..sysobjects where id=object_id(N'tempdb..#teamslist1',N'U'))
		drop table #teamslist1; 				
 		with teamslist as 
		 (
			 select * from FD_UAM_COMPONENT with(nolock) 
				where UAM_COMPONENT_ID in (select UAM_COMPONENT_ID from FD_UAM_USERCOMPONENT_REF with(nolock) 
											where UAM_USER_POSITION!='MEMBER' and isnull(UAM_DELETE_FLAG, 0) != 1)
											AND UAM_COMPONENT_ID=#{componentId}
					  and  isnull(DELETE_FLAG, 0) != 1 
			 union all
			 select air.* from FD_UAM_COMPONENT as air with(nolock) inner join teamslist on air.UAM_COMPONENT_PARENTID = teamslist.UAM_COMPONENT_ID
			 where isnull(air.DELETE_FLAG, 0) != 1 
		 )
		
		select * into #teamslist1  from (select * from teamslist ) t1
		 SELECT distinct UAM_USER_ID,UAM_COMPONENT_ID, UAM_COMPONENT_NAME
		 INTO #TEAMMEMBER1
		 from 
			 (
				 select fuu.UAM_USER_ID,tl.UAM_COMPONENT_ID,tl.UAM_COMPONENT_NAME from FD_UAM_USERCOMPONENT_REF fuu
				 left join  #teamslist1 tl with(nolock) on fuu.UAM_COMPONENT_ID=tl.UAM_COMPONENT_ID
				 where fuu.UAM_USER_POSITION = 'MEMBER' 
				 and tl.UAM_COMPONENT_ID is not null
				 and isnull(fuu.UAM_DELETE_FLAG, 0) != 1 
			 ) RAWTEAM 
			 
		select ACTIVESTATUS, LOGINID  from sonorausers s where exists (select distinct UAM_USER_ID from #TEAMMEMBER1 where s.loginid = UAM_USER_ID) 	 		 		 
	</select>
	<!--add  by bsnpc65 2018-9-19  -->
	
	<select id="queryUserList"  resultType="java.util.Map" parameterType="java.util.Map">
		
		SELECT SONORAUSERS.LOGINID AS USERID,
			SONORAUSERS.DISPLAYNAME AS NAME
		FROM SONORAUSERS
		LEFT JOIN FD_UAM_USERS FUU
			ON FUU.UAM_USER_ID = SONORAUSERS.LOGINID
		WHERE 1 = 1
<!-- 		<if test="teamId != ''"> -->
<!-- 			AND FUU.UAM_USER_TEAM=#{teamId} -->
<!-- 		</if> -->
		<if test="userId != ''">
			AND SONORAUSERS.LOGINID=#{userId}
		</if>
		<if test="userName != ''">
			AND SONORAUSERS.DISPLAYNAME=#{userName}
		</if>
	</select>
	
	<delete id="deleteComponentLeader" parameterType="Integer">
		update FD_UAM_USERCOMPONENT_REF set UAM_DELETE_FLAG = 1 where UAM_COMPONENT_ID = #{componentId} and 
		UAM_USER_POSITION != 'MEMBER'
	</delete>
	
	<insert id="insertComponentLeader" parameterType="java.util.List">
		<foreach close="" collection="list" index="index" item="item"
			open="" separator=";">
			INSERT INTO FD_UAM_USERCOMPONENT_REF 
			(UAM_COMPONENT_ID ,UAM_USER_ID,UAM_USER_POSITION) 
			VALUES (#{item.componentId},#{item.userId},#{item.position})
		</foreach>
	</insert>
	<select id="queryUserDepartment"  resultType="java.util.Map" parameterType="String">
		select top 1 uam_component_id as TEAMID from FD_UAM_USERCOMPONENT_REF with(nolock) where upper(uam_user_id) = upper(#{userId}) and UAM_USER_POSITION = 'MEMBER' and isnull(UAM_DELETE_FLAG, 0) != 1
	</select>
	<select id="queryAllComponent"  resultType="java.util.Map">
		select distinct UAM_COMPONENT_ID as TEAMID, UAM_COMPONENT_PARENTID as PARENTID, UAM_COMPONENT_TYPE as TEAMTYPE,UAM_COMPONENT_NAME as TEAMNAME from FD_UAM_COMPONENT with(nolock) where isnull(delete_flag, 0) = 0
	</select>
	<select id="queryUserSkillSet"  resultType="java.util.Map" parameterType="String">
		select CAPACITY,
		isnull(IS_TRIGGER_EMAIL, 0) TRIGGEREMAIL,
		OT_CAPACITY as OTCAPACITY,
		AGENCY_LOCATION,
		UAM_USER_ID as USERID 
		from 
		FD_UAM_USERSKILLSET_REF with(nolock) where upper(UAM_USER_ID)=upper(#{userId}) and isnull(IS_DELETED, 0) != 1
	</select>
	<select id="queryUserTrainRoleReqActInfo"  resultType="java.util.Map" parameterType="String">
		select distinct isnull(req.REQ_TYPE, '') REQTYPE,isnull(req.DISPLAY_NAME, '') REQNAME,isnull(act.WORKSTEPNAME, '') ACTIVITY,isnull(act.ACT_NM, '') ACTNAME,isnull(req.DEPARTMENT, '') DEPARTMENT,
			ISNULL(train.IS_TRAINEE, 0) ISTRAINEE,
			isnull(train.PRIMARY_TRAINER_NM, '') TRAINER,isnull(train.BAK_TRAINER_NM, '') BACKTRAINER
		from FD_UAM_ROLEREQ_REF roleReq with(nolock) 
		left join FD_REQTYPE req with(nolock) on roleReq.REQ_ID=req.REQ_TYPE
		left join FD_ACT_INFO act with(nolock) on act.REQ_TYPE=roleReq.REQ_ID and act.WORKSTEPNAME=roleReq.ACTIVITY_NAME
		left join FD_UAM_USERROLE_REF userRole with(nolock) on roleReq.UAM_ROLE_ID=userRole.UAM_ROLE_ID
		left join FD_UAM_USERTRAINING_REF train with(nolock) on train.ACTIVITY_NAME=roleReq.ACTIVITY_NAME and train.REQ_TYPE=roleReq.REQ_ID and train.UAM_USER_ID=userRole.UAM_USER_ID and isnull(train.IS_DELETED, 0) != 1
		left join FD_UAM_ROLE r with(nolock) on roleReq.UAM_ROLE_ID = r.UAM_ROLE_ID
		where upper(userRole.UAM_USER_ID)=upper(#{userId}) and ISNULL(roleReq.DELETE_FLAG,'') != 1 and req.REQ_TYPE is not null and isnull(userRole.UAM_DELETE_FLAG, 0) != 1
		and r.UAM_ROLE_TYPE = 'RequestType &amp; Activity'
	</select>
<!-- 	do not query UNI TSAR records, query UNI setparately -->
 	<select id="queryUserTSARRecords"  resultType="java.util.Map" parameterType="String">
			select isnull(ACT_NM, '') ACTNAME,isnull(AUTH_RANGE_MAX, 0) RANGETO,isnull(AUTH_RANGE_MIN, 0) RANGEFROM,
				isnull(AUTH_TYPE, '') AUTHTYPE,isnull(REQ_ID, '') REQ_ID,isnull(AMOUNT_FIELD, '') DESCRIPTION from FD_UAM_USERAUTH_REF with(nolock)
 			where upper(UAM_USER_ID) = upper(#{userId}) and isnull(IS_DELETED, 0) != 1 and isnull(DEPARTMENT, '') != 'UNI'
	</select>																			          
	<select id="queryUserUNITSARRecords"  resultType="java.util.Map" parameterType="String">
			select 
				   VALUE_TYPE,
				   AUTH_RANGE_MAX,
				   AUTH_RANGE_MIN,
				   PREMIUM_TYPE,
				   PREMIUM_RANGE_MAX,
				   PREMIUM_RANGE_MIN,
				   RISKTYPE,
				   SARGROUP,
				   S_ROWID 
		    from FD_USER_TSAR_CONF with(nolock)
		    where UAM_USER_ID = #{userId} and DEPARTMENT = #{department} and isnull(IS_DELETED, 0) = 0
			
	</select>
	<select id="queryDefaultUNITSARRecords"  resultType="java.util.Map" parameterType="String">
			select 0 as RANGETO,0 as RANGEFROM, 'UNI' as DEPARTMENT,isnull(TSAR_NAME, '') TSARNAME,'' as AUTHTYPE,isnull(RISKTYPE, '') RISKTYPE,isnull(SARGROUP, '') SARGROUP 
			from FD_UAM_TSAR_CONF with(nolock) where isnull(IS_DELETED, 0) != 1
	</select>
	<update id="deleteUserSkillSet" parameterType="String">
		update FD_UAM_USERSKILLSET_REF 
		set IS_DELETED=1,UPDATE_BY=#{loginId},UPDATE_DT=getDate() 
		where isnull(IS_DELETED, 0) != 1 and upper(UAM_USER_ID)=upper(#{userId})
	</update>
	<update id="deleteUserTrainInfo" parameterType="String">
		update FD_UAM_USERTRAINING_REF 
		SET IS_DELETED=1,UPDATE_BY=#{loginId},UPDATE_DT=getDate() 
		where 
		isnull(IS_DELETED, 0) != 1 and upper(UAM_USER_ID)=upper(#{userId})
	</update>
	<update id="deleteUserTSARInfo" parameterType="String">
		update FD_USER_TSAR_CONF 
		SET IS_DELETED=1 
		where UAM_USER_ID=#{userId}
	</update>
    <insert id="insertUserSkillSet" parameterType="java.util.Map">
		INSERT INTO FD_UAM_USERSKILLSET_REF
           (CAPACITY,IS_TRIGGER_EMAIL,OT_CAPACITY,UAM_USER_ID,AGENCY_LOCATION)
    	 VALUES
           (#{CAPACITY},#{TRIGGER_EMAIL},#{OVER_TIME_CAPACITY},#{USERID},#{AGENCY_LOCATION})	
    </insert> 
    <insert id="insertUserTrainInfo" parameterType="java.util.List">
		<foreach close="" collection="list" index="index" item="item"
			open="" separator=";">
			INSERT INTO FD_UAM_USERTRAINING_REF
           		(ACTIVITY_NAME,BAK_TRAINER_NM,PRIMARY_TRAINER_NM,UAM_USER_ID,REQ_TYPE,IS_TRAINEE)
    		 VALUES
			    (#{item.ACTIVITY},#{item.BACKTRAINER},#{item.TRAINER},#{item.USERID},#{item.REQTYPE},#{item.ISTRAINEE})
		</foreach>
	</insert>
	<insert id="insertUserTSARInfo" parameterType="java.util.List">
		<foreach close="" collection="list" index="index" item="item"
			open="" separator=";">
			<choose>
				<when test="null != item.S_ROWID and ''.toString() != item.S_ROWID">
						 UPDATE FD_USER_TSAR_CONF set 
							VALUE_TYPE = #{item.VALUE_TYPE},
						 	AUTH_RANGE_MAX = #{item.AUTH_RANGE_MAX},
						 	AUTH_RANGE_MIN = #{item.AUTH_RANGE_MIN},
							PREMIUM_TYPE = #{item.PREMIUM_TYPE},
							PREMIUM_RANGE_MAX = #{item.PREMIUM_RANGE_MAX},
							PREMIUM_RANGE_MIN = #{item.PREMIUM_RANGE_MIN},
							RISKTYPE = #{item.RISKTYPE},
							SARGROUP = #{item.SARGROUP},IS_DELETED=0,
							UPDATE_BY = #{item.UPDATE_BY},UPDATE_DT = getDate(),DEPARTMENT = #{item.DEPARTMENT}
						 where S_ROWID = #{item.S_ROWID}
				</when>
				<otherwise>
				INSERT INTO FD_USER_TSAR_CONF (
					VALUE_TYPE ,AUTH_RANGE_MAX ,AUTH_RANGE_MIN ,
					CREATE_BY ,CREATE_DT ,PREMIUM_TYPE ,
					PREMIUM_RANGE_MAX ,PREMIUM_RANGE_MIN ,RISKTYPE ,
					SARGROUP ,UAM_USER_ID ,UPDATE_BY ,UPDATE_DT ,DEPARTMENT,IS_DELETED)
	    		 VALUES
		           (#{item.VALUE_TYPE},#{item.AUTH_RANGE_MAX},#{item.AUTH_RANGE_MIN} ,
		            #{item.CREATE_BY} ,getDate() ,#{item.PREMIUM_TYPE} ,
		            #{item.PREMIUM_RANGE_MAX} ,#{item.PREMIUM_RANGE_MIN} ,#{item.RISKTYPE} ,
		            #{item.SARGROUP} ,#{item.UAM_USER_ID} ,#{item.UPDATE_BY} ,getDate() ,#{item.DEPARTMENT},0)
		        </otherwise>
	        </choose>
		</foreach>
	</insert>
	<select id="queryTSARName"  resultType="java.util.Map" parameterType="String">
		select isnull(TSAR_NAME, '') TSARNAME
		from FD_UAM_TSAR_CONF with(nolock) 
		where isnull(IS_DELETED, 0) != 1 and 
		SARGROUP=#{sarGroup} and 
		RISKTYPE=#{riskType} and 
		PRODUCT_TYPE=#{prdType} and 
		PAYMENT_FRENQUENCY=#{payFrenquency}
	</select>
	<select id="queryCLMAuthDropDownData"  resultType="java.util.Map">
		select CONFIG_VALUE as AUTHCODE,DISPLAY_NAME as AUTHVALUE,VALUE_LIST 
		from 
		fd_sys_config 
		where CONFIG_NAME = 'CLM_AUTHORITY_TYPE'
	</select>
	<select id="queryTeamSetting"  resultType="java.util.Map">
		 select REQ_TYPE as REQTYPE, ACTIVITY_NAME as ACTNAME,UAM_COMPONENT_ID as TEAMID from FD_TEAM_REQ_ACT_CONF where UAM_COMPONENT_ID = #{teamId}
	</select>
	<select id="deleteTeamSetting">
		 delete from FD_TEAM_REQ_ACT_CONF where UAM_COMPONENT_ID = #{teamId}
	</select>
	<select id="insertTeamSetting" parameterType="java.util.List">
		 <foreach close="" collection="list" index="index" item="item"
			open="" separator=";">
			INSERT INTO FD_TEAM_REQ_ACT_CONF
           		(REQ_TYPE ,ACTIVITY_NAME,UAM_COMPONENT_ID,CREATE_BY,CREATE_DT)
    		 VALUES
			    (#{item.REQTYPE},#{item.ACTNAME},#{item.TEAMID},#{item.USERID},getDate())
		</foreach>
	</select>
	
	<update id="clearInactiveUserCaseOwner" parameterType="String">
		update PI_WORK 
		set PROCESSOR=null
		where upper(PROCESSOR)=upper(#{userId}) and IS_REFER != 1 and isnull(COUNTER_SIGN_ID, '') = ''
	</update>
	
	<select id="getCaseIdByProcessor" parameterType="String" resultType = "String">
		select convert(varchar(50), linkcaseid) from PI_WORK with(nolock) 
		where upper(PROCESSOR)=upper(#{userId}) and IS_REFER != 1 and isnull(COUNTER_SIGN_ID, '') = ''
	</select>
	
	<select id="isUserRoleExist"  resultType="java.lang.Boolean">
		SELECT CASE WHEN COUNT(*)>0 THEN 1 ELSE 0 END isExist FROM ( 
		select UAM_USER_ID from [FD_UAM_USERAUTH_REF] with(nolock) where UAM_USER_ID=#{userId} AND ISNULL(IS_DELETED,0) = 0
		UNION ALL
		select UAM_USER_ID from [FD_UAM_USERTRAINING_REF] with(nolock) where UAM_USER_ID=#{userId} AND ISNULL(IS_DELETED,0) = 0
		UNION ALL
		select UAM_USER_ID from [FD_UAM_USERSKILLSET_REF] with(nolock) where UAM_USER_ID=#{userId} AND ISNULL(IS_DELETED,0) = 0
		UNION ALL
		select UAM_USER_ID from [FD_UAM_USERROLE_REF] with(nolock) where UAM_USER_ID=#{userId} AND ISNULL(UAM_DELETE_FLAG,0) = 0
		UNION ALL
		select UAM_USER_ID from [FD_UAM_USERCOMPONENT_REF] with(nolock) where UAM_USER_ID=#{userId} AND ISNULL(UAM_DELETE_FLAG,0) = 0
		) A
	</select>
	
	<update id="copyTo"  statementType="CALLABLE">

		<![CDATA[
           {CALL sp_uam_check_and_copy_to(
           #{srcUser,mode=IN,jdbcType=VARCHAR},
           #{targetUser,mode=IN,jdbcType=VARCHAR},
           #{checkFlag,mode=IN,jdbcType=SMALLINT},
           #{currentUser,mode=IN,jdbcType=VARCHAR}
           )}
       	]]>
		
    </update>
    <update id="updateUser"  parameterType="com.aia.case360.uam.domain.UamUser">
		UPDATE FD_UAM_USERS SET UAM_USER_PHONE_NUMBER = #{phoneNumber} ,DEPARTMENT = #{department} ,CALCOMPANY = #{calendar} ,COMPANY = #{company}
		WHERE upper(UAM_USER_ID) = upper(#{userId});
		UPDATE SONORAUSERS SET DISPLAYNAME =#{userName},DELIVERYSTRING = #{email},ACTIVESTATUS = #{status} WHERE upper(LOGINID) = #{userId}
    </update>
    <update id="deleteUserRoles">
		UPDATE FD_UAM_USERROLE_REF SET UAM_DELETE_FLAG = 1 WHERE upper(UAM_USER_ID) = upper(#{userId}) and isnull(UAM_DELETE_FLAG, 0) !=1
    </update>
    <insert id="insertUserRoles">
		<foreach close="" collection="roleIds" index="index" item="item"
			open="" separator=";">
			INSERT INTO FD_UAM_USERROLE_REF(UAM_ROLE_ID, UAM_USER_ID)
			VALUES (#{item},#{userId})
		</foreach>
	</insert>
	<update id="deleteUserTeams">
		UPDATE FD_UAM_USERCOMPONENT_REF SET UAM_DELETE_FLAG = 1 WHERE upper(UAM_USER_ID) = upper(#{userId}) and isnull(UAM_DELETE_FLAG, 0) !=1 and UAM_USER_POSITION = 'MEMBER'
    </update>
     
    <insert id="insertUserTeams">
		<foreach close="" collection="teams" index="index" item="item"
			open="" separator=";">
			INSERT INTO FD_UAM_USERCOMPONENT_REF(UAM_COMPONENT_ID, UAM_USER_ID, UAM_USER_POSITION) 
			VALUES (#{item},#{userId},'MEMBER')
		</foreach>
	</insert>
	<select id="queryC360Users" resultType="java.util.Map">
			select distinct 
				upper(S.LOGINID) as LOGINID,S.DISPLAYNAME,S.DELIVERYSTRING,cast(FROM_AD as varchar(2)) as FROM_AD,U.USERCOMPANY as CALCOMPANY,UAM_USER_DEPARTMENT,U.CALCOMPANY,U.UAM_USER_OFFICE_NUMBER, S.ACTIVESTATUS  
				from [dbo].[SONORAUSERS] S inner join [dbo].[FD_UAM_USERS] U on upper(S.LOGINID)=upper(U.UAM_USER_ID)
	</select>
	<select id="queryAllUserInfo" resultType="java.util.Map">
			select distinct 
				upper(S.LOGINID) as LOGINID,S.DISPLAYNAME,S.DELIVERYSTRING,
				U.CALCOMPANY as CALCOMPANY,S.ACTIVESTATUS,UAM_USER_LEADER, 
				UAM_USER_PHONE_NUMBER, UAM_USER_DEPARTMENT,DEPARTMENT,U.COMPANY,
				concat(
					(SELECT distinct STUFF(
					(SELECT ',' + CAST(T3.UAM_COMPONENT_NAME AS VARCHAR(MAX))  FROM FD_UAM_USERCOMPONENT_REF T2 left join FD_UAM_COMPONENT T3 on T3.UAM_COMPONENT_ID = t2.UAM_COMPONENT_ID WHERE T2.UAM_USER_POSITION = 'MEMBER' and upper(t1.UAM_USER_ID) = upper(t2.UAM_USER_ID) AND  (T2.UAM_DELETE_FLAG IS NULL OR T2.UAM_DELETE_FLAG != 1)   FOR XML path('')),1,1,'') componentNames FROM FD_UAM_USERCOMPONENT_REF T1 
				where upper(t1.UAM_USER_ID) = upper(S.LOGINID) AND  (T1.UAM_DELETE_FLAG IS NULL OR T1.UAM_DELETE_FLAG != 1)),'') as UAM_USER_TEAM,
				UAM_USER_OFFICE_NUMBER,USERCOMPANY,UAM_USER_ID,cast(FROM_AD as varchar(2)) as FROM_AD  
				from [dbo].[SONORAUSERS] S inner join [dbo].[FD_UAM_USERS] U on upper(S.LOGINID)=upper(U.UAM_USER_ID)
				<if test="null != userId and ''.toString() != userId">
					 where upper(S.LOGINID) like upper(#{userId}) or upper(S.DISPLAYNAME) like upper(#{userId})
				</if>
	</select>
	
	<update id="updateUserStatus">
		<foreach close="" collection="userIds" index="index" item="item"
			open="" separator=";">
			UPDATE SONORAUSERS SET ACTIVESTATUS=#{status} WHERE upper(LOGINID) = upper(#{item})
		</foreach>
    </update>
    <insert id="insertUAMUsers">
    	<foreach close="" collection="users" index="index" item="item" open="" separator=";">
    		INSERT INTO FD_UAM_USERS (UAM_USER_PHONE_NUMBER,
    								  UAM_USER_DEPARTMENT, 
    								  UAM_USER_OFFICE_NUMBER ,
    								  USERCOMPANY,
    								  UAM_USER_ID ,
    								  FROM_AD,
    								  CREATE_TIMESTAMP
    								  )
    			     		VALUES  (#{item.UAM_USER_PHONE_NUMBER},
    			     				 #{item.UAM_USER_DEPARTMENT},
    			     				 #{item.UAM_USER_OFFICE_NUMBER},
    			     				 #{item.USERCOMPANY},
    			     				 #{item.userId},
    			     				 1,
    			     				 getDate())
    	</foreach>
	</insert>
	<update id="updateUAMUsers">
		<foreach close="" collection="users" index="index" item="item"
			open="" separator=";">
			UPDATE FD_UAM_USERS SET 
				UAM_USER_DEPARTMENT = #{item.UAM_USER_DEPARTMENT} 
				,UAM_USER_OFFICE_NUMBER = #{item.UAM_USER_OFFICE_NUMBER} 
				,USERCOMPANY = #{item.USERCOMPANY} 
				,FROM_AD = #{item.FROM_AD},UPDATE_TIMESTAMP=getDate()
			 WHERE upper(UAM_USER_ID) = #{item.userId};
			 update sonorausers set DISPLAYNAME = #{item.DISPLAYNAME}, DELIVERYSTRING =#{item.DELIVERYSTRING} where LOGINID = #{item.userId}; 
		</foreach>
    </update>
    
    <select id="getAllTeamList" resultType="java.util.Map">
    	WITH stepCTE
		AS (
			SELECT UAM_COMPONENT_ID,
				UAM_COMPONENT_PARENTID,
				UAM_COMPONENT_NAME,
				UAM_COMPONENT_TYPE,
				CAST(UAM_COMPONENT_NAME AS NVARCHAR(MAX)) AS FULL_STRUCTURE
			FROM FD_UAM_COMPONENT
			WHERE UAM_COMPONENT_ID IN(2, 3)
			
			UNION ALL
			
			SELECT FUC.UAM_COMPONENT_ID,
				FUC.UAM_COMPONENT_PARENTID,
				FUC.UAM_COMPONENT_NAME,
				FUC.UAM_COMPONENT_TYPE,
				(CTE.FULL_STRUCTURE + '->' + FUC.UAM_COMPONENT_NAME) AS FULL_STRUCTURE
			FROM FD_UAM_COMPONENT FUC
			INNER JOIN StepCTE CTE
				ON CTE.UAM_COMPONENT_ID = FUC.UAM_COMPONENT_PARENTID
			)
		SELECT UAM_COMPONENT_ID,
			UAM_COMPONENT_PARENTID,
			UAM_COMPONENT_NAME,
			UAM_COMPONENT_TYPE,
			FULL_STRUCTURE
		FROM stepCTE
    </select>
	<insert id = "syncUserFromSonora">
		insert into fd_uam_users(uam_user_id) select distinct LOGINID from sonorausers s where not exists (select 1 from fd_uam_users u where s.LOGINID=u.uam_user_id)
	</insert>
	 <select id="checkUserAvaliable" resultType="java.util.Map">
    	select  *
			FROM [dbo].[SONORAUSERS] S
			 JOIN [dbo].[FD_UAM_USERS] U ON upper(S.LOGINID) = upper(U.UAM_USER_ID)
			 LEFT JOIN fd_leave_management l ON upper(s.LOGINID) = upper(l.USERLANID) and 
			 CONVERT(varchar(12) ,l.LEAVE_DATE, 112 )=CONVERT(varchar(12) ,getDate(), 112 ) 
			 and isnull(l.DELETE_FLAG, 0)=0 WHERE upper(S.ACTIVESTATUS) = 'ACTIVE' and upper(S.LOGINID)=upper(#{userId}) and (CASE
			 WHEN isnull(L.USERLANID, '') != ''
			 THEN  (
			 CASE
			 WHEN isnull(L.DATE_TYPE, '') = 'AM' and dateName(hh,getdate()) &gt; 11 
			 THEN 'ACTIVE' 
			 WHEN isnull(L.DATE_TYPE, '') = 'PM' and dateName(hh,getdate()) &lt; 12 
			 THEN 'ACTIVE'
			 ELSE 'LEAVE' END)
			 ELSE 'ACTIVE'
			 END) = 'ACTIVE'
    </select>
    <select id="getLeaders" resultType="java.util.Map">
    	select uc.UAM_USER_POSITION 
    	from FD_UAM_USERCOMPONENT_REF uc join FD_UAM_COMPONENT c on uc.UAM_COMPONENT_ID=c.UAM_COMPONENT_ID
    	where 
    		upper(uc.UAM_USER_ID)=upper(#{userId})
    		and uc.UAM_USER_POSITION != 'MEMBER' 
    		and isnull(uc.UAM_DELETE_FLAG, 0) != 1 and isnull(c.DELETE_FLAG ,0) = 0
	</select>
	 <select id="queryTeamMember"  resultType="java.util.Map" parameterType="String">	
		select distinct UAM_USER_ID from FD_UAM_USERCOMPONENT_REF member
			where isnull(member.UAM_DELETE_FLAG, 0) != 1 and 
			member.UAM_COMPONENT_ID in ( select distinct UAM_COMPONENT_ID from FD_UAM_USERCOMPONENT_REF with(nolock) 
  		where upper(UAM_USER_ID)=upper(#{loginUser}) and upper(UAM_USER_POSITION) != 'MEMBER'
		and isnull(UAM_DELETE_FLAG, 0) != 1) 
	</select>
	
	<select id="queryRoleByRoleName"  resultType="java.util.Map">	
		select UAM_ROLE_NAME from FD_UAM_ROLE where UAM_ROLE_NAME = #{role}
	</select>
	<select id="getDepartmentByUserId" resultType="java.util.Map"  parameterType="String">
		;WITH DEPARTMENT_TEAMLIST as (
			SELECT * FROM FD_UAM_COMPONENT WITH (NOLOCK) WHERE isnull(DELETE_FLAG, 0) =0 AND UAM_COMPONENT_ID IN(
				SELECT UAM_COMPONENT_ID FROM FD_UAM_USERCOMPONENT_REF WITH (NOLOCK) WHERE isnull(UAM_DELETE_FLAG, 0) =0 AND UAM_USER_ID = #{userId})
			UNION ALL
			SELECT child.* FROM FD_UAM_COMPONENT AS child WITH (NOLOCK) join DEPARTMENT_TEAMLIST as parent on child.UAM_COMPONENT_ID=parent.UAM_COMPONENT_PARENTID AND ISNULL(child.DELETE_FLAG,0)=0
		)select DISTINCT UAM_COMPONENT_ID ,UAM_COMPONENT_NAME from  DEPARTMENT_TEAMLIST WHERE UAM_COMPONENT_TYPE='DEPARTMENT';
	</select>
	
	<select id="getTeamListByComponentId" resultType="java.util.Map"  parameterType="String">
		;WITH DEPARTMENT_TEAMLIST as (
			SELECT * FROM FD_UAM_COMPONENT WITH (NOLOCK) WHERE  UAM_COMPONENT_ID IN(
				SELECT UAM_COMPONENT_ID FROM FD_UAM_COMPONENT WITH (NOLOCK) WHERE UAM_COMPONENT_ID= #{componentId}  AND  ISNULL(DELETE_FLAG,0)=0)
			UNION ALL
			SELECT child.* FROM FD_UAM_COMPONENT AS child WITH (NOLOCK) join DEPARTMENT_TEAMLIST as parent on child.UAM_COMPONENT_PARENTID=parent.UAM_COMPONENT_ID AND  ISNULL(child.DELETE_FLAG,0)=0
		)SELECT DISTINCT  UAM_COMPONENT_ID,UAM_COMPONENT_NAME FROM DEPARTMENT_TEAMLIST WHERE UAM_COMPONENT_TYPE IN ('TEAM','SUBTEAM')  AND   ISNULL(DELETE_FLAG,0)=0 ORDER BY UAM_COMPONENT_ID
	</select>
	
	<select id="getCompCDByUserId" resultType="String"  parameterType="String">
		SELECT CASE COMPANY
				WHEN 'SGP'
					THEN '011'
				WHEN 'BRU'
					THEN '014'
				ELSE '011'
				END
		FROM FD_UAM_USERS
		WHERE UAM_USER_ID = #{userId}
	</select>
	<update id = "updateUserAdminAuth">
		declare @roleCount int;
		select @roleCount = count(1) from FD_UAM_ROLEMENU_REF where menu_id = '020102' and UAM_ROLE_ID in(select UAM_ROLE_ID from fd_uam_userrole_ref where uam_user_id = #{userId} and isnull(uam_delete_flag, 0) = 0)
		declare @adminCount int;
		select @adminCount = count(1) from sonoraroles where loginid = #{userId} and ROLE = 'Admin'
		if @roleCount > 0 and @adminCount = 0
			insert into sonoraroles values('Admin', #{userId})
		else if @roleCount = 0 and @adminCount > 0
			delete from sonoraroles where loginid = #{userId} and ROLE = 'Admin'
	</update>
	<select id="getMenuCodeMap" resultType="java.util.Map">
		select MENU_ID, MENU_NM from fd_uam_menu with(nolock) where isnull(delete_flag, 0) = 0
	</select>
	<select id="findReqActCodeMapList" resultType="java.util.Map">
		select (isnull(req.REQ_TYPE, '') + ',' +  isnull(act.WORKSTEPNAME,'')) as RCODE, (isnull(req.REQ_TYPE,'') + ',' + isnull(act.ACT_NM, '')) as RNAME
			from fd_reqtype req with(nolock) 
			join FD_ACT_INFO act with(nolock) on req.REQ_TYPE = act.REQ_TYPE
		where 1 = 1  
			<foreach close=")" collection="list" item="item" open=" and (req.REQ_TYPE + ',' +  act.WORKSTEPNAME) in("
			separator=",">
				#{item}
		</foreach>
	</select>
 <select id="getUserNames" resultType="String">
	declare @unames nvarchar(3000)
 	select @unames =(select ',' + displayname from sonorausers where 1=1
		<foreach close=") for xml path(''))" collection="list" item="item" open=" and loginid in("
			separator=",">
				#{item}
		</foreach>
	select substring(@unames, 2, len(@unames) - 1);
	</select>
	<delete id="clearUserColumnConfigure">
		delete from FD_UAM_COL_CONFIG where uam_user_id = #{userId}
	</delete> 
	 <select id="getUamUserDepartment" resultType="String">
	 	select top 1 DEPARTMENT from fd_uam_users with(nolock) where UAM_USER_ID = #{userId}
	</select>
	<update id = "updateTeamAmountAuthority">
		 update FD_TEAM_AMOUNT_AUTH set IS_DELETED = 1 where UAM_COMPONENT_ID = #{teamId} and isnull(is_deleted, 0) = 0
		<foreach close="" collection="list" item="item" open="" separator=";">
			INSERT INTO FD_TEAM_AMOUNT_AUTH (AUTH_RANGE_MAX ,AUTH_RANGE_MIN ,PREMIUM_TYPE ,RISKTYPE ,   SARGROUP ,UAM_COMPONENT_ID ,VALUE_TYPE)
			values(#{item.AMOUNT_MAX}, #{item.AMOUNT_MIN}, #{item.PREMIUM_TYPE}, #{item.RISKTYPE}, #{item.SARGROUP}, #{teamId}, #{item.VALUE_TYPE})
		</foreach>
	</update>
	
	<update id = "updateTeamAgencyLocation">
		update FD_UAM_COMPONENT set AGENCY_LOCATION = #{agencyLocation} where UAM_COMPONENT_ID = #{teamId}
	</update>
	
	 <select id="queryTeamAgencyLocation" resultType="String">
	 	select isnull(AGENCY_LOCATION, '') as AGENCY_LOCATION from FD_UAM_COMPONENT where UAM_COMPONENT_ID = #{teamId}
	</select>
	
	 <select id="queryTeamAmountAuthority" resultType="java.util.Map">
	 	select 
	 		AUTH_RANGE_MAX as AMOUNT_MAX,
	 		AUTH_RANGE_MIN as AMOUNT_MIN,
	 		PREMIUM_TYPE ,
	 		RISKTYPE ,   
	 		SARGROUP ,
	 		VALUE_TYPE 
	 	from FD_TEAM_AMOUNT_AUTH with(nolock)
	 	where UAM_COMPONENT_ID = #{teamId} and isnull(IS_DELETED, 0) = 0
	</select>
	<select id="queryUsersDepartment" resultType="java.util.Map">
	 	select UAM_USER_ID, DEPARTMENT from FD_UAM_USERS with(nolock)
	</select>
</mapper>