<?xml version="1.0" encoding="UTF-8" ?>
<!DOCTYPE mapper PUBLIC "-//mybatis.org//DTD Mapper 3.0//EN" "http://mybatis.org/dtd/mybatis-3-mapper.dtd" >
<mapper namespace="com.aia.case360.web.dao.WebAPICaseDao">
	<insert id="insertDocLink" parameterType="java.util.Map">
		<!-- INSERT INTO
		FD_DOC_LINK(FORM_ID,CREATED_DT,OBJECT_ID,POL_NUM,REQUEST_NUM,RECEIVED_DT,CLAIM_NO,COMPANY_NO,LINKCASEID,PROCESS_TYPE,IS_MIGRATED,IS_DELETED)
		VALUES(#{formID},#{createDate},#{objectId},#{policyNo},#{requestNo},#{documentRecieveDate},#{claimNo},#{companyNo},#{linkCaseId},#{processType},0,0) -->
	    <![CDATA[ 
        {call [dbo].[sp_insert_doclink](  
                 #{formID,jdbcType=NVARCHAR,mode=IN},   
                 #{createDate,jdbcType=NVARCHAR,mode=IN},
                 #{objectId,jdbcType=NVARCHAR,mode=IN},
                 #{policyNo,jdbcType=NVARCHAR,mode=IN},
                 #{requestNo,jdbcType=NVARCHAR,mode=IN},
                 #{documentRecieveDate,jdbcType=NVARCHAR,mode=IN},         
                 #{claimNo,jdbcType=NVARCHAR,mode=IN},         
                 #{companyNo,jdbcType=NVARCHAR,mode=IN},         
                 #{linkCaseId,jdbcType=NVARCHAR,mode=IN},         
                 #{processType,jdbcType=NVARCHAR,mode=IN}         
             )}
         ]]>
	</insert>
	<!-- <insert id="insertPolicy" parameterType="java.util.Map">
		INSERT INTO
		FD_POLICY(COMPANY,POL_NUM,REQUEST_NUM,CREATED_BY,CREATED_TIMESTAMP,LAST_UPDATED_BY,LAST_UPDATED_TIMESTAMP)
		VALUES(#{companyNo},#{policyNo},#{requestNo},#{createBy},#{createDateTime},#{createBy},#{createDateTime})
	</insert> -->
	<!-- <update id="updateSignature" parameterType="java.util.Map">
		UPDATE FS_SIGNATURES SET
		<if test="fileName != null">
			FILENAME=#{fileName},
		</if>
		<if test="signatureDate != null">
			LAST_UPDATED_TIMESTAMP=#{signatureDate}
		</if>
		WHERE
		DOCUMENTID=#{docid}
	</update> -->
	<select id="getSignature" parameterType="java.util.Map"
		resultType="java.util.Map">
		<![CDATA[ 
        {call [dbo].[sp_get_signature](  
                 #{COMPANY_NO,jdbcType=NVARCHAR,mode=IN},   
                 #{POL_NUM,jdbcType=NVARCHAR,mode=IN},
                 #{NRIC,jdbcType=NVARCHAR,mode=IN},
                 #{POL_ROLE,jdbcType=NVARCHAR,mode=IN}    
             )}
         ]]>
		<!-- SELECT FSS.*,FPS.*
		FROM FS_SIGNATURES FSS,FD_POLROLE_SIG FPS WHERE
		FPS.COMPANY_NO=#{COMPANY_NO}
		AND FPS.POL_NUM=#{POL_NUM}
		<if test="NRIC != null">
			AND FPS.NRIC=#{NRIC}
		</if>
		AND FSS.OBJECT_ID=FPS.OBJECT_ID
		<choose>
			<when
				test='POL_ROLE=="A" or POL_ROLE=="B" or POL_ROLE=="C" or POL_ROLE=="D"'>
				AND FPS.POL_ROLE=#{POL_ROLE,jdbcType=VARCHAR}
			</when>
			<when
				test='POL_ROLE=="E" or POL_ROLE=="F" or POL_ROLE=="G" or POL_ROLE=="H"'>
				AND FPS.POL_ROLE in ('E','F','G','H')
			</when>
			<otherwise>
				AND 1=2 
			</otherwise>
		</choose> -->	
	</select>
	<insert id="insertDocAttribute" parameterType="java.util.Map">
		<!-- INSERT INTO
		FD_DOC_ATTRIBUTES(BATCH_NO,OBJECT_ID,LOB,POLICY_NO,COMPANY_NO,FORM_ID,RECEIVED_DT,IS_DELETED)
		VALUES(#{batchNo},#{objectId},#{processName},#{policyNo},#{companyNo},#{formID},#{recievedDate},0) -->
		<![CDATA[ 
        {call [dbo].[sp_insert_doc_attributes](  
                 #{batchNo,jdbcType=NVARCHAR,mode=IN},   
                 #{objectId,jdbcType=NVARCHAR,mode=IN},
                 #{processName,jdbcType=NVARCHAR,mode=IN},
                 #{policyNo,jdbcType=NVARCHAR,mode=IN},
                 #{companyNo,jdbcType=NVARCHAR,mode=IN},
                 #{formID,jdbcType=NVARCHAR,mode=IN},         
                 #{recievedDate,jdbcType=NVARCHAR,mode=IN}       
             )}
         ]]>
	</insert>
	<!-- <select id="getPolicyInfo" parameterType="java.util.Map" resultType="java.util.Map">
	SELECT POL_NUM FROM FD_POLICY WHERE POL_NUM = #{policyNo}
	</select> -->
	<select id="getFormId" parameterType="java.lang.String" resultType="java.lang.String">
	<![CDATA[ 
        {call [dbo].[sp_get_formid](  
                 #{formID,jdbcType=NVARCHAR,mode=IN}
             )}
         ]]>
	</select>
	<select id="getWcfLink" parameterType="java.util.Map" resultType="java.util.Map">
	<![CDATA[ 
        {call [dbo].[sp_get_wcf_link](  
                 #{requestNo,jdbcType=NVARCHAR,mode=IN},
                 #{policyNo,jdbcType=NVARCHAR,mode=IN},
                 #{claimNo,jdbcType=NVARCHAR,mode=IN},
                 #{linkCaseId,jdbcType=NVARCHAR,mode=IN}
             )}
         ]]>
	</select>
	<select id="validateBatchNo" parameterType="java.util.Map" resultType="java.util.Map">
	<![CDATA[ 
        {call [dbo].[sp_validate_batchNo_in_case](  
                 #{batchNo,jdbcType=NVARCHAR,mode=IN}
             )}
         ]]>
	</select>
	
	<select id="getCase" parameterType="java.util.Map" resultType="java.util.Map">
	<![CDATA[ 
        {call [dbo].[sp_get_case](  
                 #{requestNo,jdbcType=NVARCHAR,mode=IN},
                 #{casefolderID,jdbcType=NVARCHAR,mode=IN},
                 #{orignalRequestNo,jdbcType=NVARCHAR,mode=IN},
                 #{batchNo,jdbcType=NVARCHAR,mode=IN}
             )}
         ]]>
	</select>
	<select id="getParentRequestNo" parameterType="java.util.Map" resultType="java.util.Map">
	<![CDATA[ 
        {call [dbo].[sp_get_parent_requestno](  
                 #{companyNo,jdbcType=NVARCHAR,mode=IN},
                 #{policyNo,jdbcType=NVARCHAR,mode=IN},
                 #{processName,jdbcType=NVARCHAR,mode=IN},
                 #{requestNo,jdbcType=NVARCHAR,mode=IN},
                 #{orignalRequestNo,jdbcType=NVARCHAR,mode=IN},
                 #{requestType,jdbcType=NVARCHAR,mode=IN},
                 #{caseStatus,jdbcType=NVARCHAR,mode=IN}
             )}
         ]]>
	</select>
	<select id="getCaseByPolicyNoAndFormID" parameterType="java.util.Map" resultType="java.util.Map">
	<![CDATA[ 
        {call [dbo].[sp_get_case_by_policyno_and_formid](  
                 #{policyNo,jdbcType=NVARCHAR,mode=IN},
                 #{formID,jdbcType=NVARCHAR,mode=IN}
             )}
         ]]>
	</select>
	<select id="getCaseByPolicyNoAndPendingReason" parameterType="java.util.Map" resultType="java.util.Map">
	<![CDATA[ 
        {call [dbo].[sp_get_case_by_policy_and_pending_reason](  
                 #{policyNo,jdbcType=NVARCHAR,mode=IN},
                 #{pendingReason,jdbcType=NVARCHAR,mode=IN}
             )}
         ]]>
	</select>
	<select id="getDataForCreateChildCase" parameterType="java.util.Map" resultType="com.aia.case360.web.pojo.CaseCreateInfo" >
	<![CDATA[ 
        {call [dbo].[sp_get_data_for_create_child_case](  
                 #{requestNo,jdbcType=NVARCHAR,mode=IN},
                 #{originalRequestNo,jdbcType=NVARCHAR,mode=IN}
             )}
         ]]>
	</select>
	<select id="getFormIDByLinkCaseId" parameterType="java.lang.String" resultType="java.lang.String">
	<![CDATA[ 
        {call [dbo].[sp_get_formid_by_linkcaseid](  
                 #{linkCaseId,jdbcType=NVARCHAR,mode=IN}
             )}
         ]]>
	</select>
	<update id="updateRequestTypeStatus" statementType="CALLABLE" parameterType="java.util.Map">
      <![CDATA[ 
        {call [dbo].[sp_update_request_status](  
                 #{casefolderid,jdbcType=NVARCHAR,mode=IN},
                 #{requestTypeStatus,jdbcType=NVARCHAR,mode=IN}
             )}
         ]]>
      </update>
      <insert id="insertRequestTypeRule" statementType="CALLABLE" parameterType="java.util.Map">
      <![CDATA[ 
        {call [dbo].[sp_insert_request_type_rule](  
                 #{linkCaseID,jdbcType=NVARCHAR,mode=IN},
                 #{requestTypeStatus,jdbcType=NVARCHAR,mode=IN}
             )}
         ]]>
      </insert>
      <select id="getCaseInfoFromPiWork" statementType="CALLABLE" parameterType="java.lang.String" resultType="java.util.Map">
      <![CDATA[ 
        {call [dbo].[sp_get_case_info_from_piwork](  
                 #{linkCaseID,jdbcType=NVARCHAR,mode=IN}
             )}
         ]]>
      </select>
       <insert id="insertCaseNote" statementType="CALLABLE" parameterType="java.util.Map">
      <![CDATA[ 
        {call [dbo].[sp_insert_case_note](  
                 #{linkCaseID,jdbcType=NVARCHAR,mode=IN},
                 #{comments,jdbcType=NVARCHAR,mode=IN},
                 #{category,jdbcType=NVARCHAR,mode=IN}
             )}
         ]]>
      </insert>
      <select id="getReqInfo" statementType="CALLABLE" parameterType="java.lang.String" resultType="java.util.Map">
      <![CDATA[ 
        {call [dbo].[sp_get_request_type_info](  
                 #{requestType,jdbcType=NVARCHAR,mode=IN}
             )}
         ]]>
      </select>
      <select id="getRequestTypeByformID" parameterType="java.lang.String" resultType="java.util.Map">
      SELECT REQ_TYPE FROM FD_FORM_DEFINITION WITH(NOLOCK) WHERE FORM_ID = #{formID} AND REQ_TYPE IS NOT NULL AND isnull(IS_DELETED,0)=0
      </select>
      
  	<insert id="insertComments" parameterType="java.util.Map" statementType="CALLABLE">
		<![CDATA[ 
        {call [dbo].[sp_insert_sig_comments](  
                 #{POL_ROLE,jdbcType=NVARCHAR,mode=IN},   
                 #{companyNo,jdbcType=NVARCHAR,mode=IN},
                 #{policyNo,jdbcType=NVARCHAR,mode=IN},
                 #{COMMENTS,jdbcType=NVARCHAR,mode=IN},
                 #{OBJECT_ID,jdbcType=NVARCHAR,mode=IN},
                 #{NRIC,jdbcType=NVARCHAR,mode=IN}                      
             )}
         ]]>
	</insert>
  	<select id="insertCaseDataForCommonProcess" parameterType="java.util.Map" resultType="java.util.Map">
		<![CDATA[ 
        {call [dbo].[sp_insert_casedata_4_common_process](  
                 #{batchString,jdbcType=NVARCHAR,mode=IN},   
                 #{folderString,jdbcType=NVARCHAR,mode=IN},
                 #{docString,jdbcType=NVARCHAR,mode=IN},
                 #{tempCaseString,jdbcType=NVARCHAR,mode=IN},                      
                 #{tempUniString,jdbcType=NVARCHAR,mode=IN},                    
                 #{tempSarvalueString,jdbcType=NVARCHAR,mode=IN}                      
             )}
         ]]>
	</select>

	 <insert id="insertNotifyRecord" statementType="CALLABLE" parameterType="java.util.Map">
      <!-- INSERT INTO FD_SVS_CUSTNOTIF(POL_NUM,SOURCE,NOTIF_STATUS,UAM_USER_ID,CREATED_BY,CREATED_TIMESTAMP)
			VALUES(#{policyNo},#{source},'N',#{userDesk},#{userDesk},getdate()) -->
		<![CDATA[
        {call [dbo].[sp_insert_notify_record](  
                 #{companyNo,jdbcType=NVARCHAR,mode=IN},   
                 #{createdBy,jdbcType=NVARCHAR,mode=IN},   
                 #{lastUpdatedBy,jdbcType=NVARCHAR,mode=IN},
                 #{policyNo,jdbcType=NVARCHAR,mode=IN},
                 #{policyRole,jdbcType=NVARCHAR,mode=IN},                 
                 #{NRIC,jdbcType=NVARCHAR,mode=IN},                 
                 #{source,jdbcType=NVARCHAR,mode=IN},                 
                 #{uamUserId,jdbcType=NVARCHAR,mode=IN}                
             )}
         ]]>
      </insert>
	

	<select id="getPendingInfo" parameterType="java.util.Map" resultType="java.util.Map">
		<![CDATA[
        {call [dbo].[sp_get_pending_info](  
                 #{objid,jdbcType=NVARCHAR,mode=IN},   
                 #{pendingReason,jdbcType=NVARCHAR,mode=IN},   
                 #{catefory,jdbcType=NVARCHAR,mode=IN},
                 #{lookUpGroup,jdbcType=NVARCHAR,mode=IN},
                 #{lookUpCode,jdbcType=NVARCHAR,mode=IN}                 
             )}
         ]]>
	</select>
	<select id="getPIWork" parameterType="java.util.Map" resultType="java.util.Map"  statementType="CALLABLE">
		<![CDATA[
		{call [dbo].[sp_get_pi_work](  
	             #{CASEFOLDERID,jdbcType=NVARCHAR,mode=IN}
		      )}
		 ]]> 
	</select>
	<select id="updateCaseArchiveFlg" parameterType="java.util.Map" resultType="java.util.Map"  statementType="CALLABLE" useCache="false">
		<![CDATA[
		{call [dbo].[sp_update_case_archiveflg](  
	             #{LINKCASEID,jdbcType=NVARCHAR,mode=IN},
	             #{CLOSE_REASON,jdbcType=NVARCHAR,mode=IN},
	             #{COMMENTS,jdbcType=NVARCHAR,mode=IN},
	             #{CREATED_BY,jdbcType=NVARCHAR,mode=IN},
	             #{HASSETARCHIVED,jdbcType=NVARCHAR,mode=OUT}
		      )}
		 ]]>     
	</select>
	<select id="createChildCase" parameterType="java.util.Map" resultType="java.util.Map"  statementType="CALLABLE">
		<![CDATA[
		{call [dbo].[sp_create_child_case_by_close_API](  
	             #{parentRequestNo,jdbcType=NVARCHAR,mode=IN},
	             #{childRequestNo,jdbcType=NVARCHAR,mode=IN},
	             #{note,jdbcType=NVARCHAR,mode=IN},
	             #{folderKey1,jdbcType=NVARCHAR,mode=IN}
		      )}
		 ]]>     
	</select>
	<insert id="insertCloseCaseCache" parameterType="java.util.Map" statementType="CALLABLE">
		<![CDATA[ 
        {call [dbo].[sp_insert_close_case_cache](  
                 #{reason,jdbcType=NVARCHAR,mode=IN},   
                 #{note,jdbcType=NVARCHAR,mode=IN},
                 #{linkCaseId,jdbcType=NVARCHAR,mode=IN},
                 #{requestNo,jdbcType=NVARCHAR,mode=IN},
                 #{actSignal,jdbcType=NVARCHAR,mode=IN}               
             )}
         ]]>
	</insert>
	<select id="getPolicStatusDesc" parameterType="java.util.Map"  resultType="com.aia.case360.web.pojo.PolicyStatusInfo" statementType="CALLABLE">
	           {call sp_get_policy_codeDesc( 
        		 #{group,mode=IN},
        		 #{source,mode=IN},     
        		 #{code,mode=IN}
             )}
	</select>
	<select id="getCaseISAPPROVED" parameterType="java.util.Map"  resultType="int" statementType="CALLABLE">
	           {call sp_get_case_isApproved( 
	             #{requestNo,jdbcType=NVARCHAR,mode=IN},
                 #{orignalRequestNo,jdbcType=NVARCHAR,mode=IN}
             )}
	</select>
	<insert id="createCaseWebapiAudittrail"  parameterType="com.aia.case360.web.pojo.WebapiAudittrail">
		 <![CDATA[ 
        {call [dbo].[sp_insert_case_webapi_audittrail](  
                 #{linkCaseId,jdbcType=NVARCHAR,mode=IN}, 
                 #{functionName,jdbcType=NVARCHAR,mode=IN},                
                 #{isException,jdbcType=NVARCHAR,mode=IN},                
                 #{requestData,jdbcType=NVARCHAR,mode=IN},               
                 #{responseResult,jdbcType=NVARCHAR,mode=IN},                
                 #{requestDateTime,jdbcType=NVARCHAR,mode=IN},                
                 #{responseDateTime,jdbcType=NVARCHAR,mode=IN},               
                 #{createdBy,jdbcType=NVARCHAR,mode=IN},                
                 #{callingSystem,jdbcType=NVARCHAR,mode=IN}                
             )}
         ]]>
	</insert>
	<select id="getPolicyNoForUni" parameterType="java.lang.String"  resultType="java.lang.String" >
	           SELECT TOP 1 FOLDER_KEY1 AS policyNo FROM FD_XML_FOLDER WITH(NOLOCK) WHERE REQ_NO = #{requestNo}
	           AND LINKCASEID IS NOT NULL
	</select>
	<update id="updateCommonProcess"   parameterType="java.lang.String">
		 <![CDATA[ 
        {call [dbo].[sp_update_commonProcess](  
                 #{requestNo,jdbcType=NVARCHAR,mode=IN}
             )}
         ]]>
	</update>
	<update id="deleteCaseAndLink"   parameterType="java.lang.String">
		<![CDATA[
		{call [dbo].[sp_delete_case_and_link](  
	             #{CASEFOLDERID,jdbcType=NVARCHAR,mode=IN}
		      )}
		 ]]> 
	</update>
</mapper>