<?xml version="1.0" encoding="UTF-8" ?>
<!DOCTYPE mapper PUBLIC "-//mybatis.org//DTD Mapper 3.0//EN" "http://mybatis.org/dtd/mybatis-3-mapper.dtd" >
<mapper namespace="com.aia.case360.web.dao.WebAPIeDocDao" >
<!-- Get document by object ID by OMS -->
 <select id="queryDocumentByIDOMS" parameterType="com.aia.case360.web.pojo.DocOMSParameter" statementType="CALLABLE" resultType="com.aia.case360.web.pojo.DocOMSDetailsInfo"> 
  <![CDATA[ 
        {call [dbo].[sp_getdocumentbyidoms](  
                 #{objectID,jdbcType=NVARCHAR,mode=IN},
                 #{policyNo,jdbcType=NVARCHAR,mode=IN}           
             )}
         ]]>
</select>

<select id="queryDocumentListOMS" statementType="CALLABLE" resultType="com.aia.case360.web.pojo.DocListOMSDetailsInfo" parameterType="com.aia.case360.web.pojo.DocListOMSParameter">
<![CDATA[ 
        {call [dbo].[sp_getalldocumentlist](  
                 #{companyNo,jdbcType=NVARCHAR,mode=IN},   
                 #{policyNo,jdbcType=NVARCHAR,mode=IN},
                 #{dateFrom,jdbcType=DATE,mode=IN},
                 #{dateTo,jdbcType=DATE,mode=IN},
                 #{formID,jdbcType=NVARCHAR,mode=IN},
                 #{processName,jdbcType=NVARCHAR,mode=IN},         
                 #{callingSystem,jdbcType=NVARCHAR,mode=IN}         
             )}
         ]]>
</select> 
<select id="queryClaimNo" statementType="CALLABLE" resultType="com.aia.case360.web.pojo.ClaimNo" parameterType="com.aia.case360.web.pojo.DocListOMSParameter">
<![CDATA[ 
        {call [dbo].[sp_getclaimno](  
                 #{companyNo,jdbcType=NVARCHAR,mode=IN},   
                 #{policyNo,jdbcType=NVARCHAR,mode=IN},
                 #{dateFrom,jdbcType=NVARCHAR,mode=IN},
                 #{dateTo,jdbcType=NVARCHAR,mode=IN},
                 #{formID,jdbcType=NVARCHAR,mode=IN},
                 #{processName,jdbcType=NVARCHAR,mode=IN},
                 #{callingSystem,jdbcType=NVARCHAR,mode=IN}         
             )}
         ]]>
</select>  
<insert id="insertLog" parameterType="java.util.Map">
			<!-- INSERT INTO FD_EXTERNAL_LOG(CALL_SYSTEM,ERROR_CODE,EXECUTE_STATUS,FSCCODE,FUNCTION_NAME,REQUEST_DATE_TIME,RESPONSE_DATE_TIME,ERROR_MESSAGE)
			VALUES(#{callingSystem},#{errorCode},#{executeStatus},#{fscCode},#{serviceName},#{requestDateTime},#{responseDateTime},#{errorMessage}) -->
			<![CDATA[ 
        {call [dbo].[sp_insert_external_log](  
                 #{callingSystem,jdbcType=NVARCHAR,mode=IN},   
                 #{errorCode,jdbcType=NVARCHAR,mode=IN},
                 #{executeStatus,jdbcType=NVARCHAR,mode=IN},
                 #{userCode,jdbcType=NVARCHAR,mode=IN},
                 #{serviceName,jdbcType=NVARCHAR,mode=IN},
                 #{requestDateTime,jdbcType=NVARCHAR,mode=IN},         
                 #{responseDateTime,jdbcType=NVARCHAR,mode=IN},       
                 #{errorMessage,jdbcType=NVARCHAR,mode=IN}
             )}
         ]]>
	</insert>
</mapper>