<?xml version="1.0" encoding="UTF-8" ?>
<!DOCTYPE mapper PUBLIC "-//mybatis.org//DTD Mapper 3.0//EN" "http://mybatis.org/dtd/mybatis-3-mapper.dtd" >
<mapper namespace="com.aia.case360.web.dao.WorkItemDao">

	<update id="updateCheckList" parameterType="java.util.List">
		<foreach close="" collection="list" index="index" item="item"
			open="" separator=";">
			UPDATE FD_CASE_CHECKLIST SET IS_COMPLETED=#{item.isCompleted} ,LAST_UPDATED_BY=#{item.lastUpdatedBy}, 
				LAST_UPDATED_TIMESTAMP=#{item.lastUpsatedTS} WHERE S_ROWID=#{item.sRowId}
		</foreach>
	</update>
	<update id="updatePiWork" parameterType="java.util.Map">
		UPDATE PI_WORK
		<set>		
			<if test="RULE_DESTINATION != null  and RULE_DESTINATION != ''">
				RULE_DESTINATION = #{RULE_DESTINATION},
			</if>
			<if test="EXTRA_ACT != null  and EXTRA_ACT != ''">
				EXTRA_ACT = #{EXTRA_ACT},
			</if>
			<if test="HIT_RULES != null  and HIT_RULES != ''">
				HIT_RULES = #{HIT_RULES},
			</if>
			<if test="PROCESSOR != null  and PROCESSOR != ''">
				PROCESSOR = #{PROCESSOR},
			</if>
		</set>
		WHERE LINKCASEID = #{LINKCASEID}
	</update>
	
	<update id="updateFdPolicySource" parameterType="string">
		UPDATE FD_POLICY
		<set>		
			SOURCE = #{source}, LAST_UPDATED_BY = 'system', LAST_UPDATED_TIMESTAMP = GETDATE() 
		</set>
		WHERE POL_NUM = #{policy}
	</update>
	
	
	<select id="getPendReasonRowId" resultType="string"  parameterType="java.util.Map">
		SELECT top 1 S_ROWID FROM FD_CASE_PENDING_REASONS WITH(NOLOCK)  
			WHERE ISNULL(IS_EXPIRED,0) = 0 
			AND ISNULL(IS_RESOLVED,0) = 0 
			AND LINKCASEID = #{caseId} 
			AND OBJID = #{objId}  
	</select>
	
	<select id="getCaseReqtypeGrpAndWorkstepName" resultType="map"  parameterType="string">
		SELECT top 1 CF.REQ_TYPE_GRP, PIW.WFWORKSTEPNAME FROM CF_WORK CF WITH(NOLOCK) 
			INNER JOIN PI_WORK PIW WITH(NOLOCK) ON CF.CASEFOLDERID = PIW.LINKCASEID 
			WHERE CF.CASEFOLDERID = #{caseId}   
	</select>
	
	<select id="getActivePendingReasonCount" resultType="int"  parameterType="string">
		SELECT COUNT(*) actPendReasonCount FROM FD_CASE_PENDING_REASONS WITH(NOLOCK) WHERE IS_RESOLVED =0 AND IS_EXPIRED =0 
		AND LINKCASEID = #{caseId}  ;
	</select>
	
	<update id="updatePolData">
		DECLARE @userId VARCHAR(80);
		SET @userId = #{userId};
		<foreach close="" collection="policyInfoList" index="index" item="item"
			open="" separator=";">
			UPDATE FD_POLICY 
				SET CHDR_NUM = #{item.contractNo},
				SOURCE = #{item.source},
				CONTRACT_CODE = #{item.contractCode},
				FSC_CODE = #{item.fscCode},
				POL_STATUS=#{item.policyStatus},
				LAST_UPDATED_BY=@userId,
				LAST_UPDATED_TIMESTAMP=getDate()
			WHERE POL_NUM = #{item.policyNo}
		</foreach>
	</update>
	
	<select id="getAutoPendingReasonRowid" resultType="string"  parameterType="string">
		SELECT S_ROWID FROM FD_CASE_PENDING_REASONS WITH(NOLOCK)  
			WHERE ISNULL(IS_EXPIRED,0) = 0 
			AND ISNULL(IS_RESOLVED,0) = 0 
			AND ISNULL(IS_AUTO_PEND,0) = 1 
			AND LINKCASEID = #{caseId}
	</select>
</mapper>