<?xml version="1.0" encoding="UTF-8" ?>
<!DOCTYPE mapper PUBLIC "-//mybatis.org//DTD Mapper 3.0//EN" "http://mybatis.org/dtd/mybatis-3-mapper.dtd" >
<mapper namespace="com.aia.case360.web.dao.WorkPoolDao">
	<select id="queryDefaultColumnConfig" resultType="com.aia.case360.web.pojo.UserColumnVO">
		select CONFIG_VALUE as ruleCase ,DISPLAY_NAME as displayName,IS_READONLY as isEnabled
           ,REFERENCE_KEY1 as sequenceNum from FD_SYS_CONFIG with(nolock) where CONFIG_NAME = #{configName} order by REFERENCE_KEY1 + 0
	</select>
	<insert id="insertUserColumn" parameterType="java.util.List">
		<foreach close="" collection="list" index="index" item="item"
			open="" separator=";">
			INSERT INTO FD_UAM_COL_CONFIG
			(UAM_USER_ID,RULE_CASE,DISPLAY_NAME,IS_ENABLED,SEQUENCE_NUM, POOL_NM)
			VALUES(#{item.userId},#{item.ruleCase},#{item.displayName},#{item.isEnabled},#{item.sequenceNum},#{item.poolName})
		</foreach>
	</insert>
	<delete id="deleteUserColumn" parameterType="String">
		delete from FD_UAM_COL_CONFIG where upper(UAM_USER_ID) = upper(#{userId}) and POOL_NM = #{poolName}
	</delete>
	<select id="queryColumnConfig" resultType="com.aia.case360.web.pojo.UserColumnVO"
		parameterType="String">
		SELECT DISPLAY_NAME as displayName ,IS_ENABLED as isEnabled ,RULE_CASE as
		ruleCase ,SEQUENCE_NUM as sequenceNum ,UAM_USER_ID as userId FROM
		[dbo].[FD_UAM_COL_CONFIG] with(nolock) where upper(UAM_USER_ID) = upper(#{userId}) and POOL_NM = #{poolName}
		order by SEQUENCE_NUM
	</select>
	<select id="queryCounterSignWork" resultType="java.util.Map">
 		exec sp_countersignwork_workpool #{userId},#{topCount},#{startCount},#{orderBy},#{filter}
	</select>
	<select id="queryCounterSignCount" resultType="java.util.Map">
		SELECT count(1) as dataCount FROM F_GETCOUNTERSIGNWORK (#{userId}) where ${filter}
	</select>
	<select id="queryMyWork" resultType="java.util.Map">
 		exec sp_mywork_workpool #{userId},#{topCount},#{startCount},#{orderBy},#{filter}
	</select>
	<select id="queryMyWorkCount" resultType="java.util.Map">
		SELECT count(1) as dataCount FROM F_GETOWNWORK (#{userId}) where ${filter}
	</select>
	<select id="queryMyPendingWork" resultType="java.util.Map">
 		exec sp_mypendwork_workpool #{userId},#{topCount},#{startCount},#{orderBy},#{filter}
	</select>
	<select id="queryMyPendingWorkCount" resultType="java.util.Map">
		SELECT count(1) as dataCount FROM F_GETMYPENDINGWORK (#{userId}) where ${filter}
	</select>
	<select id="queryMyReferWork" resultType="java.util.Map">
 		exec sp_myreferwork_workpool #{userId},#{topCount},#{startCount},#{orderBy},#{filter}
	</select>
	<select id="queryMyReferWorkCount" resultType="java.util.Map">
		SELECT count(1) as dataCount FROM F_GETMYREFERWORK (#{userId}) where ${filter}
	</select>
	<select id="queryMyTeamPendingWork" resultType="java.util.Map">
			exec sp_myteam_pending_workpool #{team},#{topCount},#{startCount},#{orderBy},#{filter}
	</select>
	<select id="queryMyTeamWork" resultType="java.util.Map">
			exec sp_myteam_workpool #{team},#{topCount},#{startCount},#{orderBy},#{filter}
	</select>
	<select id="queryScoreCases" resultType="java.util.Map"
		parameterType="String">
		select cf.SOURCE_SYSTEM as SUBMIT_CHANNEL,
		cf.CASEFOLDERID,cf.REQ_TYPE,CF.CREATE_TIMESTAMP,cf.IS_URGENT,cf.SLA_ACT_DUE_DT,cf.SLA_DUE_DT,pi.WFROUTINGTICKETID,cf.IS_STOPCLOCK,cf.REJECTGETJOB,(select distinct STUFF((SELECT ',' + LINK.POL_NUM FROM FD_WCF_LINK LINK 
		with(nolock) WHERE LINK.LINKCASEID = cf.casefolderid FOR XML
		PATH('')) , 1,1, '' )) as POLNUM,
		(select case when count(ml.form_id) =  count(dl.form_id) then '1' else '0' end from 
		cf_work c with(nolock) 
		left join [FD_MANDATORY_DOC_LINK] ml with(nolock) on c.req_type=ml.req_type and c.version_num=ml.version_num
		left join fd_doc_link dl with(nolock) on dl.linkcaseid = c.casefolderid and dl.form_id = ml.form_id where c.casefolderid=pi.linkcaseid 
		group by c.casefolderid) as IS_MANDATORY_DOC_RECEIVED,
		CASE 
		    WHEN DATEDIFF(day, cf.SLA_DUE_DT, getdate()) &lt; isnull(FR.TRAFFIC_LIGHT_VALUE1,0) THEN 0 
		    WHEN DATEDIFF(day, cf.SLA_DUE_DT, getdate()) between isnull(FR.TRAFFIC_LIGHT_VALUE1,0) and isnull(FR.TRAFFIC_LIGHT_VALUE2,0) THEN 2 
		ELSE 1 END AS SLASTATUS
		from
		CF_WORK cf with(nolock) 
		inner join PI_WORK pi with(nolock) on cf.CASEFOLDERID=pi.LINKCASEID
		LEFT JOIN FD_REQTYPE FR with(nolock) ON cf.REQ_TYPE=FR.REQ_TYPE AND upper(FR.REQTYPE_STATUS)='ACTIVE' 
		where
		(pi.PROCESSOR is null or pi.PROCESSOR='') and cf.IS_COMPLETED=0 and (pi.WFSTATE=200
		or pi.WFSTATE=210) 
	</select>
	<insert id="insertCaseCode">
			INSERT INTO FD_CASE_ENCODED (LINKCASEID,DEPARTMENT,ENCODEDCODE)
		<foreach collection="list" index="index" item="item" open="(" close = ");" separator="union all">
			select #{item.linkCaseId,jdbcType=VARCHAR} as LINKCASEID,#{item.department,jdbcType=VARCHAR} as DEPARTMENT,#{item.code,jdbcType=VARCHAR} as ENCODEDCODE 
		</foreach>
		update cf_work set is_changed = 0 where 1 = 1 
		<foreach collection="list" index="index" item="item" open=" and casefolderid in(" close = ")" separator=",">
			#{item.linkCaseId,jdbcType=VARCHAR}
		</foreach>
	</insert>
	<delete id="deleteCaseCode">
		delete from FD_CASE_ENCODED where 1=1 
		 <foreach close=")" collection="list" item="item" open=" and LINKCASEID in ("
			separator=",">
			#{item}
		</foreach>
	</delete>
	<select id="querySortedPriorityCasesSP" resultType="java.util.Map">
		exec sp_getSortedCase #{userId}, #{department}
	</select>
	<!-- if case's assign team is not null, it must be a counter sign case, this query just deal with normal cases -->
	<select id="querySortedPriorityCases" resultType="java.util.Map"
		parameterType="java.util.Map">
		select CASEFOLDERID, REQ_TYPE, CREATE_TIMESTAMP, IS_URGENT,  SLA_ACT_DUE_DT, SLA_DUE_DT, DEPARTMENT into #tCaseTB from cf_work with(nolock) where 1 = 2;
		insert into #tCaseTB select cf.CASEFOLDERID, cf.REQ_TYPE, CF.CREATE_TIMESTAMP, cf.IS_URGENT, cf.SLA_ACT_DUE_DT, cf.SLA_DUE_DT, cf.DEPARTMENT from
		CF_WORK cf with(nolock) inner join PI_WORK pi with(nolock) on cf.CASEFOLDERID=pi.LINKCASEID 
		where
			(pi.processor is null or pi.processor='') and (pi.wfstate=200 or pi.wfstate=210) and pi.is_pending != 1
		<foreach close=")" collection="authReqAct" item="item" open="and ("
			separator="or">
			(cf.REQ_TYPE = #{item.REQ_ID} and pi.WFWORKSTEPNAME=#{item.ACT_NM})
		</foreach>
			and isnull(pi.ASSIGN_TEAM, '') = '' and isnull(cf.REJECTGETJOB, 0) = 0 
		select distinct link.linkcaseid, max(pdata.PLAN_NAME) as PLAN_NAME,max(pdata.CWA) as CWA,
			max(pdata.ANP) as ANP,max(pdata.PAYMENT_FRENQUENCY) as PAYMENT_FRENQUENCY,
			max(pdata.TSAR) as TSAR,max(pdata.SAR) as SAR,max(pdata.MDRT) as MDRT,
			max(pdata.SRC_OF_BUSINESS) as SRC_OF_BUSINESS,max(pdata.MEDICAL_CODE) as MEDICAL_CODE,max(pdata.PAYMENT_MOD) as PAYMENT_MOD,max(pdata.PAYMENT_MOD) as MOP,
			max(pdata.POLICY_STATUS) as POLICY_STATUS,max(pdata.DEFAULT_UWID) as DEFAULT_UWID,max(pdata.TOTAL_PREMIUN) as TOTAL_PREMIUN,max(pdata.REGULAR_PREMIUM) as REGULAR_PREMIUM,	
			max(pdata.RISKTYPE) as RISKTYPE,max(pdata.SARGROUP) AS SARGROUP,max(pdata.AGENCY_LOCATION) AS AGENCY_LOCATION 
			into #tcpoldata
			from fd_wcf_link link with(nolock) 
				left join fd_priority_pol_data pdata with(nolock) on link.pol_num = pdata.pol_num
				inner join #tCaseTB ctb on link.linkcaseid = ctb.CASEFOLDERID
			where isnull(link.is_deleted, 0) = 0 and isnull(pdata.is_deleted, 0) = 0 and #{department} = 'UNI' and ctb.CASEFOLDERID is not null 
			group by link.linkcaseid;
			select * into #tCaseCodeData from (
					select ENCODEDCODE,LINKCASEID,ROW_NUMBER() OVER(PARTITION BY linkcaseid ORDER BY S_ROWID desc) as cnt from fd_case_encoded cd with(nolock) 
					inner join #tCaseTB cf on cd.LINKCASEID = cf.CASEFOLDERID
					where cd.department = #{department}) c where cnt = 1;
		update #tCaseCodeData set ENCODEDCODE = 'X' where ENCODEDCODE is null;
		select
			cf.CASEFOLDERID,cf.REQ_TYPE,CF.CREATE_TIMESTAMP,cf.IS_URGENT,cf.DEPARTMENT,
			cf.SLA_ACT_DUE_DT,cf.SLA_DUE_DT, WF.REPOSITORYID, pi.WORKFLOWID, pi.WFWORKITEMID,pi.WFROUTINGTICKETID,pi.WFWORKSTEPNAME,
			
			td.PLAN_NAME,td.CWA,td.ANP,td.PAYMENT_FRENQUENCY,td.TOTAL_PREMIUN,td.REGULAR_PREMIUM,
			td.TSAR,td.SAR,td.MDRT,td.SRC_OF_BUSINESS,td.MEDICAL_CODE,td.PAYMENT_MOD,td.MOP,
			td.POLICY_STATUS,td.DEFAULT_UWID as UWID, td.RISKTYPE, td.SARGROUP, td.AGENCY_LOCATION
			into #tResultData
		from
		#tCaseTB cf with(nolock) inner join PI_WORK pi with(nolock) on cf.CASEFOLDERID=pi.LINKCASEID 
								 left join #tCaseCodeData cd with(nolock) on cf.CASEFOLDERID=cd.LINKCASEID
							     JOIN SONORAWORKFLOWS WF WITH(NOLOCK) ON WF.NAME = 'main_biz' AND WF.WORKFLOWVERSION = 1
								 left join #tcpoldata td WITH(NOLOCK) on cf.CASEFOLDERID = td.linkcaseid 
		where 1=1
		<foreach close="))" collection="agencylist" item="item" open="and (isnull(td.AGENCY_LOCATION, '') = '' or ("
			separator="or">
			td.AGENCY_LOCATION=#{item}
		</foreach>
		order by cd.ENCODEDCODE; 
		select 
			cf.CASEFOLDERID, 
			(select distinct STUFF((SELECT ',' + link.POL_NUM FROM FD_WCF_LINK link
				with(nolock) WHERE link.LINKCASEID = cf.CASEFOLDERID and isnull(link.IS_DELETED, 0) = 0 FOR XML
					PATH('')) , 1,1, '')) as POL_NUM 
		into #casePoloicyInfo 
		from #tCaseTB cf;
		<!-- select cf.CASEFOLDERID, (select distinct STUFF((SELECT ',' + client.HASHSTR FROM FD_WCF_CLIENT client
			with(nolock) WHERE client.LINKCASEID = cf.CASEFOLDERID and isnull(client.IS_DELETED, 0) = 0 and POL_ROLE in('A', 'B') FOR XML
			PATH('')) , 1,1, '')) as INSURED
		into #caseInsuredInfo 
		from #tCaseTB cf; 
		select cf.CASEFOLDERID, (select distinct STUFF((SELECT ',' + client.HASHSTR FROM FD_WCF_CLIENT client
			with(nolock) WHERE client.LINKCASEID = cf.CASEFOLDERID and isnull(client.IS_DELETED, 0) = 0 and POL_ROLE in('C', 'B') FOR XML
			PATH('')) , 1,1, '')) as OWNER
		into #caseOwnerInfo 
		from #tCaseTB cf; -->
		select r.*,p.POL_NUM<!-- , i.INSURED, o.OWNER -->
		from #tResultData r left join #casePoloicyInfo p on r.CASEFOLDERID = p.CASEFOLDERID
							<!-- left join #caseInsuredInfo i on r.CASEFOLDERID = i.CASEFOLDERID -->
							<!-- left join #caseOwnerInfo o on r.CASEFOLDERID = o.CASEFOLDERID; -->
		<!-- drop table #caseInsuredInfo;-->
		<!-- drop table #caseOwnerInfo;-->
		drop table #tResultData;
		drop table #casePoloicyInfo; 
		drop table #tCaseTB;
		drop table #tcpoldata;
		drop table #tCaseCodeData;
	</select>
<!-- 	query counter sign cases, by team -->
	<select id="queryCounterSignCases" resultType="java.util.Map"
		parameterType="java.util.Map">
		select * into #tCaseCodeData from (
					select ENCODEDCODE,LINKCASEID,ROW_NUMBER() OVER(PARTITION BY linkcaseid ORDER BY S_ROWID desc) as cnt from fd_case_encoded with(nolock) 
					where department = #{department}) c where cnt = 1;
		update #tCaseCodeData set ENCODEDCODE = 'X' where ENCODEDCODE is null;
		select
			cf.CASEFOLDERID,cf.REQ_TYPE,CF.CREATE_TIMESTAMP,cf.IS_URGENT,cf.DEPARTMENT,
			cf.SLA_ACT_DUE_DT,cf.SLA_DUE_DT,WF.REPOSITORYID, pi.WORKFLOWID, pi.WFWORKITEMID,pi.WFROUTINGTICKETID,pi.WFWORKSTEPNAME
		from
			CF_WORK cf with(nolock) inner join PI_WORK pi with(nolock) on cf.CASEFOLDERID=pi.LINKCASEID 
									left join #tCaseCodeData cd on cf.CASEFOLDERID=cd.LINKCASEID
		 							JOIN SONORAWORKFLOWS WF WITH(NOLOCK) ON WF.NAME = 'main_biz' AND WF.WORKFLOWVERSION = 1
		where
			(pi.processor is null or pi.processor='') and (pi.wfstate=200 or pi.wfstate=210) and pi.is_pending != 1
		<foreach close=")" collection="teamList" item="item" open="and ("
			separator="or">
			(pi.ASSIGN_TEAM)=#{item.TEAM_NM}
		</foreach>
		<foreach close=")" collection="authReqAct" item="item" open="and ("
			separator="or">
			(cf.REQ_TYPE = #{item.REQ_ID} and pi.WFWORKSTEPNAME=#{item.ACT_NM})
		</foreach>
			and isnull(cf.REJECTGETJOB, 0) = 0
		order by cd.ENCODEDCODE asc
	</select>
	<select id="queryCasesByAuthority" resultType="java.util.Map"
		parameterType="java.util.Map">
				select
		cf.CASEFOLDERID,cf.REQ_TYPE,CF.CREATE_TIMESTAMP,cf.IS_URGENT,cf.SLA_ACT_DUE_DT,cf.SLA_DUE_DT,WF.REPOSITORYID, pi.WORKFLOWID, pi.WFWORKITEMID,pi.WFROUTINGTICKETID,pi.WFWORKSTEPNAME
		from
		CF_WORK cf with(nolock) inner join PI_WORK pi with(nolock) on
		cf.CASEFOLDERID=pi.LINKCASEID 
		JOIN SONORAWORKFLOWS WF WITH(NOLOCK) ON WF.NAME = 'main_biz' AND WF.WORKFLOWVERSION = 1
		where
		(pi.processor is null or pi.processor='') and (pi.wfstate=200 or pi.wfstate=210) and pi.is_pending != 1
		<foreach close=")" collection="authReqAct" item="item" open="and ("
			separator="or">
			(cf.REQ_TYPE + pi.WFWORKSTEPNAME)=#{item}
		</foreach>
		order by cd.ENCODEDCODE asc
	</select>
	<select id="queryUserRoleAuth" resultType="java.util.Map" parameterType="String">
		select distinct URR.REQ_ID,URR.ACTIVITY_NAME as ACT_NM
		from FD_UAM_USERROLE_REF UR with(nolock) left join FD_UAM_ROLEREQ_REF URR with(nolock) on UR.UAM_ROLE_ID=URR.UAM_ROLE_ID
		left join fd_uam_role r with(nolock) on UR.UAM_ROLE_ID=r.UAM_ROLE_ID 
		where UR.UAM_USER_ID=#{userId} and isnull(r.UAM_IS_ENABLE, 0) = 1 and isnull(UR.UAM_DELETE_FLAG, 0) = 0 and URR.REQ_ID is not null
		and r.UAM_ROLE_TYPE = 'RequestType &amp; Activity'
	</select>
	<select id="queryUserRoleAuthByDepartment" resultType="java.util.Map"
		parameterType="String">
		select URR.REQ_ID,URR.ACTIVITY_NAME as ACT_NM
		from 
		FD_UAM_USERROLE_REF UR with(nolock) 
		left join FD_UAM_ROLEREQ_REF URR with(nolock) on UR.UAM_ROLE_ID=URR.UAM_ROLE_ID
		left join FD_REQTYPE REQ with(nolock) on URR.REQ_ID = REQ.REQ_TYPE
		left join fd_uam_role r with(nolock) on UR.UAM_ROLE_ID=r.UAM_ROLE_ID 
		where upper(UR.UAM_USER_ID)=upper(#{userId}) and upper(REQ.DEPARTMENT) = upper(#{department})  and isnull(r.UAM_IS_ENABLE, 0) = 1
	</select>
	<select id="queryCasePolicyInfoByCaseId" resultType="java.util.Map"
		parameterType="String">
		select CF.CASEFOLDERID,WI.PROCESSOR
		,(select distinct wcf1.NRIC from FD_WCF_CLIENT wcf1 with(nolock) where
		(wcf1.pol_role='I' or wcf1.pol_role='3') and
		wcf1.linkcaseid=cf.casefolderid) as INSURED
		,(select distinct wcf1.NRIC from FD_WCF_CLIENT wcf1 with(nolock) where
		(wcf1.pol_role='O' or wcf1.pol_role='3') and
		wcf1.linkcaseid=cf.casefolderid) as OWNER
		,(select distinct STUFF((SELECT ',' + LINK.POL_NUM FROM FD_WCF_LINK LINK
		with(nolock) WHERE LINK.LINKCASEID = cf.casefolderid FOR XML
		PATH('')) , 1,1, '' )) as POLNUM
		FROM
		CF_WORK CF WITH(NOLOCK) INNER JOIN PI_WORK WI WITH(NOLOCK) ON CF.CASEFOLDERID
		= WI.LINKCASEID WHERE (WI.WFSTATE=200 or WI.WFSTATE=210) and
		CF.CASEFOLDERID=#{casefolderid}
	</select>
	<select id="queryAssociatedCaseBySameInsured" resultType="java.util.Map"
		parameterType="String">
		select  DISTINCT  CF.REQ_TYPE,PI.WFWORKSTEPNAME,CF.CASEFOLDERID, WF.REPOSITORYID, PI.WORKFLOWID, PI.WFWORKITEMID,PI.WFROUTINGTICKETID
			from FD_WCF_LINK FWL 
			LEFT JOIN FD_WCF_CLIENT  FWC1 WITH(NOLOCK) ON FWL.LINKCASEID=FWC1.LINKCASEID 
			AND FWL.POL_NUM=FWC1.POL_NUM AND ISNULL(FWC1.IS_DELETED,0)=0  AND FWC1.POL_ROLE IN ('A','B','Y')
			LEFT JOIN FD_WCF_CLIENT  FWC2 WITH(NOLOCK) ON FWL.LINKCASEID=FWC2.LINKCASEID 
			AND FWL.POL_NUM=FWC2.POL_NUM AND ISNULL(FWC2.IS_DELETED,0)=0  AND FWC2.POL_ROLE IN ('B','C')
			LEFT JOIN CF_WORK CF WITH(NOLOCK) on CF.CASEFOLDERID = FWL.LINKCASEID
			LEFT JOIN PI_WORK PI WITH(NOLOCK) on PI.LINKCASEID = FWL.LINKCASEID
			JOIN SONORAWORKFLOWS WF WITH(NOLOCK) ON WF.NAME = 'main_biz' AND WF.WORKFLOWVERSION = 1
			WHERE ISNULL(FWL.IS_DELETED,0)=0 and (PI.WFSTATE=200 or PI.WFSTATE=210) and isnull(PI.PROCESSOR, '') = ''
			AND FWC1.HASHSTR in(select  DISTINCT  HASHSTR
			 from FD_WCF_CLIENT WITH(NOLOCK) where ISNULL(IS_DELETED,0)=0  AND POL_ROLE IN ('A','B','Y') and LINKCASEID=#{caseId}) 
	</select>
	<select id="queryAssociatedCaseBySamePOwner" resultType="java.util.Map"
		parameterType="String">
		select  DISTINCT  CF.REQ_TYPE,PI.WFWORKSTEPNAME,CF.CASEFOLDERID, WF.REPOSITORYID, PI.WORKFLOWID, PI.WFWORKITEMID, PI.WFROUTINGTICKETID
			from FD_WCF_LINK FWL 
			LEFT JOIN FD_WCF_CLIENT  FWC1 WITH(NOLOCK) ON FWL.LINKCASEID=FWC1.LINKCASEID 
			AND FWL.POL_NUM=FWC1.POL_NUM AND ISNULL(FWC1.IS_DELETED,0)=0  AND FWC1.POL_ROLE IN ('A','B','Y')
			LEFT JOIN FD_WCF_CLIENT  FWC2 WITH(NOLOCK) ON FWL.LINKCASEID=FWC2.LINKCASEID 
			AND FWL.POL_NUM=FWC2.POL_NUM AND ISNULL(FWC2.IS_DELETED,0)=0  AND FWC2.POL_ROLE IN ('B','C')
			LEFT JOIN CF_WORK CF WITH(NOLOCK) on CF.CASEFOLDERID = FWL.LINKCASEID
			LEFT JOIN PI_WORK PI WITH(NOLOCK) on PI.LINKCASEID = FWL.LINKCASEID
			JOIN SONORAWORKFLOWS WF WITH(NOLOCK) ON WF.NAME = 'main_biz' AND WF.WORKFLOWVERSION = 1
			WHERE ISNULL(FWL.IS_DELETED,0)=0 and (PI.WFSTATE=200 or PI.WFSTATE=210) and isnull(PI.PROCESSOR, '') = ''
			AND FWC2.HASHSTR in(select  DISTINCT  HASHSTR
 			from FD_WCF_CLIENT WITH(NOLOCK) where ISNULL(IS_DELETED,0)=0  AND POL_ROLE IN ('B','C') and LINKCASEID=#{caseId})
	</select>
	<select id="queryAssociatedCaseBySamePol" resultType="java.util.Map"
		parameterType="java.util.List">
			select  DISTINCT  CF.REQ_TYPE,PI.WFWORKSTEPNAME,CF.CASEFOLDERID, WF.REPOSITORYID, PI.WORKFLOWID, PI.WFWORKITEMID, PI.WFROUTINGTICKETID
				from FD_WCF_LINK FWL 
				LEFT JOIN FD_WCF_CLIENT  FWC1 WITH(NOLOCK) ON FWL.LINKCASEID=FWC1.LINKCASEID 
				AND FWL.POL_NUM=FWC1.POL_NUM AND ISNULL(FWC1.IS_DELETED,0)=0  AND FWC1.POL_ROLE IN ('A','B','Y')
				LEFT JOIN FD_WCF_CLIENT  FWC2 WITH(NOLOCK) ON FWL.LINKCASEID=FWC2.LINKCASEID 
				AND FWL.POL_NUM=FWC2.POL_NUM AND ISNULL(FWC2.IS_DELETED,0)=0  AND FWC2.POL_ROLE IN ('B','C')
				LEFT JOIN CF_WORK CF WITH(NOLOCK) on CF.CASEFOLDERID = FWL.LINKCASEID
				LEFT JOIN PI_WORK PI WITH(NOLOCK) on PI.LINKCASEID = FWL.LINKCASEID 
				JOIN SONORAWORKFLOWS WF WITH(NOLOCK) ON WF.NAME = 'main_biz' AND WF.WORKFLOWVERSION = 1
				WHERE ISNULL(FWL.IS_DELETED,0)=0 and (PI.WFSTATE=200 or PI.WFSTATE=210) and isnull(PI.PROCESSOR, '') = ''
				and FWL.POL_NUM in(select distinct POL_NUM from FD_WCF_LINK WITH(NOLOCK) where LINKCASEID= #{caseId})
	</select>
	<select id="queryAssociatedCaseBySameInsuredOrPOwner"
		resultType="java.util.Map" parameterType="String">
		select  DISTINCT  CF.REQ_TYPE,PI.WFWORKSTEPNAME,CF.CASEFOLDERID, WF.REPOSITORYID, PI.WORKFLOWID, PI.WFWORKITEMID, PI.WFROUTINGTICKETID
			from FD_WCF_LINK FWL 
			LEFT JOIN FD_WCF_CLIENT  FWC1 WITH(NOLOCK) ON FWL.LINKCASEID=FWC1.LINKCASEID 
			AND FWL.POL_NUM=FWC1.POL_NUM AND ISNULL(FWC1.IS_DELETED,0)=0  AND FWC1.POL_ROLE IN ('A','B','Y')
			LEFT JOIN FD_WCF_CLIENT  FWC2 WITH(NOLOCK) ON FWL.LINKCASEID=FWC2.LINKCASEID 
			AND FWL.POL_NUM=FWC2.POL_NUM AND ISNULL(FWC2.IS_DELETED,0)=0  AND FWC2.POL_ROLE IN ('B','C')
			LEFT JOIN CF_WORK CF WITH(NOLOCK) on CF.CASEFOLDERID = FWL.LINKCASEID
			LEFT JOIN PI_WORK PI WITH(NOLOCK) on PI.LINKCASEID = FWL.LINKCASEID
			JOIN SONORAWORKFLOWS WF WITH(NOLOCK) ON WF.NAME = 'main_biz' AND WF.WORKFLOWVERSION = 1
			WHERE ISNULL(FWL.IS_DELETED,0)=0 and (PI.WFSTATE=200 or PI.WFSTATE=210) and isnull(PI.PROCESSOR, '') = ''
			AND (FWC1.HASHSTR in(select  DISTINCT  HASHSTR
			 from FD_WCF_CLIENT where ISNULL(IS_DELETED,0)=0  AND POL_ROLE IN ('A','B','Y') and LINKCASEID=#{caseId}) 
			or FWC2.HASHSTR in(select  DISTINCT  HASHSTR
			 from FD_WCF_CLIENT WITH(NOLOCK) where ISNULL(IS_DELETED,0)=0  AND POL_ROLE IN ('B','C') and LINKCASEID=#{caseId}))
	</select>
	<select id="queryAssociatedCase" resultType="java.util.Map"
		parameterType="String">
			select  DISTINCT  CF.REQ_TYPE,PI.WFWORKSTEPNAME,CF.CASEFOLDERID, WF.REPOSITORYID, PI.WORKFLOWID, PI.WFWORKITEMID, PI.WFROUTINGTICKETID
				from FD_WCF_LINK FWL 
				LEFT JOIN FD_WCF_CLIENT  FWC1 WITH(NOLOCK) ON FWL.LINKCASEID=FWC1.LINKCASEID 
				AND FWL.POL_NUM=FWC1.POL_NUM AND ISNULL(FWC1.IS_DELETED,0)=0  AND FWC1.POL_ROLE IN ('A','B','Y')
				LEFT JOIN FD_WCF_CLIENT  FWC2 WITH(NOLOCK) ON FWL.LINKCASEID=FWC2.LINKCASEID 
				AND FWL.POL_NUM=FWC2.POL_NUM AND ISNULL(FWC2.IS_DELETED,0)=0  AND FWC2.POL_ROLE IN ('B','C')
				LEFT JOIN CF_WORK CF WITH(NOLOCK) on CF.CASEFOLDERID = FWL.LINKCASEID
				LEFT JOIN PI_WORK PI WITH(NOLOCK) on PI.LINKCASEID = FWL.LINKCASEID
				JOIN SONORAWORKFLOWS WF WITH(NOLOCK) ON WF.NAME = 'main_biz' AND WF.WORKFLOWVERSION = 1
				WHERE ISNULL(FWL.IS_DELETED,0)=0 and (PI.WFSTATE=200 or PI.WFSTATE=210) and isnull(PI.PROCESSOR, '') = '' and (
		<if test="null != rule1 and '1'.toString() == rule1">
				FWC1.HASHSTR in(select  DISTINCT  HASHSTR
 				from FD_WCF_CLIENT where ISNULL(IS_DELETED,0)=0  AND POL_ROLE IN ('A','B','Y') and LINKCASEID=#{caseId})
		</if>
		<if test="null != rule1 and '2'.toString() == rule1">
				FWC2.HASHSTR in(select  DISTINCT  HASHSTR
 				from FD_WCF_CLIENT WITH(NOLOCK) where ISNULL(IS_DELETED,0)=0  AND POL_ROLE IN ('B','C') and LINKCASEID=#{caseId})
		</if>
		<if test="null!=rule1 and '3'.toString()==rule1">
				FWL.POL_NUM in(select distinct POL_NUM from FD_WCF_LINK WITH(NOLOCK) where LINKCASEID= #{caseId})
		</if>
		<if test="null != andOr and '0'.toString() == andOr">
			and
		</if>
		<if test="null != andOr and '1'.toString() == andOr">
			or
		</if>
		<if test="null != rule2 and '1'.toString() == rule2">
<!-- 			a.INSURED=#{insured} -->
			FWC1.HASHSTR in(select  DISTINCT  HASHSTR
 				from FD_WCF_CLIENT WITH(NOLOCK) where ISNULL(IS_DELETED,0)=0  AND POL_ROLE IN ('A','B','Y') and LINKCASEID=#{caseId})
		</if>
		<if test="null != rule2 and '2'.toString() == rule2">
				FWC2.HASHSTR in(select  DISTINCT  HASHSTR
 				from FD_WCF_CLIENT WITH(NOLOCK) where ISNULL(IS_DELETED,0)=0  AND POL_ROLE IN ('B','C') and LINKCASEID=#{caseId})
		</if>
		<if test="null != rule2 and '3'.toString() == rule2">
				FWL.POL_NUM in(select distinct POL_NUM from FD_WCF_LINK WITH(NOLOCK) where LINKCASEID= #{caseId})
		</if>
		)
	</select>
	<select id="queryCaseData" resultType="java.util.Map"
		parameterType="String">
		select
		d.[LINKCASEID],d.[DATA_FIELD],d.[DATA_VALUE]
		from FD_CF_WORK_DATA d with(nolock)
		left join pi_work w with(nolock) on d.LINKCASEID=w.LINKCASEID
		where
		(w.wfstate=200 or w.wfstate=210) and (w.processor is null or w.processor ='') order
		by d.LINKCASEID
	</select>
	<select id="queryTest" resultType="java.util.Map" parameterType="String">
		select PROCESSOR
		from PI_WORK with(nolock)
		where
		PROCESSOR like '%' + #{item} + '%'
	</select>
	<update id="setCaseUrgent" parameterType="java.util.List">
		<foreach close="" collection="list" index="index" item="item"
			open="" separator=";">
			update CF_WORK set IS_URGENT = 1, IS_CHANGED = 1 where CASEFOLDERID = #{item}
		</foreach>
	</update>
	<update id="callBackRefer" parameterType="java.util.List">
		<foreach close="" collection="list" index="index" item="item"
			open="" separator=";">
			update PI_WORK set IS_REFER = 0 where LINKCASEID = #{item}
		</foreach>
	</update>
	<update id="callBackCounterSign" parameterType="java.util.Map">
		<foreach close="" collection="caseIds" index="index" item="item"
			open="" separator=";">
			update PI_WORK set COUNTER_SIGN_ID = null,IS_COUNTER_SIGN_LOCKED=0, processor = COUNTER_SIGN_ID where LINKCASEID = #{item}
		</foreach>
	</update>
	<insert id="insertCaseNote" parameterType="java.util.List">
		<foreach close="" collection="list" index="index" item="item"
			open="" separator=";">
			INSERT INTO FD_CASE_NOTE
			(CREATED_BY,CREATED_TIMESTAMP,LINKCASEID,COMMENTS,CATEGORY,IS_SYSTEM,IS_VOID)
			VALUES(#{item.createBy},#{item.createDate},#{item.linkCaseId},#{item.comments},#{item.category},#{item.isSystem},#{item.isVoid})
		</foreach>
	</insert>
	<update id="unpendCase" parameterType="java.util.List">
		<foreach close="" collection="list" index="index" item="item"
			open="" separator=";">
			update PI_WORK set IS_PENDING = 0,ACT_SIGNAL='Unpend - manual' where LINKCASEID = #{item}
		</foreach>
	</update>
	<select id="validateReferLock" resultType="java.util.Map" parameterType="java.util.List">
		SELECT PI.LINKCASEID,PI.REQUEST_NUM,CH.REFER_TO
		FROM PI_WORK PI with(nolock) LEFT JOIN FD_CASE_REFER_HISTORY CH with(nolock) ON PI.LINKCASEID=CH.LINKCASEID and PI.REFER_SEQ=CH.REFER_SEQ
		WHERE PI.LINKCASEID in(
			<foreach close="" collection="list" index="index" item="item"
			open="" separator=",">
				#{item}
			</foreach>
		) and CH.REFER_STATUS = 1
	</select>
	<select id="validateCounterSignLock" resultType="java.util.Map" parameterType="java.util.List">
		SELECT PI.LINKCASEID,PI.REQUEST_NUM,PI.PROCESSOR
		FROM PI_WORK PI with(nolock)
		WHERE PI.LINKCASEID in(
			<foreach close="" collection="list" index="index" item="item"
			open="" separator=",">
				#{item}
			</foreach>
		) and PI.IS_COUNTER_SIGN_LOCKED=1
	</select>
	<update id="snatchCase" parameterType="java.util.Map">
<!-- 		update pi_work set processor = #{userId} where linkcaseid = #{caseId} and (wfstate = 200 or wfstate = 210) -->
		EXEC sp_snatch_case #{caseId},#{userId}
	</update>
	<select id="queryCasesByAct" resultType="java.util.Map"
		parameterType="java.util.Map">
		select
		cf.CASEFOLDERID,cf.REQ_TYPE,CF.CREATE_TIMESTAMP,cf.IS_URGENT,cf.SLA_ACT_DUE_DT,cf.SLA_DUE_DT, WF.REPOSITORYID, pi.WORKFLOWID, pi.WFWORKITEMID,pi.WFROUTINGTICKETID,pi.WFWORKSTEPNAME
		from
		CF_WORK cf with(nolock) inner join PI_WORK pi with(nolock) on
		cf.CASEFOLDERID=pi.LINKCASEID JOIN SONORAWORKFLOWS WF WITH(NOLOCK) ON WF.NAME = 'main_biz' AND WF.WORKFLOWVERSION = 1
		where 
		(pi.processor is null or pi.processor='') and (pi.wfstate=200 or pi.wfstate=210)
		<foreach close=")" collection="authReqAct" item="item" open="and ("
			separator="or">
			(cf.REQ_TYPE + pi.WFWORKSTEPNAME)=#{item}
		</foreach>
		and pi.WFWORKSTEPNAME in(select WORKSTEPNAME from FD_ACT_INFO with(nolock) where ACT_NM =#{actName})
	</select>
	<select id="queryUserActName" resultType="String" parameterType="String">
	select distinct act_nm from fd_act_info with(nolock) where workstepname in(
		select distinct URR.ACTIVITY_NAME as ACT_NM
		from  FD_UAM_ROLEREQ_REF URR with(nolock) left join FD_UAM_USERROLE_REF UR with(nolock) 
		on UR.UAM_ROLE_ID=URR.UAM_ROLE_ID
		where upper(UR.UAM_USER_ID)=upper(#{userId})) and act_nm is not null and act_nm  != ''
	</select>
	<select id="queryCasesNoDepartment" resultType="java.util.Map"
		parameterType="java.util.Map">
		select
		cf.CASEFOLDERID,cf.REQ_TYPE,CF.CREATE_TIMESTAMP,cf.IS_URGENT,cf.SLA_ACT_DUE_DT,cf.SLA_DUE_DT, WF.REPOSITORYID, pi.WORKFLOWID, pi.WFWORKITEMID,pi.WFROUTINGTICKETID,pi.WFWORKSTEPNAME
		from
		CF_WORK cf with(nolock) inner join PI_WORK pi with(nolock) on
		cf.CASEFOLDERID=pi.LINKCASEID JOIN SONORAWORKFLOWS WF WITH(NOLOCK) ON WF.NAME = 'main_biz' AND WF.WORKFLOWVERSION = 1
		where 
		(pi.processor is null or pi.processor='') and (pi.wfstate=200 or pi.wfstate=210) and pi.is_pending != 1
		<foreach close=")" collection="authReqAct" item="item" open="and ("
			separator="or">
			(cf.REQ_TYPE + pi.WFWORKSTEPNAME)=#{item}
		</foreach>
		 and isnull(pi.ASSIGN_TEAM, '') = ''
		 order by cf.SLA_DUE_DT
	</select>
<!-- <select id="queryCasesNoDepartment" resultType="java.util.Map"
		parameterType="java.util.Map">
		select
		cf.CASEFOLDERID,cf.REQ_TYPE,CF.CREATE_TIMESTAMP,cf.IS_URGENT,cf.SLA_ACT_DUE_DT,cf.SLA_DUE_DT,pi.WFROUTINGTICKETID,pi.WFWORKSTEPNAME
		from
		CF_WORK cf with(nolock) inner join PI_WORK pi with(nolock) on
		cf.CASEFOLDERID=pi.LINKCASEID 
		where 
		(pi.processor is null or pi.processor='') and (pi.wfstate=200 or pi.wfstate=210) and pi.is_pending != 1
		<foreach close=")" collection="authReqAct" item="item" open="and ("
			separator="or">
			(cf.REQ_TYPE + pi.WFWORKSTEPNAME)=#{item}
		</foreach>
		 and isnull(pi.ASSIGN_TEAM, '') != ''
		 order by cf.SLA_DUE_DT
	</select> -->	
	<select id="queryCounterSignTeamByUser" resultType="java.util.Map" parameterType="String">
		select AUTH_RANGE_MAX,AUTH_RANGE_MIN,RISKTYPE,SARGROUP,TEAM_NM 
		from FD_COUNTERSIGN_USERS 
		where UAM_USER_ID = #{userId}
	</select>
	<select id="queryScoreCasesPolicy" resultType="String"
		parameterType="String">
		select
		(select distinct STUFF((SELECT ',' + LINK.POL_NUM FROM FD_WCF_LINK LINK
		with(nolock) WHERE LINK.LINKCASEID = cf.casefolderid FOR XML
		PATH('')) , 1,1, '' )) as POLNUM
		from
		CF_WORK cf with(nolock) inner join PI_WORK pi with(nolock) on
		cf.CASEFOLDERID=pi.LINKCASEID
		where
		(pi.PROCESSOR is null or pi.PROCESSOR='') and cf.IS_COMPLETED=0 and (pi.WFSTATE=200
		or pi.WFSTATE=210)
	</select>
	<update id="preUpdatePol" parameterType="String">
		EXECUTE SP_UPDATEPOLDATA #{policys}
	</update>
	<update id="lockCounterSign" parameterType="java.util.Map">
		update pi_work set IS_COUNTER_SIGN_LOCKED = #{isLocked} where WFROUTINGTICKETID = #{ticketId} and (IS_COUNTER_SIGN_LOCKED != 1 or IS_COUNTER_SIGN_LOCKED is null)
	</update>
	<select id="batchCallBackCounterSign" resultType="java.util.Map" parameterType="java.util.Map">
		exec SP_BatchCallBackCounterSign #{caseIds},#{comments},#{force}
	</select>
	<update id="changeCaseUrgent" parameterType="java.util.List">
		<foreach close="" collection="list" index="index" item="item"
			open="" separator=";">
			UPDATE CF_WORK SET IS_URGENT = ABS(ISNULL(IS_URGENT, 0) - 1), IS_CHANGED = 1 WHERE CASEFOLDERID = #{item}
		</foreach>
	</update>
	<select id="queryAllTeams" resultType="java.util.Map">
		SELECT UAM_COMPONENT_ID,UAM_COMPONENT_NAME ,UAM_COMPONENT_PARENTID ,UAM_COMPONENT_TYPE
  		FROM FD_UAM_COMPONENT with(nolock) 
  		where isnull(DELETE_FLAG, 0) != 1 
	</select>
	<select id="queryLeaderTeams" resultType="Integer" parameterType="String">
	  	select distinct UAM_COMPONENT_ID 
  		from FD_UAM_USERCOMPONENT_REF with(nolock) 
  		where upper(UAM_USER_ID)=upper(#{userId}) and upper(UAM_USER_POSITION) != 'MEMBER'
		and isnull(UAM_DELETE_FLAG, 0) != 1
	</select>
	<select id="queryCaseInfo" resultType="java.util.Map" parameterType="Integer">
		select distinct cf.REQUEST_NUM,pi.PROCESSOR, WF.REPOSITORYID, pi.WORKFLOWID, pi.WFWORKITEMID,pi.WFROUTINGTICKETID
		from cf_work cf with(nolock) left join pi_work pi with(nolock) on cf.CASEFOLDERID = pi.LINKCASEID
		JOIN SONORAWORKFLOWS WF WITH(NOLOCK) ON WF.NAME = 'main_biz' AND WF.WORKFLOWVERSION = 1
		where (pi.wfstate=200 or pi.wfstate=210) and cf.CASEFOLDERID=#{caseId}
	</select>
	<select id="queryCaseTSARInfo" resultType="java.util.Map" parameterType="Integer">
		select LINKCASEID, CURRENT_TSAR from FD_CASE_TSAR_INFO with(nolock)
	</select>
	<select id="queryCaseUserStatus" resultType="java.util.Map" parameterType="java.util.List">
			select pi.LINKCASEID,su.ACTIVESTATUS from pi_work pi with(nolock) left join sonorausers su with(nolock) on pi.PROCESSOR = su.LOGINID 
			where 1=1 
		<foreach close=")" collection="list" item="item" open="and pi.LINKCASEID in ("
			separator=",">
			#{item}
		</foreach>
	</select>
	<update id="clearCaseOwner" parameterType="java.util.List">
		<foreach close="" collection="list" index="index" item="item"
			open="" separator=";">
			update PI_WORK set PROCESSOR=null where LINKCASEID=#{item}
		</foreach>
	</update>
	<select id="queryCaseAutoAssinInfo" resultType="java.util.Map">
	select cf.REQ_TYPE,pi.WFWORKSTEPNAME, WF.REPOSITORYID, pi.WORKFLOWID, pi.WFWORKITEMID,pi.WFROUTINGTICKETID,pi.PROCESSOR,req.DEPARTMENT
		from cf_work cf with(nolock) left join pi_work pi with(nolock) on cf.CASEFOLDERID=pi.LINKCASEID
		left join FD_REQTYPE req with(nolock) on cf.REQ_TYPE=req.REQ_TYPE
		JOIN SONORAWORKFLOWS WF WITH(NOLOCK) ON WF.NAME = 'main_biz' AND WF.WORKFLOWVERSION = 1
		where cf.CASEFOLDERID=#{caseId}
	</select>
	<select id="queryConcurrentRuleAutoAssign" resultType="java.util.Map">
		select r.RULE_NAME,r.RULE_TYPE,d.REQ_TYPE,d.WFWORKSTEPNAME from 
		FD_CONCURRENT_RULE r with(nolock) left join FD_CONCURRENT_DATA d with(nolock) on r.DEPARTMENT=d.DEPARTMENT and r.RULE_NAME = d.RULE_NAME
		where (RULE_TYPE = 0 or r.RULE_NAME in
				(select RULE_NAME from FD_CONCURRENT_DATA with(nolock) where REQ_TYPE=#{reqType} and WFWORKSTEPNAME=#{actName} and DEPARTMENT=#{department})
			  ) 
		and r.DEPARTMENT=#{department2}
		order by r.RULE_NAME 
	</select>
	<select id="queryAssociatedHistoryCaseBySameInsured" resultType="java.util.Map"
		parameterType="String">
		select  DISTINCT  CF.REQ_TYPE,HIS.WFWORKSTEPNAME,CF.CASEFOLDERID, HIS.PROCESSOR,HIS.EXITTIME,HIS.LINKCASEID
				from FD_WCF_LINK FWL with(nolock)
				LEFT JOIN FD_WCF_CLIENT  FWC1 with(nolock) ON FWL.LINKCASEID=FWC1.LINKCASEID 
				AND FWL.POL_NUM=FWC1.POL_NUM AND ISNULL(FWC1.IS_DELETED,0)=0  AND FWC1.POL_ROLE IN ('A','B','Y')
				LEFT JOIN FD_WCF_CLIENT  FWC2 with(nolock) ON FWL.LINKCASEID=FWC2.LINKCASEID 
				AND FWL.POL_NUM=FWC2.POL_NUM AND ISNULL(FWC2.IS_DELETED,0)=0  AND FWC2.POL_ROLE IN ('B','C')
				LEFT JOIN CF_WORK CF with(nolock) on CF.CASEFOLDERID = FWL.LINKCASEID
				LEFT JOIN PI_WORK PI with(nolock) on PI.LINKCASEID = FWL.LINKCASEID
				LEFT JOIN FD_WORKSTEP_HISTORY HIS on FWL.LINKCASEID = HIS.LINKCASEID
			WHERE ISNULL(FWL.IS_DELETED,0)=0 and (PI.WFSTATE=200 or PI.WFSTATE=210) and HIS.WFWORKSTEPNAME is not null 
			AND FWC1.HASHSTR in(select  DISTINCT  HASHSTR
			 from FD_WCF_CLIENT with(nolock) where ISNULL(IS_DELETED,0)=0  AND POL_ROLE IN ('A','B','Y') and LINKCASEID=#{caseId}) 
	</select>
	<select id="queryAssociatedHistoryCaseBySamePOwner" resultType="java.util.Map"
		parameterType="String">
		select  DISTINCT  CF.REQ_TYPE,HIS.WFWORKSTEPNAME,CF.CASEFOLDERID, HIS.PROCESSOR,HIS.EXITTIME,HIS.LINKCASEID
				from FD_WCF_LINK FWL  with(nolock)
				LEFT JOIN FD_WCF_CLIENT  FWC1 with(nolock) ON FWL.LINKCASEID=FWC1.LINKCASEID 
				AND FWL.POL_NUM=FWC1.POL_NUM AND ISNULL(FWC1.IS_DELETED,0)=0  AND FWC1.POL_ROLE IN ('A','B','Y')
				LEFT JOIN FD_WCF_CLIENT  FWC2 with(nolock) ON FWL.LINKCASEID=FWC2.LINKCASEID 
				AND FWL.POL_NUM=FWC2.POL_NUM AND ISNULL(FWC2.IS_DELETED,0)=0  AND FWC2.POL_ROLE IN ('B','C')
				LEFT JOIN CF_WORK CF with(nolock) on CF.CASEFOLDERID = FWL.LINKCASEID
				LEFT JOIN PI_WORK PI with(nolock) on PI.LINKCASEID = FWL.LINKCASEID
				LEFT JOIN FD_WORKSTEP_HISTORY HIS with(nolock) on FWL.LINKCASEID = HIS.LINKCASEID 
				AND FWC2.HASHSTR in(select  DISTINCT  HASHSTR
 				from FD_WCF_CLIENT with(nolock) where ISNULL(IS_DELETED,0)=0  AND POL_ROLE IN ('B','C') and LINKCASEID=#{caseId})
	</select>
	<select id="queryAssociatedHistoryCaseBySamePol" resultType="java.util.Map"
		parameterType="java.util.List">
			select  DISTINCT  CF.REQ_TYPE,HIS.WFWORKSTEPNAME,CF.CASEFOLDERID, HIS.PROCESSOR,HIS.EXITTIME,HIS.LINKCASEID
				from FD_WCF_LINK FWL with(nolock)
				LEFT JOIN FD_WCF_CLIENT  FWC1 with(nolock) ON FWL.LINKCASEID=FWC1.LINKCASEID 
				AND FWL.POL_NUM=FWC1.POL_NUM AND ISNULL(FWC1.IS_DELETED,0)=0  AND FWC1.POL_ROLE IN ('A','B','Y')
				LEFT JOIN FD_WCF_CLIENT FWC2 with(nolock) ON FWL.LINKCASEID=FWC2.LINKCASEID 
				AND FWL.POL_NUM=FWC2.POL_NUM AND ISNULL(FWC2.IS_DELETED,0)=0  AND FWC2.POL_ROLE IN ('B','C')
				LEFT JOIN CF_WORK CF with(nolock) on CF.CASEFOLDERID = FWL.LINKCASEID
				LEFT JOIN PI_WORK PI with(nolock) on PI.LINKCASEID = FWL.LINKCASEID
				LEFT JOIN FD_WORKSTEP_HISTORY HIS with(nolock) on FWL.LINKCASEID = HIS.LINKCASEID
				WHERE ISNULL(FWL.IS_DELETED,0)=0 and (PI.WFSTATE=200 or PI.WFSTATE=210) and HIS.WFWORKSTEPNAME is not null 
				and FWL.POL_NUM in(select distinct POL_NUM from FD_WCF_LINK with(nolock) where LINKCASEID= #{caseId})
	</select>
	<select id="queryAssociatedHistoryCaseBySameInsuredOrPOwner"
		resultType="java.util.Map" parameterType="String">
		select  DISTINCT  CF.REQ_TYPE,HIS.WFWORKSTEPNAME,CF.CASEFOLDERID, HIS.PROCESSOR,HIS.EXITTIME,HIS.LINKCASEID
				from FD_WCF_LINK FWL  with(nolock)
				LEFT JOIN FD_WCF_CLIENT with(nolock)  FWC1 ON FWL.LINKCASEID=FWC1.LINKCASEID 
				AND FWL.POL_NUM=FWC1.POL_NUM AND ISNULL(FWC1.IS_DELETED,0)=0  AND FWC1.POL_ROLE IN ('A','B','Y')
				LEFT JOIN FD_WCF_CLIENT with(nolock)  FWC2 ON FWL.LINKCASEID=FWC2.LINKCASEID 
				AND FWL.POL_NUM=FWC2.POL_NUM AND ISNULL(FWC2.IS_DELETED,0)=0  AND FWC2.POL_ROLE IN ('B','C')
				LEFT JOIN CF_WORK CF with(nolock) on CF.CASEFOLDERID = FWL.LINKCASEID
				LEFT JOIN PI_WORK PI with(nolock) on PI.LINKCASEID = FWL.LINKCASEID
				LEFT JOIN FD_WORKSTEP_HISTORY HIS with(nolock) on FWL.LINKCASEID = HIS.LINKCASEID 
			WHERE ISNULL(FWL.IS_DELETED,0)=0 and (PI.WFSTATE=200 or PI.WFSTATE=210) and HIS.WFWORKSTEPNAME is not null 
			AND (FWC1.HASHSTR in(select  DISTINCT  HASHSTR
			 from FD_WCF_CLIENT with(nolock) where ISNULL(IS_DELETED,0)=0  AND POL_ROLE IN ('A','B','Y') and LINKCASEID=#{caseId}) 
			or FWC2.HASHSTR in(select  DISTINCT  HASHSTR
			 from FD_WCF_CLIENT with(nolock) where ISNULL(IS_DELETED,0)=0  AND POL_ROLE IN ('B','C') and LINKCASEID=#{caseId}))
	</select>
	<select id="queryAssociatedHistoryCase" resultType="java.util.Map"
		parameterType="String">
			select  DISTINCT  CF.REQ_TYPE,HIS.WFWORKSTEPNAME,CF.CASEFOLDERID, HIS.PROCESSOR,HIS.EXITTIME,HIS.LINKCASEID
				from FD_WCF_LINK FWL with(nolock) 
				LEFT JOIN FD_WCF_CLIENT  FWC1 with(nolock) ON FWL.LINKCASEID=FWC1.LINKCASEID 
				AND FWL.POL_NUM=FWC1.POL_NUM AND ISNULL(FWC1.IS_DELETED,0)=0  AND FWC1.POL_ROLE IN ('A','B','Y')
				LEFT JOIN FD_WCF_CLIENT  FWC2 with(nolock) ON FWL.LINKCASEID=FWC2.LINKCASEID 
				AND FWL.POL_NUM=FWC2.POL_NUM AND ISNULL(FWC2.IS_DELETED,0)=0  AND FWC2.POL_ROLE IN ('B','C')
				LEFT JOIN CF_WORK CF with(nolock) on CF.CASEFOLDERID = FWL.LINKCASEID
				LEFT JOIN PI_WORK PI with(nolock) on PI.LINKCASEID = FWL.LINKCASEID
				LEFT JOIN FD_WORKSTEP_HISTORY HIS with(nolock) on FWL.LINKCASEID = HIS.LINKCASEID  
				WHERE ISNULL(FWL.IS_DELETED,0)=0 and (PI.WFSTATE=200 or PI.WFSTATE=210) and HIS.WFWORKSTEPNAME is not null and (
		<if test="null != rule1 and '1'.toString() == rule1">
				FWC1.HASHSTR in(select  DISTINCT  HASHSTR
 				from FD_WCF_CLIENT with(nolock) where ISNULL(IS_DELETED,0)=0  AND POL_ROLE IN ('A','B','Y') and LINKCASEID=#{caseId})
		</if>
		<if test="null != rule1 and '2'.toString() == rule1">
				FWC2.HASHSTR in(select  DISTINCT  HASHSTR
 				from FD_WCF_CLIENT with(nolock) where ISNULL(IS_DELETED,0)=0  AND POL_ROLE IN ('B','C') and LINKCASEID=#{caseId})
		</if>
		<if test="null!=rule1 and '3'.toString()==rule1">
				FWL.POL_NUM in(select distinct POL_NUM from FD_WCF_LINK with(nolock) where LINKCASEID= #{caseId})
		</if>
		<if test="null != andOr and '0'.toString() == andOr">
			and
		</if>
		<if test="null != andOr and '1'.toString() == andOr">
			or
		</if>
		<if test="null != rule2 and '1'.toString() == rule2">
<!-- 			a.INSURED=#{insured} -->
			FWC1.HASHSTR in(select  DISTINCT  HASHSTR
 				from FD_WCF_CLIENT with(nolock) where ISNULL(IS_DELETED,0)=0  AND POL_ROLE IN ('A','B','Y') and LINKCASEID=#{caseId})
		</if>
		<if test="null != rule2 and '2'.toString() == rule2">
				FWC2.HASHSTR in(select  DISTINCT  HASHSTR
 				from FD_WCF_CLIENT with(nolock) where ISNULL(IS_DELETED,0)=0  AND POL_ROLE IN ('B','C') and LINKCASEID=#{caseId})
		</if>
		<if test="null != rule2 and '3'.toString() == rule2">
				FWL.POL_NUM in(select distinct POL_NUM from FD_WCF_LINK with(nolock) where LINKCASEID= #{caseId})
		</if>
		)
	</select>
	<insert id="insertPriorityFactor" parameterType="java.util.List">
<!-- 		BEGIN -->
<!-- 			declare @cpn int; -->
<!-- 		<foreach close="" collection="list" index="index" item="item" -->
<!-- 			open="" separator=";"> -->
<!-- 			select @cpn = count(1) from FD_CASE_PRIORITY_FACTOR with(nolock) where LINKCASEID = #{item.caseId} and DEPARTMENT = #{item.department};  -->
<!-- 			IF @cpn > 0 -->
<!-- 				BEGIN -->
<!-- 					update FD_CASE_PRIORITY_FACTOR set PRIORITY_VALUES = #{item.factor} where LINKCASEID = #{item.caseId} and DEPARTMENT = #{item.department};  -->
<!-- 				END -->
<!-- 			ELSE  -->
<!-- 				BEGIN -->
<!-- 					INSERT INTO FD_CASE_PRIORITY_FACTOR(DEPARTMENT ,LINKCASEID ,PRIORITY_VALUES) VALUES(#{item.department},#{item.caseId},#{item.factor}) -->
<!-- 				END -->
<!-- 		</foreach> -->
<!-- 		END -->
			select casefolderid from cf_work with(nolock) where 1 = 2
	</insert>
	<delete id="deletePriorityFactor" parameterType="java.util.List">
		<foreach close="" collection="list" index="index" item="item"
			open="" separator=";">
			delete from FD_CASE_PRIORITY_FACTOR where DEPARTMENT=#{item.department} and LINKCASEID =#{item.caseId}
		</foreach>
	</delete>
	<select id="queryPolCount" resultType="java.lang.Integer">
		select count(POL_NUM) from FD_PRIORITY_POL_DATA with(nolock) where POL_CASE_COUNT &gt; 0
	</select>
	<select id="queryPolDataInCase360" resultType="java.util.Map">
	SELECT pData.FSC_CODE as FSC_CODE,pData.POL_NUM as POLNUM, pData.PAYMENT_MOD as POM,pData.PAYMENT_MOD as MOP,
		 pData.ANP as ANP, pData.SRC_OF_BUSINESS as BUS_SOURCE, CITI_TM as CITI, CWA, MDRT, PANEL_DOCTOR  
	FROM FD_PRIORITY_POL_DATA pData with(nolock) where pData.POL_CASE_COUNT &gt; 0 and (isnull(pData.FSC_CODE, '') = '' or isnull(pData.SRC_OF_BUSINESS, '') = '')
 	</select>
 	<select id="queryChangedCasePolNum" resultType="String">
 	   select distinct l.POL_NUM from cf_work c with(nolock) join pi_work p with(nolock) on c.CASEFOLDERID = p.LINKCASEID 
   join fd_wcf_link l on c.CASEFOLDERID = l.linkcaseid 
   where (p.wfstate = 200 or p.wfstate = 210) and c.IS_CHANGED = 1 and isnull(p.PROCESSOR, '') = ''
   </select>
 	<!--  query source of busin -->
 	<select id="queryBusinessSourceFromAMS" resultType="java.util.Map">
<!-- 		SELECT case agency_channel -->
<!-- 				    when 'STA' then 'Agency' -->
<!-- 				    when 'DUM' then 'Agency' -->
<!-- 				    when 'AGY' then 'Agency' -->
<!-- 				    when 'GRP' then 'Agency' -->
<!-- 				    when 'BAC' then 'PD' -->
<!-- 				    when 'AFA' then 'Agency' -->
<!-- 				    when 'BRO' then 'PD' -->
<!-- 				    when 'OTH' then 'Agency' -->
<!-- 				    when 'PCM' then 'Agency' -->
<!-- 				    when 'PFS' then 'Agency' -->
<!-- 				    else agency_channel  -->
<!-- 			   end as BUS_SOURCE,s_agency_code as FSC_CODE from db_agent..agency -->
<!-- 		 where 1=1  -->
			select        
                    LTRIM(RTRIM(c.s_agent_code)) as FSC_CODE ,
           			 case LTRIM(RTRIM(a.agency_channel))
                                     when 'STA' then 'Agency'
                                     when 'DUM' then 'Agency'
                                     when 'AGY' then 'Agency'
                                     when 'GRP' then 'Agency'
                                     when 'BAC' then 'PD'
                                     when 'AFA' then 'Agency'
                                     when 'BRO' then 'PD'
                                     when 'OTH' then 'Agency'
                                     when 'PCM' then 'Agency'
                                     when 'PFS' then 'Agency'
                                     else LTRIM(RTRIM(a.agency_channel)) 
                    end as BUS_SOURCE
                  from     
                    db_agent..agency a,db_agent..agent_particulars c       
                  where c.s_agency_code = a.s_agency_code     
		 <foreach close=")" collection="list" item="item" open=" and LTRIM(RTRIM(c.s_agent_code)) in ("
			separator=",">
			#{item}
		</foreach>
 	</select> 
 	 <select id="queryBRUBusinessSourceFromAMS" resultType="java.util.Map">
		select        
             LTRIM(RTRIM(c.s_agent_code)) as FSC_CODE ,
             case LTRIM(RTRIM(a.agency_channel))
		                      when 'STA' then 'Agency'
		                      when 'DUM' then 'Agency'
		                      when 'AGY' then 'Agency'
		                      when 'GRP' then 'Agency'
		                      when 'BAC' then 'PD'
		                      when 'AFA' then 'Agency'
		                      when 'BRO' then 'PD'
		                      when 'OTH' then 'Agency'
		                      when 'PCM' then 'Agency'
		                      when 'PFS' then 'Agency'
		                      else LTRIM(RTRIM(a.agency_channel)) 
		     end as BUS_SOURCE
        from db_bru_agent..agency a,db_bru_agent..agent_particulars c       
        where c.s_agency_code = a.s_agency_code 
		 <foreach close=")" collection="list" item="item" open=" and LTRIM(RTRIM(c.s_agent_code)) in (" separator=",">
			#{item}
		</foreach>
 	</select>
 	<!-- query FSCCODE and payment method & ANP-->
 	<select id="queryFSCCODEFromIL" resultType="java.util.Map">
		select b.AGNTNUM as FSC_CODE,b.REPNUM as POLNUM,
			   case b.CHDRCOY 
		           when '4' then '014'
		           else '011' 
		       end as COMPANYCODE,
		      f.BILLCHNL as POM,f.BILLCHNL as MOP,f.SINSTAMT06 , f.BILLFREQ ,
		              ceiling(f.SINSTAMT06 * CASE f.BILLFREQ WHEN '00' THEN 0.1 ELSE f.BILLFREQ END) as ANP		
		from CHDRPF b join PAYRPF f on b.CHDRNUM=f.CHDRNUM and b.CHDRCOY=f.CHDRCOY 
		where f.VALIDFLAG = '1' and b.VALIDFLAG in ('1','3')  and b.REPNUM = #{polNum} 
<!-- 		 <foreach close=")" collection="list" item="item" open=" and b.REPNUM in (" -->
<!-- 			separator=","> -->
<!-- 			#{item} -->
<!-- 		</foreach> -->
 	</select>
 	<select id="queryFSCCODEFromODS" parameterType="java.util.Map" statementType="CALLABLE">
		{call ${ODSSchema}.SP_DS_C360_QUERYFSCANDBILLINGINFO(
            #{policyNoList,mode=IN},
            #{companyNo,mode=IN},
            #{result,mode=OUT, jdbcType=CURSOR,javaType=ResultSet,resultMap=cursorMap}
        )}
 	</select>
 	<update id="updatePolData">
		<foreach close="" collection="list" index="index" item="item"
			open="" separator=";">
			update FD_PRIORITY_POL_DATA set 
				FSC_CODE=#{item.FSC_CODE},
				PAYMENT_MOD=#{item.POM},
				ANNUALLIZED_PREMIUM=#{item.ANP},
				SRC_OF_BUSINESS=#{item.BUS_SOURCE},
				CITI_TM=#{item.CITI}, 
				CWA=#{item.CWA}, 
				MDRT=#{item.MDRT}, 
				PANEL_DOCTOR=#{item.PANEL_DOCTOR}  
			where POL_NUM = #{item.POLNUM}
		</foreach>
	</update>
	<!-- query cases info-->
	 <select id="queryChangedCaseInfo" resultType="java.util.Map">
	 create table #casepoldata(linkcaseid decimal, CWA int, ANP decimal(18,2), PAYMENT_FRENQUENCY decimal(18,1), TSAR decimal(18,2), MDRT int, 
	 SRC_OF_BUSINESS VARCHAR(200), MEDICAL_CODE VARCHAR(200), PAYMENT_MOD VARCHAR(200));
	 insert into #casepoldata 
	 select distinct link.linkcaseid, max(pdata.CWA) as CWA,max(pdata.ANP) as ANP,max(pdata.PAYMENT_FRENQUENCY) as PAYMENT_FRENQUENCY,
		max(pdata.TSAR) as TSAR,max(pdata.MDRT) as MDRT,max(pdata.SRC_OF_BUSINESS) as SRC_OF_BUSINESS,
		max(pdata.MEDICAL_CODE) as MEDICAL_CODE,max(pdata.PAYMENT_MOD) as PAYMENT_MOD
		from fd_wcf_link link with(nolock) 
		left join fd_priority_pol_data pdata with(nolock) on link.pol_num = pdata.pol_num
		left join pi_work p with(nolock) on link.LINKCASEID = p.LINKCASEID
		where isnull(link.is_deleted, 0) = 0 and isnull(pdata.is_deleted, 0) = 0 
		and (p.wfstate=200 or p.wfstate=210) and isnull(p.processor, '') = '' and isnull(p.is_pending, 0)=0
		group by link.linkcaseid
		select distinct 
			cf.CASEFOLDERID,cf.IS_STOPCLOCK,cf.REJECTGETJOB,
			isnull(cf.IS_URGENT,0) as IS_URGENT,cf.REQ_TYPE,
			cf.SLA_ACT_DUE_DT,cf.SLA_DUE_DT,cf.SOURCE_SYSTEM as SUBMIT_CHANNEL,
			cf.CREATE_TIMESTAMP,pdata.CWA,pdata.PAYMENT_FRENQUENCY,pData.PAYMENT_MOD as POM,pData.PAYMENT_MOD as MOP,
			pdata.TSAR,pdata.MDRT,pdata.SRC_OF_BUSINESS as BUS_SOURCE,pdata.MEDICAL_CODE,
			pdata.ANP,
			CASE 
			    WHEN DATEDIFF(day, cf.SLA_DUE_DT, getdate()) &lt; isnull(FR.TRAFFIC_LIGHT_VALUE1,0) THEN 0 
			    WHEN DATEDIFF(day, cf.SLA_DUE_DT, getdate()) between isnull(FR.TRAFFIC_LIGHT_VALUE1,0) and isnull(FR.TRAFFIC_LIGHT_VALUE2,0) THEN 2 
			ELSE 1 END AS SLASTATUS
        from 
        cf_work cf with(nolock) join pi_work pi with(nolock) on cf.CASEFOLDERID=pi.LINKCASEID
              LEFT JOIN FD_REQTYPE FR with(nolock) ON cf.REQ_TYPE=FR.REQ_TYPE
              LEFT JOIN #casepoldata pData with(nolock) ON pData.LINKCASEID = cf.CASEFOLDERID
        where (pi.wfstate=200 or pi.wfstate=210) and isnull(pi.processor, '') = '' and isnull(pi.is_pending, 0)=0
		and isnull(cf.IS_CHANGED, 0) = 1
 	</select> 
 	<!-- query cases policy info -->
	 <select id="queryCasePolicyInfo" resultType="java.util.Map">
		SELECT distinct pData.FSC_CODE,pData.POL_NUM as POLNUM, pData.PAYMENT_MOD as POM,pData.PAYMENT_MOD as MOP,
	 pData.ANP as ANP, pData.SRC_OF_BUSINESS as BUS_SOURCE, CITI_TM as CITI, CWA, MDRT, PANEL_DOCTOR, link.LINKCASEID  
	FROM FD_PRIORITY_POL_DATA pData with(nolock)
	       join FD_WCF_LINK link with(nolock) on pData.POL_NUM = link.pol_num
	where 1=1
		 <foreach close=")" collection="list" item="item" open=" and link.LINKCASEID in ("
			separator=",">
			#{item}
		</foreach>
		order by link.LINKCASEID
 	</select>
 	
 	<select id="queryCasePolicy" resultType="java.util.Map">
		SELECT link.POL_NUM as POLNUM, link.LINKCASEID  
	FROM FD_WCF_LINK link with(nolock)
	where 1=1
		 <foreach close=")" collection="list" item="item" open=" and link.LINKCASEID in ("
			separator=",">
			#{item}
		</foreach>
		order by link.LINKCASEID
 	</select>
 	
 	<select id="queryCaseRepositoryKey" resultType="java.util.Map">
		SELECT (CAST(WF.REPOSITORYID AS VARCHAR) + '.'+CAST(PI.WORKFLOWID as varchar)+'.'
		+CAST(PI.WFWORKITEMID as varchar)+'.'
		+CAST(PI.WFROUTINGTICKETID as varchar)) AS REPOSITORY_KEY,
		PI.LINKCASEID 
		FROM PI_WORK PI WITH(NOLOCK) 
		JOIN SONORAWORKFLOWS WF WITH(NOLOCK) ON WF.NAME = 'main_biz' AND WF.WORKFLOWVERSION = 1
		WHERE (pi.wfstate=200 or pi.wfstate=210)
		 <foreach close=")" collection="list" item="item" open=" and PI.LINKCASEID in ("
			separator=",">
			#{item}
		</foreach>
		order by PI.LINKCASEID
 	</select>
 	
 	<select id="queryCaseRepositoryKeyAndCounterSignLock" resultType="java.util.Map">
		SELECT (CAST(WF.REPOSITORYID AS VARCHAR) + '.'+CAST(PI.WORKFLOWID as varchar)+'.'
		+CAST(PI.WFWORKITEMID as varchar)+'.'
		+CAST(PI.WFROUTINGTICKETID as varchar)) AS REPOSITORY_KEY,
		PI.LINKCASEID, PI.COUNTER_SIGN_ID, PI.IS_COUNTER_SIGN_LOCKED 
		FROM PI_WORK PI WITH(NOLOCK) 
		JOIN SONORAWORKFLOWS WF WITH(NOLOCK) ON WF.NAME = 'main_biz' AND WF.WORKFLOWVERSION = 1
		WHERE (pi.wfstate=200 or pi.wfstate=210)
		 <foreach close=")" collection="list" item="item" open=" and PI.LINKCASEID in ("
			separator=",">
			#{item}
		</foreach>
		order by link.LINKCASEID
 	</select>
 	
 	<update id="updateCaseChangedStatus">
 		update cf_work set is_changed = #{changeStatus} where 1=1 
 		<foreach close=")" collection="caseIdList" item="item" open=" and casefolderid in ("
			separator=",">
			#{item}
		</foreach>
 	</update>
 	
 	<select id="queryCurCapacity" resultType="java.util.Map">
 		SELECT 
 			CAPACITY,OT_CAPACITY, UAM_USER_ID 
 		FROM 
 			FD_DAILY_CAPACITY with(nolock)
 		where 
 			UAM_USER_ID = #{userId} AND 
 			CONVERT(varchar, CREATE_DT, 23) =CONVERT(varchar, getDate(), 23) AND 
 			isnull(IS_DELETED, 0) = 0
 	</select>
 	
 	<select id="queryUserCapacity" resultType="java.util.Map">
 		select 
 			CAPACITY,OT_CAPACITY 
 		from 
 			FD_UAM_USERSKILLSET_REF with(nolock)
 		where 
 			UAM_USER_ID = #{userId} AND 
 			isnull(IS_DELETED, 0) = 0
 	</select>
 	
 	<update id="deleteCurCapacity">
 		update 
 			FD_DAILY_CAPACITY 
 		set 
 			IS_DELETED = 1,
 			UPDATE_BY = #{userId},
 			UPDATE_DT = getDate() 
 		where 
 			UAM_USER_ID = #{userId} AND 
 			isnull(IS_DELETED, 0) = 0 AND
 			CONVERT(varchar, CREATE_DT, 23) =CONVERT(varchar, getDate(), 23) 
 	</update>
 	
 	<insert id="addCurCapacity">
 		insert into 
 			FD_DAILY_CAPACITY (
 				UAM_USER_ID,
 				CAPACITY,
 				OT_CAPACITY,
 				CREATE_BY,
 				CREATE_DT) 
 		values(
 				#{userId},
 				#{capacity},
 				#{oTCapacity},
 				#{userId},
 				getDate()
 		)
 	</insert>
 	
 	<select id="queryBatchSubmissionWork" resultType="java.util.Map">
 		SELECT CW.REQUEST_NUM,
			PW.WORKSTEP_LABEL,
			CW.CASEFOLDERID,
			CW.SLA_DUE_DT,
			PW.ACT_SIGNAL,
			CW.COMPANY_NO,
			CW.DEPARTMENT,
			PW.PROCESSOR,
			CW.REQ_TYPE,
			CW.RECEIVE_DT,
			CW.SLA_DUE_DT,
			CW.ALIAS_NM,
			CW.CREATE_BY as CASE_CREATOR,
			uu.DEPARTMENT as CREATOR_DEPT,
			[POLICYLIST] = STUFF((
					SELECT DISTINCT ',' + RTRIM(LTRIM(FWL.POL_NUM))
					FROM FD_WCF_LINK FWL
					WHERE CW.CASEFOLDERID = FWL.LINKCASEID
						AND ISNULL(IS_DELETED, 0) = 0
					FOR XML PATH('')
					), 1, 1, '')
		FROM CF_WORK CW with(nolock)
		JOIN PI_WORK PW with(nolock)
			ON CW.CASEFOLDERID = PW.LINKCASEID
		JOIN FD_ACT_INFO ACT with(nolock)
			ON CW.REQ_TYPE = ACT.REQ_TYPE
				AND PW.WFWORKSTEPNAME = ACT.WORKSTEPNAME
				AND ISNULL(ACT.BATCH_SUBMISSION, 0) = 1
				AND ISNULL(ACT.IS_ENABLED, 0) = 1
		LEFT JOIN FD_UAM_USERS uu with(nolock) on CW.CREATE_BY = uu.UAM_USER_ID
		WHERE PW.WFSTATE IN (200,210)
			AND PW.PROCESSOR = #{userId} 
			AND ISNULL(PW.IS_REFER, 0) != 1
			AND ISNULL(PW.IS_PENDING, 0) != 1
 	</select>
 	<select id="queryUserWorkLoad" resultType="java.util.Map">
 		exec SP_GetWorkLoad #{userId}
 	</select>
 	<select id="queryCaseOwner" resultType="java.lang.String">
 		select top 1 processor from pi_work with(nolock) where linkcaseid = #{caseId} and (wfstate = 200 or wfstate = 210)
 	</select>
 	
 	<select id="queryCasesPolicy" resultType="java.util.Map">
 		if object_id(N'tempdb..#tcasepoltb',N'U') is not null
			truncate table #tcasepoltb
		else 
			create table #tcasepoltb(LINKCASEID decimal(18, 0) NULL)
 		<foreach close="" collection="list" index="index" item="item"
			open="" separator=";">
			insert into #tcasepoltb(LINKCASEID) values(#{item})
		</foreach>
		select distinct 
			link.POL_NUM,link.LINKCASEID 
		FROM #tcasepoltb tc with(nolock) 
			left join FD_WCF_LINK link with(nolock) on tc.LINKCASEID = link.LINKCASEID
		where 
			isnull(link.is_deleted, 0) = 0 order by link.LINKCASEID
 	</select>
 	<select id="queryCasesInsuredOwner" resultType="java.util.Map">
 		if object_id(N'tempdb..#tcaseiotb',N'U') is not null
			truncate table #tcaseiotb
		else 
			create table #tcaseiotb(LINKCASEID decimal(18, 0) NULL)
 		<foreach close="" collection="list" index="index" item="item"
			open="" separator=";">
			insert into #tcaseiotb(LINKCASEID) values(#{item})
		</foreach>
		select distinct 
			tc.LINKCASEID,client.HASHSTR,client.POL_ROLE 
		from #tcaseiotb tc with(nolock)
			left join FD_WCF_CLIENT client with(nolock) on client.LINKCASEID = tc.LINKCASEID
		where isnull(client.is_deleted, 0) = 0 and client.HASHSTR is not null
 	</select>
 	<select id="queryUserAgencyLocation" resultType="java.util.Map">
 		select AGENCY_LOCATION, UAM_USER_ID from FD_UAM_USERSKILLSET_REF with(nolock) 
 		where isnull(AGENCY_LOCATION, '') != '' AND isnull(is_deleted, 0) = 0
 		<if test="userId!=null and ''.toString() != userId" > 
 		and UAM_USER_ID = #{userId}
 		</if>
 	</select>
 	<select id="queryReqTypeTSARInfo" resultType="java.util.Map">
 		select PREMIUM_TYPE,RISKTYPE,SARGROUP,VALUE_TYPE from FD_REQTYPE where REQ_TYPE = #{reqType}
 	</select>
 	<select id="calculatePoolCounts" resultType="java.util.Map">
 		EXEC sp_calculate_pool_counts #{userId}, #{teamId}
 	</select>
 	<update id="updatePolBusinessSrc" parameterType="java.util.List">
		<foreach close="" collection="list" index="index" item="item" open="" separator=";">
			BEGIN
			declare @cpn int;
			select @cpn = count(1) from fd_priority_pol_data with(nolock) where POL_NUM = #{item.POLNUM} and isnull(COMPANYNO, '011') = #{item.COMPANYCODE}; 
			IF @cpn > 0
				BEGIN
					update fd_priority_pol_data set FSC_CODE = #{item.FSC_CODE}, SRC_OF_BUSINESS=#{item.BUS_SOURCE} where POL_NUM = #{item.POLNUM} and isnull(COMPANYNO, '011') = #{item.COMPANYCODE};
				END
			ELSE 
				BEGIN
					INSERT INTO fd_priority_pol_data(POL_NUM, FSC_CODE, SRC_OF_BUSINESS, COMPANYNO, POL_CASE_COUNT) VALUES(#{item.POLNUM}, #{item.FSC_CODE}, #{item.BUS_SOURCE}, #{item.COMPANYCODE}, 0);
				END
			END
		</foreach>
	</update>
	<select id="getCaseProcess" resultType="java.util.Map">
 		select linkcaseid from pi_work with(nolock) where linkcaseid = #{caseID}
 	</select>
<!--  	 for defect C360P-172  -->
	<update id="updateCaseOwner">
		update pi_work set PRE_PROCESSOR = #{userId} where linkcaseid = #{caseId} and (wfstate = 200 or wfstate = 210) and isnull(PRE_PROCESSOR, '') = '' and isnull(PROCESSOR, '') = ''
	</update>
	<select id="getCasePreProcessor" resultType = "String">
		select top 1 isnull(PRE_PROCESSOR, '') from pi_work with(nolock) where linkcaseid = #{caseId} and (wfstate = 200 or wfstate = 210)
	</select>
	
	<update id="updateCaseClaimNo">
		exec SP_updateCaseClaimNo #{caseId}, #{claimNo}
	</update>
</mapper>
